pmid|annotator|start_idx|end_idx|location|text_span|label
35654142|expert_3|74|120|title|human microbiome-associated functional amyloids|chemical
35654142|expert_3|4|17|abstract|gut microbiome|microbiome
35654142|expert_3|82|100|abstract|Parkinson's disease|DDF
35654142|expert_3|103|104|abstract|PD|DDF
35654142|expert_3|112|151|abstract|Escherichia coli functional amyloid CsgA|gene
35654142|expert_3|220|230|abstract|PD symptoms|DDF
35654142|expert_3|235|238|abstract|mice|animal
35654142|expert_3|359|362|abstract|CsgA|gene
35654142|expert_3|506|518|abstract|CsgA homologs|gene
35654142|expert_3|555|570|abstract|human microbiome|microbiome
35654142|expert_3|579|591|abstract|CsgA homologs|gene
35654142|expert_3|876|902|abstract|gut bacterial CsgA homologs|gene
35654142|expert_3|1004|1007|abstract|CsgA|gene
35654142|expert_3|1228|1229|abstract|PD|DDF
32816830|expert_3|5|13|title|Fibre-fix|dietary supplement
32816830|expert_3|27|32|title|people|human
32816830|expert_3|39|62|title|irritable bowel syndrome|DDF
32816830|expert_3|126|139|title|gut microbiome|microbiome
32816830|expert_3|169|211|title|double-blinded, randomised controlled trial|statistical technique
32816830|expert_3|126|137|abstract|gut symptoms|DDF
32816830|expert_3|142|147|abstract|people|human
32816830|expert_3|154|177|abstract|irritable bowel syndrome|DDF
32816830|expert_3|180|182|abstract|IBS|DDF
32816830|expert_3|264|277|abstract|gut microbiota|microbiome
32816830|expert_3|316|326|abstract|large bowel|anatomical location
32816830|expert_3|364|386|abstract|short-chain fatty acids|chemical
32816830|expert_3|389|393|abstract|SCFAs|chemical
32816830|expert_3|405|412|abstract|butyrate|chemical
32816830|expert_3|530|538|abstract|Fibre-fix|dietary supplement
32816830|expert_3|603|616|abstract|gut microbiome|microbiome
32816830|expert_3|704|709|abstract|people|human
32816830|expert_3|716|718|abstract|IBS|DDF
32816830|expert_3|849|857|abstract|Fibre-fix|dietary supplement
32816830|expert_3|988|995|abstract|patients|human
32816830|expert_3|1002|1004|abstract|IBS|DDF
32816830|expert_3|1007|1018|abstract|Participants|human
32816830|expert_3|1297|1313|abstract|faecal microbiome|microbiome
32816830|expert_3|1342|1345|abstract|SCFA|chemical
32816830|expert_3|1431|1442|abstract|participants|human
32816830|expert_3|1466|1486|abstract|Multivariate analysis|statistical technique
32816830|expert_3|1516|1529|abstract|gut microbiome|microbiome
32816830|expert_3|1535|1580|abstract|repeated measures Analysis of variance (ANOVA)|statistical technique
32816830|expert_3|1650|1663|abstract|bowel symptoms|DDF
32816830|expert_3|2027|2038|abstract|Participants|human
32816830|expert_3|2116|2124|abstract|Fibre-fix|dietary supplement
32816830|expert_3|2170|2194|abstract|gut microbial composition|microbiome
30659564|expert_7|51|64|title|gut microbiota|microbiome
30659564|expert_7|70|90|title|psychiatric disorders|DDF
30659564|expert_7|155|168|abstract|gut microbiome|microbiome
30659564|expert_7|336|349|abstract|gut microbiota|microbiome
30659564|expert_7|355|370|abstract|mental disorders|DDF
30659564|expert_7|751|764|abstract|gut microbiome|microbiome
30659564|expert_7|789|795|abstract|obesity|DDF
30659564|expert_7|801|839|abstract|inflammatory gastrointestinal disorders|DDF
30659564|expert_7|918|931|abstract|gut microbiota|microbiome
30659564|expert_7|937|952|abstract|mental disorders|DDF
30659564|expert_7|978|987|abstract|depression|DDF
30659564|expert_7|993|1006|abstract|chronic stress|DDF
38283894|expert_5|21|28|title|children|human
38283894|expert_5|34|44|title|adolescents|human
38283894|expert_5|51|75|title|autism spectrum disorders|DDF
38283894|expert_5|81|96|title|healthy controls|human
38283894|expert_5|121|134|title|trace elements|chemical
38283894|expert_5|166|178|title|meta-analysis|statistical technique
38283894|expert_5|0|23|abstract|Autism spectrum disorder|DDF
38283894|expert_5|26|28|abstract|ASD|DDF
38283894|expert_5|135|137|abstract|ASD|DDF
38283894|expert_5|363|365|abstract|ASD|DDF
38283894|expert_5|412|425|abstract|trace elements|chemical
38283894|expert_5|459|466|abstract|children|human
38283894|expert_5|473|496|abstract|autism spectrum disorder|DDF
38283894|expert_5|499|501|abstract|ASD|DDF
38283894|expert_5|508|523|abstract|control subjects|human
38283894|expert_5|720|781|abstract|population, intervention, control, and outcome (PICO) approach|statistical technique
38283894|expert_5|804|827|abstract|autism spectrum disorder|DDF
38283894|expert_5|832|839|abstract|oxytocin|chemical
38283894|expert_5|844|847|abstract|GABA|chemical
38283894|expert_5|852|860|abstract|Serotonin|chemical
38283894|expert_5|865|867|abstract|CRP|chemical
38283894|expert_5|872|875|abstract|IL-6|chemical
38283894|expert_5|880|881|abstract|Fe|chemical
38283894|expert_5|886|887|abstract|Zn|chemical
38283894|expert_5|892|893|abstract|Cu|chemical
38283894|expert_5|902|915|abstract|gut microbiota|microbiome
38283894|expert_5|948|1005|abstract|Joanna Briggs Institute (JBI) critical appraisal checklist|statistical technique
38283894|expert_5|1053|1064|abstract|random model|statistical technique
38283894|expert_5|1141|1143|abstract|ASD|DDF
38283894|expert_5|1153|1165|abstract|control group|human
38283894|expert_5|1194|1207|abstract|trace elements|chemical
38283894|expert_5|1333|1345|abstract|meta-analysis|statistical technique
38283894|expert_5|1380|1387|abstract|children|human
38283894|expert_5|1394|1396|abstract|ASD|DDF
38283894|expert_5|1432|1439|abstract|oxytocin|chemical
38283894|expert_5|1522|1525|abstract|iron|chemical
38283894|expert_5|1570|1573|abstract|zinc|chemical
38283894|expert_5|1646|1660|abstract|Bifidobacterium|bacteria
38283894|expert_5|1711|1725|abstract|Parabacteroides|bacteria
38283894|expert_5|1787|1804|abstract|c-reactive protein|chemical
38283894|expert_5|1807|1809|abstract|CRP|chemical
38283894|expert_5|1851|1854|abstract|GABA|chemical
38283894|expert_5|1928|1938|abstract|Bacteroides|bacteria
38283894|expert_5|1986|1996|abstract|Clostridium|bacteria
38283894|expert_5|2135|2154|abstract|sensitivity analyses|statistical technique
38283894|expert_5|2235|2242|abstract|Children|human
38283894|expert_5|2249|2251|abstract|ASD|DDF
38283894|expert_5|2289|2291|abstract|CRP|chemical
38283894|expert_5|2297|2300|abstract|GABA|chemical
38283894|expert_5|2319|2326|abstract|oxytocin|chemical
38283894|expert_5|2329|2332|abstract|iron|chemical
38283894|expert_5|2339|2342|abstract|zinc|chemical
38283894|expert_5|2376|2390|abstract|Bifidobacterium|bacteria
38283894|expert_5|2403|2417|abstract|Parabacteroides|bacteria
38283894|expert_5|2460|2475|abstract|Faecalibacterium|bacteria
38283894|expert_5|2485|2495|abstract|Bacteroides|bacteria
38283894|expert_5|2509|2519|abstract|Clostridium|bacteria
38283894|expert_5|2544|2551|abstract|controls|human
38283894|expert_5|2689|2691|abstract|ASD|DDF
38283894|expert_5|2707|2759|abstract|large, sample-based, and randomized controlled trials|statistical technique
36072680|expert_6|44|57|title|Gut Microbiome|microbiome
36072680|expert_6|89|112|title|Irritable Bowel Syndrome|DDF
36072680|expert_6|0|23|abstract|Irritable bowel syndrome|DDF
36072680|expert_6|26|28|abstract|IBS|DDF
36072680|expert_6|36|71|abstract|functional gastrointestinal disorder|DDF
36072680|expert_6|84|110|abstract|chronic debilitating issues|DDF
36072680|expert_6|261|274|abstract|gut microbiota|microbiome
36072680|expert_6|360|374|abstract|gastroenteritis|DDF
36072680|expert_6|377|382|abstract|stress|DDF
36072680|expert_6|535|537|abstract|IBS|DDF
36072680|expert_6|621|634|abstract|gut microbiome|microbiome
36072680|expert_6|657|659|abstract|IBS|DDF
36072680|expert_6|746|773|abstract|fermentable oligosaccharides|chemical
36072680|expert_6|776|788|abstract|disaccharides|chemical
36072680|expert_6|791|805|abstract|monosaccharides|chemical
36072680|expert_6|812|818|abstract|polyols|chemical
36072680|expert_6|905|912|abstract|psyllium|dietary supplement
36072680|expert_6|915|928|abstract|peppermint oil|dietary supplement
36072680|expert_6|936|967|abstract|probiotics/prebiotics/synbiotics|dietary supplement
36072680|expert_6|1111|1118|abstract|patients|human
36072680|expert_6|1125|1127|abstract|IBS|DDF
36072680|expert_6|1198|1200|abstract|IBS|DDF
37127945|expert_4|53|68|title|bipolar disorder|DDF
37127945|expert_4|99|112|title|gut microbiota|microbiome
37127945|expert_4|0|15|abstract|Bipolar disorder|DDF
37127945|expert_4|18|19|abstract|BD|DDF
37127945|expert_4|27|39|abstract|mood disorder|DDF
37127945|expert_4|92|109|abstract|diagnosed patients|human
37127945|expert_4|233|234|abstract|BD|DDF
37127945|expert_4|308|322|abstract|gut microbiotas|microbiome
37127945|expert_4|327|328|abstract|BD|DDF
37127945|expert_4|434|447|abstract|gut microbiota|microbiome
37127945|expert_4|469|470|abstract|BD|DDF
37127945|expert_4|676|686|abstract|BD patients|human
37127945|expert_4|772|787|abstract|bipolar patients|human
37127945|expert_4|801|816|abstract|healthy controls|human
37127945|expert_4|884|896|abstract|Lactobacillus|bacteria
37127945|expert_4|899|914|abstract|Faecalibacterium|bacteria
37127945|expert_4|921|932|abstract|Ruminococcus|bacteria
37127945|expert_4|947|948|abstract|BD|DDF
37127945|expert_4|962|969|abstract|controls|human
37127945|expert_4|1089|1113|abstract|Probiotic supplementation|dietary supplement
37127945|expert_4|1187|1205|abstract|depressive symptoms|DDF
37127945|expert_4|1211|1231|abstract|cognitive impairments|DDF
37127945|expert_4|1239|1246|abstract|patients|human
37127945|expert_4|1253|1254|abstract|BD|DDF
37127945|expert_4|1335|1336|abstract|BD|DDF
37127945|expert_4|1346|1359|abstract|gut microbiota|microbiome
37127945|expert_4|1362|1382|abstract|Probiotic supplements|dietary supplement
37127945|expert_4|1483|1484|abstract|BD|DDF
37127945|expert_4|1659|1666|abstract|patients|human
37127945|expert_4|1673|1674|abstract|BD|DDF
37127945|expert_4|1875|1876|abstract|BD|DDF
36411639|expert_4|16|29|title|gut microbiome|microbiome
36411639|expert_4|34|59|title|neurodegenerative diseases|DDF
36411639|expert_4|65|86|title|metagenomic approaches|biomedical technique
36411639|expert_4|112|123|title|gut microbes|microbiome
36411639|expert_4|114|125|abstract|Gut microbes|bacteria
36411639|expert_4|150|174|abstract|gastrointestinal diseases|DDF
36411639|expert_4|181|207|abstract|ulcer stomach and intestine|DDF
36411639|expert_4|213|236|abstract|irritable bowel syndrome|DDF
36411639|expert_4|263|271|abstract|human gut|anatomical location
36411639|expert_4|317|339|abstract|neuroactive metabolites|chemical
36411639|expert_4|349|365|abstract|neurotransmitters|chemical
36411639|expert_4|368|375|abstract|hormones|chemical
36411639|expert_4|399|431|abstract|Gut microbial-derived metabolites|chemical
36411639|expert_4|464|484|abstract|neurological diseases|DDF
36411639|expert_4|494|512|abstract|Alzheimer's disease|DDF
36411639|expert_4|515|533|abstract|Parkinson's disease|DDF
36411639|expert_4|573|584|abstract|gut microbes|bacteria
36411639|expert_4|708|710|abstract|gut|anatomical location
36411639|expert_4|716|720|abstract|brain|anatomical location
36411639|expert_4|746|756|abstract|vagus nerve|anatomical location
36411639|expert_4|820|845|abstract|gut microbiota composition|microbiome
36411639|expert_4|922|933|abstract|Metagenomics|biomedical technique
36411639|expert_4|1001|1012|abstract|gut microbes|bacteria
36411639|expert_4|1018|1046|abstract|microbial-derived metabolites|chemical
36411639|expert_4|1127|1138|abstract|gut microbes|bacteria
36411639|expert_4|1143|1168|abstract|neurodegenerative diseases|DDF
36411639|expert_4|1201|1228|abstract|major metagenomic approaches|biomedical technique
32545788|expert_6|21|38|title|NLRP3 Inflammasome|chemical
32545788|expert_6|0|11|abstract|Inflammation|DDF
32545788|expert_6|92|101|abstract|dead cells|chemical
32545788|expert_6|104|112|abstract|irritants|chemical
32545788|expert_6|117|125|abstract|pathogens|chemical
32545788|expert_6|313|321|abstract|caspase-1|gene
32545788|expert_6|399|420|abstract|inflammatory disorders|DDF
32545788|expert_6|427|444|abstract|NLRP3 inflammasome|chemical
32545788|expert_6|502|506|abstract|NLRP3|gene
32545788|expert_6|533|550|abstract|nucleotide-binding|chemical
32545788|expert_6|556|592|abstract|oligomerization domain-like receptors|chemical
32545788|expert_6|595|598|abstract|NLRs|chemical
32545788|expert_6|688|705|abstract|NLRP3 inflammasome|chemical
32545788|expert_6|943|963|abstract|metabolic pathologies|DDF
32545788|expert_6|966|972|abstract|obesity|DDF
32545788|expert_6|975|989|abstract|type 2 diabetes|DDF
32545788|expert_6|992|1006|abstract|atherosclerosis|DDF
32545788|expert_6|1010|1032|abstract|cardiovascular diseases|DDF
32545788|expert_6|1035|1073|abstract|ischemic and non-ischemic heart disease|DDF
32545788|expert_6|1077|1095|abstract|inflammatory issues|DDF
32545788|expert_6|1098|1111|abstract|liver diseases|DDF
32545788|expert_6|1114|1140|abstract|inflammatory bowel diseases|DDF
32545788|expert_6|1143|1156|abstract|gut microbiome|microbiome
32545788|expert_6|1159|1178|abstract|rheumatoid arthritis|DDF
32545788|expert_6|1185|1204|abstract|neurologic disorders|DDF
32545788|expert_6|1207|1225|abstract|Parkinson's disease|DDF
32545788|expert_6|1228|1246|abstract|Alzheimer's disease|DDF
32545788|expert_6|1249|1266|abstract|multiple sclerosis|DDF
32545788|expert_6|1269|1297|abstract|amyotrophic lateral sclerosis|DDF
32545788|expert_6|1309|1330|abstract|neurological disorders|DDF
32545788|expert_6|1620|1627|abstract|patients|human
33664475|expert_2|0|37|title|Sialylated human milk oligosaccharides|dietary supplement
33664475|expert_2|0|9|abstract|Breastmilk|food
33664475|expert_2|93|130|abstract|sialylated human milk oligosaccharides|dietary supplement
33664475|expert_2|133|136|abstract|HMOs|dietary supplement
33664475|expert_2|354|367|abstract|sialylated HMO|dietary supplement
33664475|expert_2|372|375|abstract|mice|animal
33664475|expert_2|511|533|abstract|sialyl(alpha2,6)lactose|chemical
33664475|expert_2|536|539|abstract|6'SL|chemical
33664475|expert_2|569|579|abstract|sialic acid|chemical
33664475|expert_2|582|587|abstract|Neu5Ac|chemical
33664475|expert_2|597|615|abstract|lactating offspring|animal
33664475|expert_2|618|623|abstract|Neu5Ac|chemical
33664475|expert_2|707|725|abstract|lactating offspring|animal
33664475|expert_2|730|733|abstract|6'SL|chemical
33664475|expert_2|754|780|abstract|newborn wild-type (WT) pups|animal
33664475|expert_2|785|791|abstract|KO dams|animal
33664475|expert_2|808|826|abstract|6'SL-deficient milk|food
33664475|expert_2|1057|1075|abstract|plasma metabolomics|biomedical technique
33664475|expert_2|1287|1297|abstract|hippocampus|anatomical location
33664475|expert_2|1303|1319|abstract|prefrontal cortex|anatomical location
33664475|expert_2|1322|1324|abstract|PFC|anatomical location
33664475|expert_2|1340|1351|abstract|control mice|animal
33664475|expert_2|1354|1365|abstract|WT offspring|animal
33664475|expert_2|1379|1382|abstract|6'SL|chemical
33664475|expert_2|1574|1587|abstract|gut microbiota|microbiome
33664475|expert_2|1593|1611|abstract|plasma metabolomics|biomedical technique
33664475|expert_2|1786|1789|abstract|6'SL|chemical
33664475|expert_2|1794|1806|abstract|maternal milk|food
33664475|expert_2|1919|1921|abstract|PFC|anatomical location
30072879|expert_2|99|147|title|Wild-Type and mGlu8 Knockout Female and Male Mice|animal
30072879|expert_2|0|16|abstract|Motor dysfunction|DDF
30072879|expert_2|35|53|abstract|Parkinson's disease|DDF
30072879|expert_2|56|57|abstract|PD|DDF
30072879|expert_2|97|124|abstract|gastrointestinal dysfunction|DDF
30072879|expert_2|182|195|abstract|gut microbiome|microbiome
30072879|expert_2|241|255|abstract|PD pathogenesis|DDF
30072879|expert_2|361|372|abstract|PD pathology|DDF
30072879|expert_2|375|406|abstract|Metabotropic glutamate receptors|chemical
30072879|expert_2|409|412|abstract|mGlu|chemical
30072879|expert_2|428|454|abstract|G protein-coupled receptors|chemical
30072879|expert_2|493|516|abstract|group III mGlu receptors|chemical
30072879|expert_2|599|601|abstract|CNS|anatomical location
30072879|expert_2|621|623|abstract|gut|anatomical location
30072879|expert_2|644|657|abstract|gut microbiome|microbiome
30072879|expert_2|684|686|abstract|CNS|anatomical location
30072879|expert_2|752|784|abstract|metabotropic glutamate receptor 8|chemical
30072879|expert_2|787|791|abstract|mGlu8|chemical
30072879|expert_2|795|808|abstract|group III mGlu|chemical
30072879|expert_2|852|895|abstract|1-methyl-4-phenyl-1,2,3,6-tetrahydropyridine|chemical
30072879|expert_2|898|901|abstract|MPTP|chemical
30072879|expert_2|948|967|abstract|female and male mice|animal
30072879|expert_2|1034|1062|abstract|striatal tyrosine hydroxylase|gene
30072879|expert_2|1065|1066|abstract|TH|gene
30072879|expert_2|1084|1097|abstract|gut microbiome|microbiome
30072879|expert_2|1148|1206|abstract|female and male wild-type (WT) and mGlu8 knockout (KO) mice|animal
30072879|expert_2|1227|1230|abstract|MPTP|chemical
30072879|expert_2|1281|1284|abstract|MPTP|chemical
30072879|expert_2|1305|1306|abstract|WT|animal
30072879|expert_2|1317|1318|abstract|KO|animal
30072879|expert_2|1367|1373|abstract|WT mice|animal
30072879|expert_2|1376|1379|abstract|MPTP|chemical
30072879|expert_2|1415|1419|abstract|males|animal
30072879|expert_2|1440|1446|abstract|females|animal
30072879|expert_2|1458|1461|abstract|MPTP|chemical
30072879|expert_2|1492|1493|abstract|WT|animal
30072879|expert_2|1504|1505|abstract|KO|animal
30072879|expert_2|1519|1522|abstract|MPTP|chemical
30072879|expert_2|1554|1567|abstract|WT and KO mice|animal
30072879|expert_2|1611|1615|abstract|males|animal
30072879|expert_2|1676|1689|abstract|gut microbiome|microbiome
30072879|expert_2|2044|2057|abstract|gut microbiome|microbiome
30072879|expert_2|2159|2172|abstract|gut microbiome|microbiome
30072879|expert_2|2199|2203|abstract|mGlu8|chemical
30072879|expert_2|2239|2240|abstract|PD|DDF
32572814|expert_4|0|7|title|Butyrate|chemical
32572814|expert_4|26|52|title|Salsolinol-Induced Toxicity|DDF
32572814|expert_4|88|106|title|Parkinson's Disease|DDF
32572814|expert_4|0|18|abstract|Parkinson's disease|DDF
32572814|expert_4|21|22|abstract|PD|DDF
32572814|expert_4|28|65|abstract|progressive neurodegenerative disorder|DDF
32572814|expert_4|130|145|abstract|substantia nigra|anatomical location
32572814|expert_4|148|149|abstract|SN|anatomical location
32572814|expert_4|188|200|abstract|basal ganglia|anatomical location
32572814|expert_4|220|221|abstract|PD|DDF
32572814|expert_4|333|346|abstract|gut microbiome|microbiome
32572814|expert_4|406|407|abstract|PD|DDF
32572814|expert_4|487|506|abstract|histone deacetylases|chemical
32572814|expert_4|509|513|abstract|HDACs|chemical
32572814|expert_4|568|575|abstract|Butyrate|chemical
32572814|expert_4|580|601|abstract|short-chain fatty acid|chemical
32572814|expert_4|604|605|abstract|FA|chemical
32572814|expert_4|624|626|abstract|gut|anatomical location
32572814|expert_4|662|688|abstract|G protein-coupled receptors|chemical
32572814|expert_4|691|695|abstract|GPCRs|chemical
32572814|expert_4|708|720|abstract|FA3 receptors|chemical
32572814|expert_4|723|727|abstract|FA3Rs|chemical
32572814|expert_4|747|750|abstract|HDAC|chemical
32572814|expert_4|933|958|abstract|neurodegenerative diseases|DDF
32572814|expert_4|968|969|abstract|PD|DDF
32572814|expert_4|1036|1043|abstract|butyrate|chemical
32572814|expert_4|1081|1114|abstract|salsolionl (SALS)-induced toxicity|DDF
32572814|expert_4|1134|1137|abstract|SALS|chemical
32572814|expert_4|1389|1392|abstract|SALS|chemical
32572814|expert_4|1485|1492|abstract|butyrate|chemical
32572814|expert_4|1510|1517|abstract|butyrate|chemical
32572814|expert_4|1560|1580|abstract|beta-hydroxy butyrate|drug
32572814|expert_4|1583|1585|abstract|BHB|drug
32572814|expert_4|1601|1604|abstract|FA3R|chemical
32572814|expert_4|1640|1643|abstract|FA3R|chemical
32572814|expert_4|1654|1662|abstract|AR 420626|drug
32572814|expert_4|1706|1709|abstract|SALS|chemical
32572814|expert_4|1741|1743|abstract|BHB|drug
32572814|expert_4|1790|1797|abstract|butyrate|chemical
32572814|expert_4|1816|1819|abstract|FA3R|chemical
32572814|expert_4|1856|1857|abstract|PD|DDF
30828318|expert_5|95|116|abstract|probiotic applications|dietary supplement
30828318|expert_5|125|127|abstract|gut|anatomical location
30828318|expert_5|140|146|abstract|anxiety|DDF
30828318|expert_5|152|161|abstract|depression|DDF
30828318|expert_5|171|181|abstract|vagus nerve|anatomical location
30828318|expert_5|282|292|abstract|vagus nerve|anatomical location
30828318|expert_5|495|508|abstract|gut microbiota|microbiome
30828318|expert_5|616|642|abstract|agile, fit hunter gatherers|human
30828318|expert_5|648|663|abstract|obese westerners|human
30828318|expert_5|668|672|abstract|Danes|human
30828318|expert_5|691|705|abstract|happiest people|human
30828318|expert_5|741|764|abstract|environmental pollutants|chemical
30828318|expert_5|1017|1030|abstract|gut microbiota|microbiome
30828318|expert_5|1036|1040|abstract|brain|anatomical location
31148353|expert_5|12|16|title|brain|anatomical location
31148353|expert_5|21|32|title|inflammation|DDF
31148353|expert_5|49|62|title|gut microbiome|microbiome
31148353|expert_5|22|40|abstract|Parkinson's disease|DDF
31148353|expert_5|43|44|abstract|PD|DDF
31148353|expert_5|58|94|abstract|L-3,4-dihydroxyphenylalanine (L-DOPA)|drug
31148353|expert_5|222|244|abstract|dyskinetic side effects|DDF
31148353|expert_5|448|468|abstract|parkinsonian symptoms|DDF
31148353|expert_5|567|593|abstract|anti-inflammatory cytokines|chemical
31148353|expert_5|877|878|abstract|PD|DDF
31148353|expert_5|924|942|abstract|hUCB-derived plasma|chemical
31148353|expert_5|996|1006|abstract|MPTP lesion|DDF
31148353|expert_5|1142|1160|abstract|hUCB-derived plasma|chemical
31148353|expert_5|1256|1285|abstract|substantia nigra pars compacta|anatomical location
31148353|expert_5|1288|1291|abstract|SNpc|anatomical location
31148353|expert_5|1324|1349|abstract|pro-inflammatory cytokines|chemical
31148353|expert_5|1363|1366|abstract|SNpc|anatomical location
31148353|expert_5|1407|1444|abstract|inflammation-associated gut microbiota|microbiome
31148353|expert_5|1520|1522|abstract|gut|anatomical location
31148353|expert_5|1528|1532|abstract|brain|anatomical location
31148353|expert_5|1589|1602|abstract|gut microbiome|microbiome
31148353|expert_5|1648|1649|abstract|PD|DDF
31821833|expert_5|38|50|title|schizophrenia|DDF
31821833|expert_5|54|69|abstract|human microbiome|microbiome
31821833|expert_5|108|134|abstract|gastrointestinal microbiota|microbiome
31821833|expert_5|212|214|abstract|gut|anatomical location
31821833|expert_5|221|234|abstract|gut microbiota|microbiome
31821833|expert_5|347|358|abstract|CNS diseases|DDF
31821833|expert_5|371|383|abstract|schizophrenia|DDF
31821833|expert_5|432|445|abstract|gut microbiota|microbiome
31821833|expert_5|592|605|abstract|gut microbiota|microbiome
31821833|expert_5|698|711|abstract|gut microbiota|microbiome
31821833|expert_5|822|842|abstract|intestinal microbiota|microbiome
31821833|expert_5|871|883|abstract|schizophrenia|DDF
33063712|expert_4|21|30|title|probiotics|dietary supplement
33063712|expert_4|35|60|title|neurodegenerative diseases|DDF
33063712|expert_4|76|94|title|Parkinson's disease|DDF
33063712|expert_4|167|169|abstract|gut|anatomical location
33063712|expert_4|352|365|abstract|gut microbiota|microbiome
33063712|expert_4|392|405|abstract|healthy people|human
33063712|expert_4|411|418|abstract|patients|human
33063712|expert_4|456|470|abstract|human disorders|DDF
33063712|expert_4|506|511|abstract|cancer|DDF
33063712|expert_4|528|554|abstract|neurodegenerative disorders|DDF
33063712|expert_4|710|733|abstract|gut microbiome dysbiosis|DDF
33063712|expert_4|775|797|abstract|neurological conditions|DDF
33063712|expert_4|821|830|abstract|probiotics|dietary supplement
33063712|expert_4|933|953|abstract|intestinal microbiota|microbiome
33063712|expert_4|959|963|abstract|brain|anatomical location
33063712|expert_4|1134|1143|abstract|probiotics|dietary supplement
33063712|expert_4|1149|1167|abstract|Parkinson's disease|DDF
33063712|expert_4|1233|1246|abstract|gut microbiota|microbiome
33063712|expert_4|1328|1346|abstract|Parkinson's disease|DDF
36462169|expert_4|47|76|title|Intestinal Barrier Dysfunction|DDF
36462169|expert_4|124|144|title|Severe Mental Illness|DDF
36462169|expert_4|0|25|abstract|Gut microbiota alterations|DDF
36462169|expert_4|49|69|abstract|severe mental illness|DDF
36462169|expert_4|72|74|abstract|SMI|DDF
36462169|expert_4|120|141|abstract|gut barrier disruption|DDF
36462169|expert_4|147|158|abstract|inflammation|DDF
36462169|expert_4|223|245|abstract|intestinal inflammation|DDF
36462169|expert_4|303|305|abstract|SMI|DDF
36462169|expert_4|341|355|abstract|chemokine CCL25|chemical
36462169|expert_4|361|419|abstract|soluble mucosal vascular addressin cell adhesion molecule-1|chemical
36462169|expert_4|422|430|abstract|sMAdCAM-1|chemical
36462169|expert_4|475|486|abstract|inflammation|DDF
36462169|expert_4|495|497|abstract|gut|anatomical location
36462169|expert_4|500|533|abstract|lipopolysaccharide binding protein|chemical
36462169|expert_4|536|538|abstract|LBP|chemical
36462169|expert_4|545|581|abstract|intestinal fatty acid binding protein|chemical
36462169|expert_4|584|589|abstract|I-FABP|chemical
36462169|expert_4|634|656|abstract|gut barrier dysfunction|DDF
36462169|expert_4|670|672|abstract|SMI|DDF
36462169|expert_4|701|713|abstract|schizophrenia|DDF
36462169|expert_4|716|718|abstract|SCZ|DDF
36462169|expert_4|734|751|abstract|affective disorder|DDF
36462169|expert_4|754|756|abstract|AFF|DDF
36462169|expert_4|781|796|abstract|healthy controls|human
36462169|expert_4|799|800|abstract|HC|human
36462169|expert_4|843|854|abstract|plasma IL-18|chemical
36462169|expert_4|860|867|abstract|IL-18BPa|chemical
36462169|expert_4|902|906|abstract|NLRP3|gene
36462169|expert_4|912|916|abstract|NLRC4|gene
36462169|expert_4|1002|1010|abstract|sMAdCAM-1|chemical
36462169|expert_4|1024|1029|abstract|I-FABP|chemical
36462169|expert_4|1046|1050|abstract|CCL25|chemical
36462169|expert_4|1070|1072|abstract|LBP|chemical
36462169|expert_4|1091|1093|abstract|SMI|DDF
36462169|expert_4|1107|1108|abstract|HC|human
36462169|expert_4|1202|1210|abstract|sMAdCAM-1|gene
36462169|expert_4|1216|1220|abstract|CCL25|chemical
36462169|expert_4|1258|1260|abstract|SCZ|DDF
36462169|expert_4|1266|1271|abstract|I-FABP|chemical
36462169|expert_4|1291|1293|abstract|LBP|chemical
36462169|expert_4|1302|1304|abstract|AFF|DDF
36462169|expert_4|1316|1321|abstract|I-FABP|chemical
36462169|expert_4|1339|1346|abstract|IL-18BPa|chemical
36462169|expert_4|1359|1361|abstract|LBP|chemical
36462169|expert_4|1379|1383|abstract|NLRC4|gene
36462169|expert_4|1412|1458|abstract|intestinal barrier inflammation and dysfunction|DDF
36462169|expert_4|1463|1465|abstract|SMI|DDF
36462169|expert_4|1487|1507|abstract|systemic inflammation|DDF
27698624|expert_2|25|31|title|Anxiety|DDF
27698624|expert_2|72|85|title|Gut Microbiome|microbiome
27698624|expert_2|96|119|abstract|stress related disorders|DDF
27698624|expert_2|122|131|abstract|depression|DDF
27698624|expert_2|138|144|abstract|anxiety|DDF
27698624|expert_2|169|182|abstract|gut microbiota|microbiome
27698624|expert_2|559|573|abstract|probiotic foods|dietary supplement
27698624|expert_2|759|764|abstract|stress|DDF
27698624|expert_2|767|770|abstract|fear|DDF
27698624|expert_2|773|797|abstract|anxiety-related behaviors|DDF
27698624|expert_2|894|900|abstract|anxiety|DDF
27698624|expert_2|972|987|abstract|mental disorders|DDF
27698624|expert_2|1163|1169|abstract|anxiety|DDF
36332796|expert_4|0|13|title|Gut microbiome|microbiome
36332796|expert_4|19|37|title|Parkinson's disease|DDF
36332796|expert_4|0|18|abstract|Parkinson's disease|DDF
36332796|expert_4|21|22|abstract|PD|DDF
36332796|expert_4|305|329|abstract|mitochondrial dysfunction|DDF
36332796|expert_4|426|427|abstract|PD|DDF
36332796|expert_4|489|499|abstract|sporadic PD|DDF
36332796|expert_4|524|525|abstract|PD|DDF
36332796|expert_4|613|623|abstract|sporadic PD|DDF
36332796|expert_4|670|672|abstract|gut|anatomical location
36332796|expert_4|678|682|abstract|brain|anatomical location
36332796|expert_4|748|761|abstract|gut microbiome|microbiome
36332796|expert_4|1162|1175|abstract|gut microbiota|microbiome
36332796|expert_4|1185|1189|abstract|brain|anatomical location
36332796|expert_4|1194|1204|abstract|PD subjects|human
36332796|expert_4|1534|1547|abstract|gut microbiome|microbiome
36332796|expert_4|1610|1611|abstract|PD|DDF
36332796|expert_4|1631|1640|abstract|probiotics|dietary supplement
36332796|expert_4|1693|1694|abstract|PD|DDF
36332796|expert_4|1918|1948|abstract|probiotic-based supplementation|dietary supplement
36332796|expert_4|1989|2011|abstract|gut microbial dysbiosis|DDF
36332796|expert_4|2016|2017|abstract|PD|DDF
33938181|expert_5|0|49|title|Human glucose-dependent insulinotropic polypeptide|chemical
33938181|expert_5|52|54|title|GIP|chemical
33938181|expert_5|63|142|title|antimicrobial adjuvant re-sensitising multidrug-resistant Gram-negative bacteria|bacteria
33938181|expert_5|0|31|abstract|Increasing antibiotic resistance|DDF
33938181|expert_5|36|57|abstract|Gram-negative bacteria|bacteria
33938181|expert_5|96|112|abstract|novel antibiotics|drug
33938181|expert_5|192|216|abstract|gastrointestinal peptides|chemical
33938181|expert_5|226|239|abstract|gut microbiota|microbiome
33938181|expert_5|306|321|abstract|incretin hormone|chemical
33938181|expert_5|324|373|abstract|human glucose-dependent insulinotropic polypeptide|chemical
33938181|expert_5|376|378|abstract|GIP|chemical
33938181|expert_5|393|426|abstract|<i>Enterobacteriaceae</i> bacteria|bacteria
33938181|expert_5|432|447|abstract|Escherichia coli|bacteria
33938181|expert_5|460|476|abstract|Erwinia amylovora|bacteria
33938181|expert_5|483|485|abstract|GIP|chemical
33938181|expert_5|546|573|abstract|multidrug resistant bacteria|bacteria
33938181|expert_5|578|588|abstract|E. coli TG1|bacteria
33938181|expert_5|601|617|abstract|E. amylovora 1189|bacteria
33938181|expert_5|661|677|abstract|bacterial mutants|bacteria
33938181|expert_5|691|742|abstract|inner and outer membrane efflux pump factor proteins|chemical
33938181|expert_5|744|747|abstract|AcrB|chemical
33938181|expert_5|753|756|abstract|TolC|chemical
33938181|expert_5|765|767|abstract|GIP|chemical
33938181|expert_5|938|948|abstract|antibiotics|drug
33938181|expert_5|954|962|abstract|bile salt|chemical
33938181|expert_5|976|979|abstract|MICs|gene
33938181|expert_5|999|1009|abstract|E. coli TG1|bacteria
33938181|expert_5|1035|1051|abstract|E. amylovora 1189|bacteria
33938181|expert_5|1058|1060|abstract|GIP|chemical
31917834|expert_2|33|63|title|Adolescence Inflammatory Stress|DDF
31917834|expert_2|69|90|title|Microbiota Alterations|DDF
31917834|expert_2|125|141|title|Neurodegeneration|DDF
31917834|expert_2|331|344|abstract|gut microbiota|microbiome
31917834|expert_2|376|381|abstract|stress|DDF
31917834|expert_2|470|496|abstract|neurodegenerative disorders|DDF
31917834|expert_2|522|527|abstract|stress|DDF
31917834|expert_2|530|538|abstract|infection|DDF
31917834|expert_2|541|557|abstract|neuroinflammation|DDF
31917834|expert_2|571|581|abstract|antibiotics|drug
31917834|expert_2|617|625|abstract|dysbiosis|DDF
31917834|expert_2|658|672|abstract|brain disorders|DDF
31917834|expert_2|695|728|abstract|pubertal neuroinflammatory insults|DDF
31917834|expert_2|824|845|abstract|neurological disorders|DDF
31917834|expert_2|879|897|abstract|Alzheimer's disease|DDF
31917834|expert_2|900|918|abstract|Parkinson's disease|DDF
31917834|expert_2|925|934|abstract|depression|DDF
31917834|expert_2|949|958|abstract|probiotics|dietary supplement
31917834|expert_2|988|999|abstract|inflammation|DDF
31917834|expert_2|1010|1018|abstract|dysbiosis|DDF
31917834|expert_2|1053|1067|abstract|brain disorders|DDF
31917834|expert_2|1162|1167|abstract|stress|DDF
31917834|expert_2|1198|1211|abstract|gut microbiota|microbiome
31917834|expert_2|1243|1247|abstract|brain|anatomical location
31917834|expert_2|1280|1310|abstract|stress-induced mental illnesses|DDF
31917834|expert_2|1316|1342|abstract|neurodegenerative disorders|DDF
31917834|expert_2|1380|1389|abstract|probiotics|dietary supplement
38123016|expert_2|47|70|title|autism spectrum disorder|DDF
38123016|expert_2|48|75|abstract|neurodevelopmental disorders|DDF
38123016|expert_2|89|112|abstract|autism spectrum disorder|DDF
38123016|expert_2|115|117|abstract|ASD|DDF
38123016|expert_2|220|229|abstract|infections|DDF
38123016|expert_2|323|336|abstract|gut microbiome|microbiome
38123016|expert_2|486|495|abstract|probiotics|dietary supplement
38123016|expert_2|551|576|abstract|metabolite supplementation|dietary supplement
38123016|expert_2|621|623|abstract|ASD|DDF
38123016|expert_2|654|667|abstract|RNA sequencing|biomedical technique
38123016|expert_2|670|681|abstract|metabolomics|biomedical technique
38123016|expert_2|688|707|abstract|transcriptomics data|biomedical technique
38123016|expert_2|843|845|abstract|ASD|DDF
38123016|expert_2|1008|1028|abstract|microbiota modulators|dietary supplement
38123016|expert_2|1163|1177|abstract|biomarker tests|biomedical technique
38123016|expert_2|1203|1221|abstract|psychobiotic agents|dietary supplement
38123016|expert_2|1244|1257|abstract|gut microbiota|microbiome
38123016|expert_2|1267|1278|abstract|ASD patients|human
25231862|expert_1|0|20|title|Artificial sweeteners|dietary supplement
25231862|expert_1|29|47|title|glucose intolerance|DDF
25231862|expert_1|65|78|title|gut microbiota|microbiome
25231862|expert_1|0|32|abstract|Non-caloric artificial sweeteners|dietary supplement
25231862|expert_1|35|37|abstract|NAS|dietary supplement
25231862|expert_1|119|144|abstract|lean and obese individuals|human
25231862|expert_1|400|418|abstract|glucose intolerance|DDF
25231862|expert_1|489|509|abstract|intestinal microbiota|microbiome
25231862|expert_1|518|559|abstract|NAS-mediated deleterious metabolic effects|DDF
25231862|expert_1|578|597|abstract|antibiotic treatment|drug
25231862|expert_1|631|644|abstract|germ-free mice|animal
25231862|expert_1|708|725|abstract|NAS-consuming mice|animal
25231862|expert_1|788|790|abstract|NAS|dietary supplement
25231862|expert_1|888|904|abstract|metabolic disease|DDF
25231862|expert_1|931|951|abstract|NAS-induced dysbiosis|DDF
25231862|expert_1|957|975|abstract|glucose intolerance|DDF
25231862|expert_1|980|1001|abstract|healthy human subjects|human
25231862|expert_1|1052|1060|abstract|dysbiosis|DDF
25231862|expert_1|1066|1088|abstract|metabolic abnormalities|DDF
33677218|expert_6|45|84|title|stress-induced depression-like behaviors|DDF
33677218|expert_6|130|147|title|NLRP3 inflammasome|chemical
33677218|expert_6|152|160|title|rat brain|anatomical location
33677218|expert_6|122|138|abstract|neuroinflammation|DDF
33677218|expert_6|213|226|abstract|gut microbiota|microbiome
33677218|expert_6|318|331|abstract|gut microbiota|microbiome
33677218|expert_6|345|369|abstract|depression-like behaviors|DDF
33677218|expert_6|375|391|abstract|neuroinflammation|DDF
33677218|expert_6|394|397|abstract|Rats|animal
33677218|expert_6|407|431|abstract|depression-like behaviors|DDF
33677218|expert_6|444|476|abstract|chronic unpredictable mild stress|DDF
33677218|expert_6|570|586|abstract|neuroinflammation|DDF
33677218|expert_6|603|607|abstract|ELISA|biomedical technique
33677218|expert_6|610|636|abstract|immunofluorescence staining|biomedical technique
33677218|expert_6|642|653|abstract|Western blot|biomedical technique
33677218|expert_6|711|728|abstract|NLRP3 inflammasome|chemical
33677218|expert_6|791|815|abstract|depression-like behaviors|DDF
33677218|expert_6|818|836|abstract|5-Hydroxytryptamine|chemical
33677218|expert_6|1047|1051|abstract|IL-1β|chemical
33677218|expert_6|1057|1061|abstract|TNF-α|chemical
33677218|expert_6|1246|1250|abstract|NLRP3|gene
33677218|expert_6|1253|1255|abstract|ASC|chemical
33677218|expert_6|1258|1266|abstract|Caspase-1|chemical
33677218|expert_6|1273|1277|abstract|IL-1β|chemical
33677218|expert_6|1294|1310|abstract|prefrontal cortex|anatomical location
33677218|expert_6|1316|1326|abstract|hippocampus|anatomical location
33677218|expert_6|1374|1398|abstract|depression-like behaviors|DDF
33677218|expert_6|1411|1443|abstract|chronic unpredictable mild stress|DDF
33677218|expert_6|1576|1593|abstract|NLRP3 inflammasome|chemical
33677218|expert_6|1602|1606|abstract|brain|anatomical location
36938477|expert_4|32|41|title|probiotics|dietary supplement
36938477|expert_4|56|67|title|constipation|DDF
36938477|expert_4|72|90|title|Parkinson's disease|DDF
36938477|expert_4|117|129|title|meta-analysis|statistical technique
36938477|expert_4|53|62|abstract|probiotics|dietary supplement
36938477|expert_4|84|95|abstract|constipation|DDF
36938477|expert_4|100|107|abstract|patients|human
36938477|expert_4|114|132|abstract|Parkinson's disease|DDF
36938477|expert_4|135|136|abstract|PD|DDF
36938477|expert_4|207|208|abstract|PD|DDF
36938477|expert_4|215|239|abstract|neurodegenerative disease|DDF
36938477|expert_4|284|291|abstract|rigidity|DDF
36938477|expert_4|294|305|abstract|bradykinesia|DDF
36938477|expert_4|312|325|abstract|resting tremor|DDF
36938477|expert_4|328|339|abstract|Constipation|DDF
36938477|expert_4|375|385|abstract|PD patients|human
36938477|expert_4|388|397|abstract|Probiotics|dietary supplement
36938477|expert_4|423|445|abstract|functional constipation|DDF
36938477|expert_4|480|502|abstract|PD-related constipation|DDF
36938477|expert_4|590|613|abstract|dyssynergic contractions|DDF
36938477|expert_4|622|640|abstract|puborectalis muscle|anatomical location
36938477|expert_4|666|679|abstract|gut microbiome|microbiome
36938477|expert_4|778|779|abstract|PD|DDF
36938477|expert_4|782|791|abstract|probiotics|dietary supplement
36938477|expert_4|798|809|abstract|constipation|DDF
36938477|expert_4|885|897|abstract|meta-analysis|statistical technique
36938477|expert_4|1056|1074|abstract|standard deviations|statistical technique
36938477|expert_4|1093|1120|abstract|standardized mean difference|statistical technique
36938477|expert_4|1123|1125|abstract|SMD|statistical technique
36938477|expert_4|1308|1323|abstract|probiotic intake|dietary supplement
36938477|expert_4|1351|1362|abstract|constipation|DDF
36938477|expert_4|1367|1377|abstract|PD patients|human
36938477|expert_4|1486|1506|abstract|probiotic supplements|dietary supplement
36938477|expert_4|1511|1536|abstract|neurodegenerative diseases|DDF
31940482|expert_4|0|26|title|Probiotic Bacillus subtilis|dietary supplement
31940482|expert_4|72|81|title|C. elegans|animal
31940482|expert_4|39|52|abstract|gut microbiome|microbiome
31940482|expert_4|89|107|abstract|Parkinson's disease|DDF
31940482|expert_4|148|174|abstract|neurodegenerative disorders|DDF
31940482|expert_4|218|257|abstract|Bacillus subtilis probiotic strain PXN21|bacteria
31940482|expert_4|374|388|abstract|synucleinopathy|DDF
31940482|expert_4|418|440|abstract|young and aging animals|animal
31940482|expert_4|468|473|abstract|DAF-16|gene
31940482|expert_4|476|503|abstract|Multiple B. subtilis strains|bacteria
31940482|expert_4|614|616|abstract|gut|anatomical location
31940482|expert_4|625|629|abstract|worms|animal
31940482|expert_4|650|670|abstract|bacterial metabolites|chemical
31940482|expert_4|859|894|abstract|sphingolipid metabolism genes lagr-1|gene
31940482|expert_4|897|901|abstract|asm-3|gene
31940482|expert_4|908|913|abstract|sptl-3|gene
31940482|expert_4|1025|1035|abstract|B. subtilis|bacteria
33416892|expert_4|34|50|title|neuroinflammation|DDF
33416892|expert_4|55|80|title|neurodegenerative diseases|DDF
33416892|expert_4|63|68|abstract|humans|human
33416892|expert_4|255|299|abstract|chronic central nervous system (CNS) diseases|DDF
33416892|expert_4|422|435|abstract|gut microbiome|microbiome
33416892|expert_4|519|532|abstract|gut microbiome|microbiome
33416892|expert_4|650|661|abstract|inflammation|DDF
33416892|expert_4|693|722|abstract|CNS neurodegenerative diseases|DDF
33416892|expert_4|735|753|abstract|Alzheimer's disease|DDF
33416892|expert_4|756|774|abstract|Parkinson's disease|DDF
33416892|expert_4|777|805|abstract|amyotrophic lateral sclerosis|DDF
33416892|expert_4|812|829|abstract|multiple sclerosis|DDF
33416892|expert_4|950|979|abstract|CNS neuroinflammatory diseases|DDF
34589800|expert_4|37|46|title|depression|DDF
34589800|expert_4|55|66|title|gut microbes|bacteria
34589800|expert_4|121|142|abstract|gastrointestinal tract|anatomical location
34589800|expert_4|149|162|abstract|gut microbiota|microbiome
34589800|expert_4|186|195|abstract|host brain|anatomical location
34589800|expert_4|236|251|abstract|mental illnesses|DDF
34589800|expert_4|333|348|abstract|human depression|DDF
34589800|expert_4|479|481|abstract|gut|anatomical location
34589800|expert_4|491|495|abstract|brain|anatomical location
34589800|expert_4|635|644|abstract|depression|DDF
32600151|expert_4|21|48|title|Alzheimer's disease symptoms|DDF
32600151|expert_4|0|18|abstract|Alzheimer's disease|DDF
32600151|expert_4|21|22|abstract|AD|DDF
32600151|expert_4|50|57|abstract|dementia|DDF
32600151|expert_4|122|133|abstract|older people|human
32600151|expert_4|168|190|abstract|progressive memory loss|DDF
32600151|expert_4|193|212|abstract|cognitive impairment|DDF
32600151|expert_4|248|264|abstract|amyloid-β peptide|chemical
32600151|expert_4|308|309|abstract|AD|DDF
32600151|expert_4|362|363|abstract|AD|DDF
32600151|expert_4|434|447|abstract|gut microbiome|microbiome
32600151|expert_4|513|533|abstract|neurological diseases|DDF
32600151|expert_4|546|563|abstract|multiple sclerosis|DDF
32600151|expert_4|569|587|abstract|Parkinson's disease|DDF
32600151|expert_4|668|681|abstract|gut microbiome|microbiome
32600151|expert_4|698|705|abstract|patients|human
32600151|expert_4|712|713|abstract|AD|DDF
32600151|expert_4|809|815|abstract|patient|human
32600151|expert_4|822|823|abstract|AD|DDF
32600151|expert_4|877|914|abstract|Clostridioides difficile</i> infection|DDF
31302116|expert_1|0|26|title|Stress-induced disturbances|DDF
31302116|expert_1|0|4|abstract|Women|human
31302116|expert_1|37|39|abstract|men|human
31302116|expert_1|56|79|abstract|stress-related disorders|DDF
31302116|expert_1|93|108|abstract|major depression|DDF
31302116|expert_1|114|132|abstract|generalized anxiety|DDF
31302116|expert_1|194|215|abstract|gastrointestinal tract|anatomical location
31302116|expert_1|222|235|abstract|gut microbiota|microbiome
31302116|expert_1|256|265|abstract|host brain|anatomical location
31302116|expert_1|314|329|abstract|mental illnesses|DDF
31302116|expert_1|484|509|abstract|mood and anxiety disorders|DDF
31302116|expert_1|574|585|abstract|gut microbes|microbiome
31302116|expert_1|591|602|abstract|sex hormones|chemical
34970638|expert_5|0|3|title|CUMS|DDF
34970638|expert_5|9|21|title|dexamethasone|drug
34970638|expert_5|30|55|title|depression-like phenotypes|DDF
34970638|expert_5|60|63|title|mice|animal
34970638|expert_5|92|105|title|gut microbiota|microbiome
34970638|expert_5|26|39|abstract|gut microbiota|microbiome
34970638|expert_5|45|54|abstract|depression|DDF
34970638|expert_5|87|100|abstract|gut microbiota|microbiome
34970638|expert_5|121|131|abstract|individuals|human
34970638|expert_5|138|147|abstract|depression|DDF
34970638|expert_5|260|269|abstract|depression|DDF
34970638|expert_5|272|293|abstract|Adolescent female mice|animal
34970638|expert_5|322|340|abstract|control (CON) group|animal
34970638|expert_5|369|392|abstract|mild stress (CUMS) group|animal
34970638|expert_5|405|429|abstract|dexamethasone (DEX) group|animal
34970638|expert_5|439|442|abstract|Mice|animal
34970638|expert_5|451|459|abstract|DEX group|animal
34970638|expert_5|504|506|abstract|DEX|drug
34970638|expert_5|529|536|abstract|CON mice|animal
34970638|expert_5|568|574|abstract|solvent|chemical
34970638|expert_5|577|580|abstract|Mice|animal
34970638|expert_5|589|598|abstract|CUMS group|animal
34970638|expert_5|662|665|abstract|mice|animal
34970638|expert_5|725|757|abstract|Enzyme-linked immunosorbent assay|biomedical technique
34970638|expert_5|760|764|abstract|ELISA|biomedical technique
34970638|expert_5|805|818|abstract|corticosterone|chemical
34970638|expert_5|821|824|abstract|CORT|chemical
34970638|expert_5|831|844|abstract|interleukin-1β|chemical
34970638|expert_5|847|851|abstract|IL-1β|chemical
34970638|expert_5|950|961|abstract|western blot|biomedical technique
34970638|expert_5|1010|1029|abstract|sequencing 16S rDNAs|biomedical technique
34970638|expert_5|1032|1035|abstract|Mice|animal
34970638|expert_5|1040|1058|abstract|CUMS and DEX groups|animal
34970638|expert_5|1070|1102|abstract|severe depression-like behaviours|DDF
34970638|expert_5|1119|1126|abstract|CON mice|animal
34970638|expert_5|1129|1145|abstract|CUMS-exposed mice|animal
34970638|expert_5|1204|1217|abstract|Prevotellaceae|bacteria
34970638|expert_5|1223|1235|abstract|Desulfovibrio|bacteria
34970638|expert_5|1260|1266|abstract|Bacilli|bacteria
34970638|expert_5|1300|1303|abstract|mice|animal
34970638|expert_5|1312|1321|abstract|CUMS group|animal
34970638|expert_5|1324|1339|abstract|DEX-treated mice|animal
34970638|expert_5|1379|1395|abstract|Clostridium XVIII|bacteria
34970638|expert_5|1412|1419|abstract|occludin|chemical
34970638|expert_5|1440|1455|abstract|DEX-treated mice|animal
34970638|expert_5|1483|1486|abstract|mice|animal
34970638|expert_5|1495|1513|abstract|CON and CUMS groups|animal
34970638|expert_5|1516|1531|abstract|DEX-treated mice|animal
34970638|expert_5|1566|1569|abstract|CORT|chemical
34970638|expert_5|1575|1579|abstract|IL-1β|chemical
34970638|expert_5|1596|1603|abstract|CON mice|animal
34970638|expert_5|1606|1609|abstract|mice|animal
34970638|expert_5|1618|1636|abstract|DEX and CUMS groups|animal
34970638|expert_5|1659|1663|abstract|IL-1β|chemical
34970638|expert_5|1693|1723|abstract|glial fibrillary acidic protein|chemical
34970638|expert_5|1726|1729|abstract|GFAP|chemical
34970638|expert_5|1733|1738|abstract|Nestin|chemical
34970638|expert_5|1741|1750|abstract|Synapsin-1|chemical
34970638|expert_5|1756|1769|abstract|P2Y12 receptor|chemical
34970638|expert_5|1778|1788|abstract|hippocampus|anatomical location
34970638|expert_5|1853|1869|abstract|neuroinflammation|DDF
34970638|expert_5|1878|1882|abstract|brain|anatomical location
34970638|expert_5|1898|1920|abstract|CUMS-induced depression|DDF
34970638|expert_5|1931|1941|abstract|pathobionts|microbiome
34970638|expert_5|1947|2004|abstract|excessive immunosuppression with damaged neuronal synapses|DDF
34970638|expert_5|2024|2045|abstract|DEX-induced depression|DDF
35069178|expert_4|39|57|title|Parkinson's Disease|DDF
35069178|expert_4|0|18|abstract|Parkinson's disease|DDF
35069178|expert_4|25|57|abstract|chronic neurodegenerative disease|DDF
35069178|expert_4|96|128|abstract|misfolded alpha-synuclein protein|chemical
35069178|expert_4|131|141|abstract|Lewy bodies|chemical
35069178|expert_4|178|193|abstract|substantia nigra|anatomical location
35069178|expert_4|279|290|abstract|bradykinesia|DDF
35069178|expert_4|293|299|abstract|tremors|DDF
35069178|expert_4|302|310|abstract|stiffness|DDF
35069178|expert_4|313|325|abstract|abnormal gait|DDF
35069178|expert_4|332|349|abstract|non-motor symptoms|DDF
35069178|expert_4|352|374|abstract|gastrointestinal issues|DDF
35069178|expert_4|377|402|abstract|urinogenital complications|DDF
35069178|expert_4|405|425|abstract|olfaction dysfunction|DDF
35069178|expert_4|428|447|abstract|cognitive impairment|DDF
35069178|expert_4|677|698|abstract|commensal gut bacteria|bacteria
35069178|expert_4|708|712|abstract|brain|anatomical location
35069178|expert_4|919|936|abstract|non-motor symptoms|DDF
35069178|expert_4|947|977|abstract|gastrointestinal manifestations|DDF
35069178|expert_4|1007|1020|abstract|motor symptoms|DDF
35069178|expert_4|1174|1192|abstract|Parkinson's disease|DDF
35069178|expert_4|1312|1325|abstract|gut microbiota|microbiome
35069178|expert_4|1331|1349|abstract|Parkinson's disease|DDF
35069178|expert_4|1380|1390|abstract|α-synuclein|chemical
35069178|expert_4|1482|1495|abstract|gut microbiome|microbiome
35069178|expert_4|1505|1509|abstract|brain|anatomical location
35069178|expert_4|1769|1787|abstract|Parkinson's disease|DDF
36931666|expert_2|24|42|title|Phoenix dactylifera|food
36931666|expert_2|117|138|title|metabolic endotoxaemia|DDF
36931666|expert_2|161|168|title|patients|human
36931666|expert_2|175|198|title|type 2 diabetes mellitus|DDF
36931666|expert_2|29|65|abstract|chronic hyperglycaemia-related damage|DDF
36931666|expert_2|70|93|abstract|type 2 diabetes mellitus|DDF
36931666|expert_2|96|99|abstract|T2DM|DDF
36931666|expert_2|236|251|abstract|date seed powder|dietary supplement
36931666|expert_2|254|256|abstract|DSP|dietary supplement
36931666|expert_2|281|289|abstract|prebiotic|dietary supplement
36931666|expert_2|378|399|abstract|metabolic endotoxaemia|DDF
36931666|expert_2|402|415|abstract|gut microbiota|microbiome
36931666|expert_2|419|428|abstract|adipokines|chemical
36931666|expert_2|538|545|abstract|patients|human
36931666|expert_2|552|555|abstract|T2DM|DDF
36931666|expert_2|599|648|abstract|randomised, triple-blind, placebo-controlled trial|biomedical technique
36931666|expert_2|675|682|abstract|patients|human
36931666|expert_2|689|692|abstract|T2DM|DDF
36931666|expert_2|699|710|abstract|participants|human
36931666|expert_2|825|827|abstract|DSP|dietary supplement
36931666|expert_2|832|838|abstract|placebo|drug
36931666|expert_2|1071|1088|abstract|lipopolysaccharide|chemical
36931666|expert_2|1091|1107|abstract|8-hydroxy-guanine|chemical
36931666|expert_2|1110|1119|abstract|adipokines|chemical
36931666|expert_2|1298|1334|abstract|paired and unpaired Student's t-tests|statistical technique
36931666|expert_2|1340|1358|abstract|covariance analyses|statistical technique
36931666|expert_2|1414|1416|abstract|DSP|dietary supplement
36931666|expert_2|1421|1428|abstract|patients|human
36931666|expert_2|1435|1438|abstract|T2DM|DDF
36931666|expert_2|1561|1579|abstract|DSP supplementation|dietary supplement
36931666|expert_2|1667|1688|abstract|metabolic endotoxaemia|DDF
36931666|expert_2|1691|1700|abstract|adipokines|chemical
36931666|expert_2|1810|1817|abstract|patients|human
36931666|expert_2|1824|1827|abstract|T2DM|DDF
38686220|expert_4|60|67|title|patients|human
38686220|expert_4|74|109|title|mild to moderate Parkinson's disease|DDF
38686220|expert_4|21|34|abstract|gut microbiome|microbiome
38686220|expert_4|59|77|abstract|Parkinson's disease|DDF
38686220|expert_4|80|81|abstract|PD|DDF
38686220|expert_4|201|208|abstract|patients|human
38686220|expert_4|215|228|abstract|early-stage PD|DDF
38686220|expert_4|413|424|abstract|Participants|human
38686220|expert_4|571|602|abstract|Computer-generated randomisation|statistical technique
38686220|expert_4|636|662|abstract|permutated-block scheduling|statistical technique
38686220|expert_4|704|715|abstract|participants|human
38686220|expert_4|935|961|abstract|Intention-to-treat analysis|statistical technique
38686220|expert_4|985|1026|abstract|mixed model for repeated measures analysis|statistical technique
38686220|expert_4|1178|1185|abstract|patients|human
38686220|expert_4|1192|1193|abstract|PD|DDF
38686220|expert_4|1206|1224|abstract|healthy donor group|human
38686220|expert_4|1240|1252|abstract|placebo group|human
38686220|expert_4|1373|1384|abstract|participants|human
38686220|expert_4|1393|1411|abstract|healthy donor group|human
38686220|expert_4|1427|1439|abstract|placebo group|human
38686220|expert_4|1562|1580|abstract|healthy donor group|human
38686220|expert_4|1621|1633|abstract|placebo group|human
38686220|expert_4|1690|1709|abstract|abdominal discomfort|DDF
38686220|expert_4|1801|1814|abstract|motor symptoms|DDF
38686220|expert_4|1819|1826|abstract|patients|human
38686220|expert_4|1833|1846|abstract|early-stage PD|DDF
38686220|expert_4|1906|1919|abstract|gut microbiome|microbiome
38686220|expert_4|2009|2016|abstract|patients|human
38686220|expert_4|2023|2024|abstract|PD|DDF
35798742|expert_7|0|21|title|Oral and gut dysbiosis|DDF
35798742|expert_7|58|76|title|Parkinson's disease|DDF
35798742|expert_7|81|99|abstract|Parkinson's disease|DDF
35798742|expert_7|102|103|abstract|PD|DDF
35798742|expert_7|141|155|abstract|oral microbiome|microbiome
35798742|expert_7|203|204|abstract|PD|DDF
35798742|expert_7|258|280|abstract|oral and gut microbiome|microbiome
35798742|expert_7|316|341|abstract|PD-specific gut microbiome|microbiome
35798742|expert_7|349|378|abstract|shotgun metagenomic sequencing|biomedical technique
35798742|expert_7|414|436|abstract|oral and gut microbiome|microbiome
35798742|expert_7|474|484|abstract|PD patients|human
35798742|expert_7|490|505|abstract|healthy controls|human
35798742|expert_7|544|561|abstract|Oral Lactobacillus|bacteria
35798742|expert_7|584|594|abstract|PD patients|human
35798742|expert_7|651|653|abstract|gut|anatomical location
35798742|expert_7|742|750|abstract|glutamate|chemical
35798742|expert_7|756|763|abstract|arginine|chemical
35798742|expert_7|862|872|abstract|PD patients|human
35798742|expert_7|879|894|abstract|healthy controls|human
35798742|expert_7|952|974|abstract|oral and gut microbiota|microbiome
35798742|expert_7|979|980|abstract|PD|DDF
35798742|expert_7|1046|1047|abstract|PD|DDF
37655441|expert_4|23|38|title|Prevotella copri|bacteria
37655441|expert_4|3|18|abstract|Prevotella copri|bacteria
37655441|expert_4|53|85|abstract|human gastrointestinal microbiome|microbiome
37655441|expert_4|199|217|abstract|Parkinson's disease|DDF
37655441|expert_4|223|242|abstract|rheumatoid arthritis|DDF
37655441|expert_4|304|311|abstract|P. copri|bacteria
37655441|expert_4|404|417|abstract|gut microbiome|microbiome
37655441|expert_4|456|463|abstract|P. copri|bacteria
37655441|expert_4|711|745|abstract|16S rRNA amplicon profiling methods|biomedical technique
37655441|expert_4|771|778|abstract|P. copri|bacteria
37655441|expert_4|1023|1030|abstract|P. copri|bacteria
36651663|expert_2|35|52|title|Spanish population|human
36651663|expert_2|130|136|title|anxiety|DDF
36651663|expert_2|139|144|title|trauma|DDF
36651663|expert_2|151|160|title|depression|DDF
36651663|expert_2|18|24|abstract|anxiety|DDF
36651663|expert_2|30|39|abstract|depression|DDF
36651663|expert_2|289|295|abstract|anxiety|DDF
36651663|expert_2|298|307|abstract|depression|DDF
36651663|expert_2|313|341|abstract|posttraumatic stress disorder|DDF
36651663|expert_2|344|347|abstract|PTSD|DDF
36651663|expert_2|356|369|abstract|Spanish cohort|human
36651663|expert_2|476|486|abstract|individuals|human
36651663|expert_2|541|587|abstract|16S ribosomal RNA gene V3-4 amplicon sequencing|biomedical technique
36651663|expert_2|888|898|abstract|Individuals|human
36651663|expert_2|905|917|abstract|trait anxiety|DDF
36651663|expert_2|953|983|abstract|Fusicatenibacter saccharivorans|bacteria
36651663|expert_2|1004|1014|abstract|individuals|human
36651663|expert_2|1107|1120|abstract|Proteobacteria|bacteria
36651663|expert_2|1139|1157|abstract|Synergistetes phyla|bacteria
36651663|expert_2|1173|1183|abstract|individuals|human
36651663|expert_2|1240|1251|abstract|Anaerostipes|bacteria
36651663|expert_2|1330|1351|abstract|Turicibacter sanguinis|bacteria
36651663|expert_2|1377|1389|abstract|Lentisphaerae|bacteria
36651663|expert_2|1405|1415|abstract|individuals|human
36651663|expert_2|1459|1476|abstract|COVID-19 infection|DDF
36651663|expert_2|1725|1731|abstract|anxiety|DDF
36651663|expert_2|1734|1743|abstract|depression|DDF
36651663|expert_2|1750|1753|abstract|PTSD|DDF
36816743|expert_4|12|25|title|Gut Microbiota|microbiome
36816743|expert_4|30|75|title|Various Neurological and Psychiatric Disorders|DDF
36816743|expert_4|128|148|abstract|neurological diseases|DDF
36816743|expert_4|154|174|abstract|psychiatric disorders|DDF
36816743|expert_4|187|205|abstract|Alzheimer's disease|DDF
36816743|expert_4|208|209|abstract|AD|DDF
36816743|expert_4|213|252|abstract|attention deficit hyperactivity disorder|DDF
36816743|expert_4|255|258|abstract|ADHD|DDF
36816743|expert_4|262|290|abstract|amyotrophic lateral sclerosis|DDF
36816743|expert_4|293|295|abstract|ALS|DDF
36816743|expert_4|299|322|abstract|autism spectrum disorder|DDF
36816743|expert_4|325|327|abstract|ASD|DDF
36816743|expert_4|331|346|abstract|anorexia nervosa|DDF
36816743|expert_4|349|350|abstract|AN|DDF
36816743|expert_4|354|369|abstract|bipolar disorder|DDF
36816743|expert_4|372|373|abstract|BD|DDF
36816743|expert_4|377|391|abstract|eating disorder|DDF
36816743|expert_4|394|395|abstract|ED|DDF
36816743|expert_4|399|426|abstract|generalized anxiety disorder|DDF
36816743|expert_4|429|431|abstract|GAD|DDF
36816743|expert_4|435|459|abstract|major depressive disorder|DDF
36816743|expert_4|462|464|abstract|MDD|DDF
36816743|expert_4|468|485|abstract|multiple sclerosis|DDF
36816743|expert_4|488|489|abstract|MS|DDF
36816743|expert_4|493|521|abstract|obsessive compulsive disorder|DDF
36816743|expert_4|524|526|abstract|OCD|DDF
36816743|expert_4|530|548|abstract|Parkinson's disease|DDF
36816743|expert_4|551|552|abstract|PD|DDF
36816743|expert_4|556|584|abstract|posttraumatic stress disorder|DDF
36816743|expert_4|587|590|abstract|PTSD|DDF
36816743|expert_4|594|611|abstract|spinal cord injury|DDF
36816743|expert_4|614|616|abstract|SCI|DDF
36816743|expert_4|620|632|abstract|schizophrenia|DDF
36816743|expert_4|639|644|abstract|stroke|DDF
36816743|expert_4|807|820|abstract|gut microbiota|microbiome
36816743|expert_4|825|845|abstract|neurological diseases|DDF
36816743|expert_4|1289|1301|abstract|Shannon index|statistical technique
36816743|expert_4|1307|1319|abstract|Simpson index|statistical technique
36816743|expert_4|1472|1481|abstract|Firmicutes|bacteria
36816743|expert_4|1491|1503|abstract|Bacteroidetes|bacteria
36816743|expert_4|1513|1526|abstract|Actinobacteria|bacteria
36816743|expert_4|1536|1549|abstract|Proteobacteria|bacteria
36816743|expert_4|1563|1577|abstract|Verrucomicrobia|bacteria
36816743|expert_4|1628|1637|abstract|Prevotella|bacteria
36816743|expert_4|1647|1657|abstract|Coprococcus|bacteria
36816743|expert_4|1667|1681|abstract|Parabacteroides|bacteria
36816743|expert_4|1691|1711|abstract|Phascolarctobacterium|bacteria
36816743|expert_4|1721|1740|abstract|Escherichia Shigella|bacteria
36816743|expert_4|1750|1758|abstract|Alistipes|bacteria
36816743|expert_4|1768|1777|abstract|Sutteralla|bacteria
36816743|expert_4|1787|1797|abstract|Veillonella|bacteria
36816743|expert_4|1807|1817|abstract|Odoribacter|bacteria
36816743|expert_4|1827|1842|abstract|Faecalibacterium|bacteria
36816743|expert_4|1852|1862|abstract|Bacteroides|bacteria
36816743|expert_4|1872|1886|abstract|Bifidobacterium|bacteria
36816743|expert_4|1896|1904|abstract|Dialister|bacteria
36816743|expert_4|1918|1924|abstract|Blautia|bacteria
36816743|expert_4|2163|2176|abstract|gut microbiota|microbiome
36816743|expert_4|2182|2202|abstract|neurological diseases|DDF
36816743|expert_4|2210|2223|abstract|gut microbiota|microbiome
36816743|expert_4|2247|2267|abstract|neurological diseases|DDF
36816743|expert_4|2317|2330|abstract|gut microbiota|microbiome
31330299|expert_5|36|49|title|mental illness|DDF
31330299|expert_5|4|30|abstract|gastrointestinal microbiome|microbiome
31330299|expert_5|74|78|abstract|brain|anatomical location
31330299|expert_5|141|154|abstract|gut microbiota|microbiome
31330299|expert_5|170|208|abstract|disorders of the central nervous system|DDF
31330299|expert_5|465|469|abstract|brain|anatomical location
31330299|expert_5|780|785|abstract|stress|DDF
31330299|expert_5|788|810|abstract|peripheral inflammation|DDF
31330299|expert_5|821|842|abstract|traumatic brain injury|DDF
31330299|expert_5|845|850|abstract|stroke|DDF
31330299|expert_5|853|870|abstract|multiple sclerosis|DDF
31330299|expert_5|873|891|abstract|Alzheimer's disease|DDF
31330299|expert_5|897|915|abstract|Parkinson's disease|DDF
31330299|expert_5|940|966|abstract|gastrointestinal microbiota|microbiome
31330299|expert_5|991|1006|abstract|mental illnesses|DDF
31330299|expert_5|1088|1101|abstract|gut microbiota|microbiome
32188376|expert_6|27|40|title|Mood Disorders|DDF
32188376|expert_6|0|15|abstract|Bipolar disorder|DDF
32188376|expert_6|21|36|abstract|major depression|DDF
32188376|expert_6|70|79|abstract|disability|DDF
32188376|expert_6|82|90|abstract|morbidity|DDF
32188376|expert_6|97|119|abstract|reduced life expectancy|DDF
32188376|expert_6|122|127|abstract|People|human
32188376|expert_6|134|147|abstract|mood disorders|DDF
32188376|expert_6|363|383|abstract|psychiatric disorders|DDF
32188376|expert_6|386|411|abstract|Neurocognitive dysfunction|DDF
32188376|expert_6|434|451|abstract|social dysfunction|DDF
32188376|expert_6|481|494|abstract|mood disorders|DDF
32188376|expert_6|698|711|abstract|mood disorders|DDF
32188376|expert_6|840|857|abstract|cognitive deficits|DDF
27319972|expert_7|126|128|abstract|gut|anatomical location
27319972|expert_7|134|138|abstract|brain|anatomical location
27319972|expert_7|174|205|abstract|stress-related psychopathologies|DDF
27319972|expert_7|290|303|abstract|gut microbiota|microbiome
27319972|expert_7|421|423|abstract|gut|anatomical location
27319972|expert_7|473|483|abstract|adult human|human
27319972|expert_7|526|547|abstract|antimicrobial peptides|chemical
27319972|expert_7|550|572|abstract|short chain fatty acids|chemical
27319972|expert_7|579|586|abstract|vitamins|chemical
27319972|expert_7|648|658|abstract|human brain|anatomical location
27319972|expert_7|695|697|abstract|gut|anatomical location
27319972|expert_7|914|918|abstract|brain|anatomical location
27319972|expert_7|1113|1126|abstract|gut microbiota|microbiome
27319972|expert_7|1204|1220|abstract|germ-free animals|animal
27319972|expert_7|1241|1250|abstract|prebiotics|dietary supplement
27319972|expert_7|1253|1262|abstract|probiotics|dietary supplement
27319972|expert_7|1269|1279|abstract|antibiotics|drug
27319972|expert_7|1332|1348|abstract|Early life stress|DDF
27319972|expert_7|1409|1417|abstract|intestine|anatomical location
27319972|expert_7|1466|1482|abstract|early life stress|DDF
27319972|expert_7|1500|1520|abstract|adult psychopathology|DDF
27319972|expert_7|1641|1654|abstract|gut microbiota|microbiome
34437440|expert_7|40|55|title|Bacterial Toxins|chemical
34437440|expert_7|60|80|title|Screening Colonoscopy|biomedical technique
34437440|expert_7|87|115|title|Colorectal Cancer Progression|DDF
34437440|expert_7|0|16|abstract|Colorectal cancer|DDF
34437440|expert_7|19|21|abstract|CRC|DDF
34437440|expert_7|46|57|abstract|cancer death|DDF
34437440|expert_7|107|116|abstract|infections|DDF
34437440|expert_7|119|138|abstract|chronic inflammation|DDF
34437440|expert_7|195|213|abstract|microbial dysbiosis|DDF
34437440|expert_7|219|236|abstract|chronic infections|DDF
34437440|expert_7|484|486|abstract|CRC|DDF
34437440|expert_7|553|558|abstract|people|human
34437440|expert_7|571|581|abstract|colonoscopy|biomedical technique
34437440|expert_7|666|680|abstract|bacterial genes|gene
34437440|expert_7|693|698|abstract|toxins|chemical
34437440|expert_7|721|745|abstract|CRC onset and progression|DDF
34437440|expert_7|775|777|abstract|CRC|DDF
34437440|expert_7|922|930|abstract|CIF toxin|chemical
34437440|expert_7|951|956|abstract|polyps|DDF
34437440|expert_7|961|968|abstract|adenomas|DDF
34437440|expert_7|1022|1024|abstract|CRC|DDF
34437440|expert_7|1027|1032|abstract|Toxins|chemical
34437440|expert_7|1042|1057|abstract|Escherichia coli|bacteria
34437440|expert_7|1106|1128|abstract|adenocarcinoma patients|human
34437440|expert_7|1142|1149|abstract|controls|human
34437440|expert_7|1160|1192|abstract|<i>Bacteroides fragilis</i> toxin|chemical
34437440|expert_7|1253|1269|abstract|cancerous lesions|DDF
36699448|expert_2|54|79|title|Chinese depressed patients|human
36699448|expert_2|4|17|abstract|gut microbiome|microbiome
36699448|expert_2|62|86|abstract|major depressive disorder|DDF
36699448|expert_2|89|91|abstract|MDD|DDF
36699448|expert_2|193|212|abstract|Asian, Chinese group|human
36699448|expert_2|233|278|abstract|linear discriminant analysis (LDA) effect size|statistical technique
36699448|expert_2|281|285|abstract|LEfSe|statistical technique
36699448|expert_2|292|323|abstract|genome-wide association analysis|statistical technique
36699448|expert_2|332|337|abstract|cohort|human
36699448|expert_2|483|495|abstract|Chinese group|human
36699448|expert_2|567|580|abstract|gut microbiome|microbiome
36699448|expert_2|586|599|abstract|Actinobacteria|bacteria
36699448|expert_2|612|624|abstract|Pseudomonades|bacteria
36699448|expert_2|653|661|abstract|MDD group|human
36699448|expert_2|926|939|abstract|Actinobacteria|bacteria
36699448|expert_2|1084|1093|abstract|Romboutsia|bacteria
36699448|expert_2|1146|1164|abstract|Ruminococcus gnavus|bacteria
36699448|expert_2|1212|1217|abstract|METTL8|gene
36699448|expert_2|1227|1231|abstract|ITGB2|gene
36699448|expert_2|1241|1246|abstract|OTULIN|gene
36699448|expert_2|1260|1266|abstract|PROSER3|gene
36699448|expert_2|1441|1445|abstract|brain|anatomical location
36699448|expert_2|1465|1472|abstract|SERPINA5|gene
36699448|expert_2|1565|1574|abstract|depression|DDF
36699448|expert_2|1580|1593|abstract|gut microbiome|microbiome
36699448|expert_2|1598|1618|abstract|Asian, Chinese people|human
37193253|expert_2|0|16|title|Anxiety Disorders|DDF
37193253|expert_2|22|34|title|Gut Dysbiosis|DDF
37193253|expert_2|39|90|title|Primary Sjögren's Syndrome-Mediated Dry Eye Patients|human
37193253|expert_2|0|25|abstract|Primary Sjögren's syndrome|DDF
37193253|expert_2|28|30|abstract|pSS|DDF
37193253|expert_2|89|111|abstract|psychological disorders|DDF
37193253|expert_2|174|187|abstract|gut microbiota|microbiome
37193253|expert_2|193|209|abstract|ocular conditions|DDF
37193253|expert_2|235|237|abstract|pSS|DDF
37193253|expert_2|341|357|abstract|anxiety disorders|DDF
37193253|expert_2|367|380|abstract|gut microbiome|microbiome
37193253|expert_2|385|392|abstract|patients|human
37193253|expert_2|399|418|abstract|pSS-mediated dry eye|DDF
37193253|expert_2|522|554|abstract|16S ribosomal RNA gene sequencing|biomedical technique
37193253|expert_2|714|725|abstract|participants|human
37193253|expert_2|760|775|abstract|anxiety disorder|DDF
37193253|expert_2|788|805|abstract|Dry eye discomfort|DDF
37193253|expert_2|855|861|abstract|anxiety|DDF
37193253|expert_2|967|982|abstract|anxiety disorder|DDF
37193253|expert_2|988|1000|abstract|gut dysbiosis|DDF
37193253|expert_2|1003|1012|abstract|Prevotella|bacteria
37193253|expert_2|1070|1082|abstract|Bacteroidetes|bacteria
37193253|expert_2|1106|1116|abstract|Odoribacter|bacteria
37193253|expert_2|1217|1232|abstract|anxiety disorder|DDF
37193253|expert_2|1242|1255|abstract|gut microbiota|microbiome
37193253|expert_2|1316|1329|abstract|gut microbiota|microbiome
37193253|expert_2|1386|1416|abstract|Main gut microbiota alterations|DDF
37193253|expert_2|1453|1459|abstract|anxiety|DDF
37193253|expert_2|1477|1496|abstract|pSS-mediated dry eye|DDF
37193253|expert_2|1596|1615|abstract|pSS-mediated dry eye|DDF
33505487|expert_7|51|64|title|Gut Microbiome|microbiome
33505487|expert_7|69|100|title|Functional Constipation Patients|human
33505487|expert_7|40|53|abstract|gut microbiome|microbiome
33505487|expert_7|93|123|abstract|experimental and control groups|human
33505487|expert_7|166|183|abstract|Pseudobutyrivibrio|bacteria
33505487|expert_7|196|212|abstract|Ruminiclostridium|bacteria
33505487|expert_7|235|250|abstract|experiment group|human
33505487|expert_7|264|270|abstract|control|human
33505487|expert_7|292|307|abstract|Fusicatenibacter|bacteria
33505487|expert_7|326|353|abstract|16S KEGG function prediction|biomedical technique
33505487|expert_7|370|386|abstract|Parkinson disease|DDF
33505487|expert_7|492|505|abstract|gut microbiome|microbiome
33505487|expert_7|521|529|abstract|cytokines|chemical
33505487|expert_7|590|607|abstract|Pseudobutyrivibrio|bacteria
33505487|expert_7|616|618|abstract|CFC|DDF
33505487|expert_7|657|670|abstract|gut microbiome|microbiome
33505487|expert_7|697|705|abstract|cytokines|chemical
33505487|expert_7|710|721|abstract|CFC patients|human
34399524|expert_1|0|37|title|Dietary advanced glycation endproducts|chemical
34399524|expert_1|40|43|title|AGEs|chemical
34399524|expert_1|108|119|title|inflammation|DDF
34399524|expert_1|163|166|title|mice|animal
34399524|expert_1|0|37|abstract|Dietary advanced glycation endproducts|chemical
34399524|expert_1|40|43|abstract|AGEs|chemical
34399524|expert_1|172|183|abstract|inflammation|DDF
34399524|expert_1|189|202|abstract|gut microbiota|microbiome
34399524|expert_1|301|326|abstract|Young healthy C57BL/6 mice|animal
34399524|expert_1|339|390|abstract|standard chow (n = 10) or a baked chow high AGE-diet|food
34399524|expert_1|426|463|abstract|protein-bound Nε-(carboxymethyl)lysine|chemical
34399524|expert_1|466|468|abstract|CML|chemical
34399524|expert_1|472|496|abstract|Nε-(1-carboxyethyl)lysine|chemical
34399524|expert_1|499|501|abstract|CEL|chemical
34399524|expert_1|509|557|abstract|Nδ-(5-hydro-5-methyl-4-imidazolon-2-yl)-ornithine|chemical
34399524|expert_1|560|564|abstract|MG-H1|chemical
34399524|expert_1|603|612|abstract|baked chow|food
34399524|expert_1|649|661|abstract|standard chow|food
34399524|expert_1|701|704|abstract|AGEs|chemical
34399524|expert_1|717|722|abstract|kidney|anatomical location
34399524|expert_1|729|733|abstract|liver|anatomical location
34399524|expert_1|818|827|abstract|baked chow|food
34399524|expert_1|853|856|abstract|AGEs|chemical
34399524|expert_1|884|888|abstract|liver|anatomical location
34399524|expert_1|895|900|abstract|kidney|anatomical location
34399524|expert_1|1099|1113|abstract|Dubosiella spp.|bacteria
34399524|expert_1|1152|1159|abstract|AGE-diet|food
34399524|expert_1|1183|1186|abstract|AGEs|chemical
34399524|expert_1|1199|1204|abstract|kidney|anatomical location
34399524|expert_1|1211|1215|abstract|liver|anatomical location
34399524|expert_1|1229|1240|abstract|inflammation|DDF
34399524|expert_1|1266|1279|abstract|gut microbiota|microbiome
34399524|expert_1|1345|1348|abstract|AGEs|chemical
33807447|expert_1|11|24|title|Gut Microbiota|microbiome
33807447|expert_1|62|86|title|Vegan vs. Meat-Rich Diets|food
33807447|expert_1|91|110|title|Healthy Participants|human
33807447|expert_1|25|38|abstract|gut microbiota|microbiome
33807447|expert_1|54|60|abstract|disease|DDF
33807447|expert_1|127|140|abstract|gut microbiota|microbiome
33807447|expert_1|213|222|abstract|vegan diet|food
33807447|expert_1|288|301|abstract|gut microbiota|microbiome
33807447|expert_1|404|413|abstract|vegan (VD)|food
33807447|expert_1|419|432|abstract|meat-rich (MD)|food
33807447|expert_1|443|487|abstract|healthy, omnivore, normal-weight participants|human
33807447|expert_1|623|655|abstract|16S rRNA gene amplicon sequencing|biomedical technique
33807447|expert_1|898|911|abstract|gut microbiota|microbiome
33807447|expert_1|948|949|abstract|VD|food
33807447|expert_1|955|956|abstract|MD|food
33807447|expert_1|978|988|abstract|Coprococcus|bacteria
33807447|expert_1|1023|1024|abstract|VD|food
33807447|expert_1|1051|1052|abstract|MD|food
33807447|expert_1|1058|1066|abstract|Roseburia|bacteria
33807447|expert_1|1079|1094|abstract|Faecalibacterium|bacteria
33807447|expert_1|1118|1119|abstract|MD|food
33807447|expert_1|1146|1147|abstract|VD|food
33807447|expert_1|1184|1194|abstract|Coprococcus|bacteria
33807447|expert_1|1197|1205|abstract|Roseburia|bacteria
33807447|expert_1|1218|1233|abstract|Faecalibacterium|bacteria
34692176|expert_5|12|37|title|Inflammatory Bowel Disease|DDF
34692176|expert_5|18|44|abstract|Inflammatory bowel diseases|DDF
34692176|expert_5|47|50|abstract|IBDs|DDF
34692176|expert_5|57|94|abstract|complex chronic inflammatory disorders|DDF
34692176|expert_5|157|160|abstract|IBDs|DDF
34692176|expert_5|175|194|abstract|idiopathic disorders|DDF
34692176|expert_5|197|211|abstract|Crohn's disease|DDF
34692176|expert_5|214|215|abstract|CD|DDF
34692176|expert_5|222|239|abstract|ulcerative colitis|DDF
34692176|expert_5|242|243|abstract|UC|DDF
34692176|expert_5|473|486|abstract|gut microbiome|microbiome
34692176|expert_5|973|992|abstract|IBD disease activity|DDF
34692176|expert_5|1363|1389|abstract|Inflammatory bowel diseases|DDF
34692176|expert_5|1394|1407|abstract|gut microbiota|microbiome
34692176|expert_5|1412|1433|abstract|psychological distress|DDF
34692176|expert_5|1439|1441|abstract|IBD|DDF
34692176|expert_5|1471|1473|abstract|IBD|DDF
34692176|expert_5|1499|1518|abstract|chronic inflammation|DDF
34692176|expert_5|1523|1538|abstract|gut inflammation|DDF
34692176|expert_5|1591|1605|abstract|Crohn's disease|DDF
34692176|expert_5|1610|1627|abstract|Ulcerative colitis|DDF
34692176|expert_5|1632|1641|abstract|depression|DDF
34692176|expert_5|1647|1649|abstract|IBD|DDF
34692176|expert_5|1654|1660|abstract|anxiety|DDF
34692176|expert_5|1666|1668|abstract|IBD|DDF
34692176|expert_5|1692|1703|abstract|IBD patients|human
34692176|expert_5|1719|1722|abstract|IBDs|DDF
34692176|expert_5|1740|1743|abstract|IBDs|DDF
34692176|expert_5|1748|1767|abstract|IBD disease activity|DDF
34692176|expert_5|1813|1815|abstract|IBD|DDF
34692176|expert_5|1848|1850|abstract|IBD|DDF
34692176|expert_5|1896|1899|abstract|IBDs|DDF
34692176|expert_5|1905|1910|abstract|stress|DDF
34692176|expert_5|1931|1934|abstract|IBDs|DDF
34692176|expert_5|1968|1983|abstract|gut inflammation|DDF
34692176|expert_5|1988|1990|abstract|IBD|DDF
34692176|expert_5|2023|2026|abstract|IBDs|DDF
34692176|expert_5|2062|2065|abstract|IBDs|DDF
34692176|expert_5|2070|2087|abstract|sleep disturbances|DDF
34692176|expert_5|2092|2094|abstract|IBD|DDF
34692176|expert_5|2234|2266|abstract|commensal and pathogenic bacteria|bacteria
34692176|expert_5|2275|2277|abstract|gut|anatomical location
34692176|expert_5|2366|2379|abstract|gut microbiome|microbiome
34692176|expert_5|2450|2453|abstract|IBDs|DDF
34692176|expert_5|2766|2768|abstract|IBD|DDF
34692176|expert_5|2886|2905|abstract|IBD disease activity|DDF
34692176|expert_5|3163|3182|abstract|IBD disease activity|DDF
34692176|expert_5|3396|3417|abstract|pathophysiology of IBD|DDF
34692176|expert_5|3466|3477|abstract|IBD patients|human
34692176|expert_5|4111|4113|abstract|IBD|DDF
31539679|expert_1|0|38|title|Antibiotic-induced microbiome depletion|DDF
31539679|expert_1|73|76|title|mice|animal
31539679|expert_1|84|111|title|chronic social defeat stress|biomedical technique
31539679|expert_1|55|78|abstract|stress-related disorders|DDF
31539679|expert_1|88|97|abstract|depression|DDF
31539679|expert_1|182|187|abstract|stress|DDF
31539679|expert_1|239|277|abstract|antibiotic-induced microbiome depletion|DDF
31539679|expert_1|313|322|abstract|adult mice|animal
31539679|expert_1|337|364|abstract|chronic social defeat stress|DDF
31539679|expert_1|367|370|abstract|CSDS|DDF
31539679|expert_1|426|464|abstract|antibiotic-induced microbiome depletion|DDF
31539679|expert_1|509|512|abstract|mice|animal
31539679|expert_1|533|551|abstract|antibiotic cocktail|drug
31539679|expert_1|644|651|abstract|host gut|anatomical location
31539679|expert_1|654|667|abstract|Proteobacteria|bacteria
31539679|expert_1|718|736|abstract|antibiotic cocktail|drug
31539679|expert_1|776|799|abstract|antibiotic-treated group|animal
31539679|expert_1|864|876|abstract|control group|animal
31539679|expert_1|879|882|abstract|CSDS|DDF
31539679|expert_1|947|960|abstract|gut microbiota|microbiome
31539679|expert_1|969|992|abstract|antibiotic-treated group|animal
31539679|expert_1|995|998|abstract|CSDS|DDF
31539679|expert_1|1019|1042|abstract|anhedonia-like phenotype|DDF
31539679|expert_1|1051|1073|abstract|antibiotic-treated mice|animal
31539679|expert_1|1094|1117|abstract|anhedonia-like phenotype|DDF
31539679|expert_1|1122|1133|abstract|control mice|animal
31539679|expert_1|1152|1163|abstract|gut bacteria|bacteria
31539679|expert_1|1202|1223|abstract|CSDS-induced anhedonia|DDF
31539679|expert_1|1226|1229|abstract|CSDS|DDF
31539679|expert_1|1276|1288|abstract|interleukin-6|chemical
31539679|expert_1|1311|1327|abstract|synaptic proteins|chemical
31539679|expert_1|1338|1343|abstract|PSD-95|chemical
31539679|expert_1|1349|1353|abstract|GluA1|chemical
31539679|expert_1|1363|1379|abstract|prefrontal cortex|anatomical location
31539679|expert_1|1384|1406|abstract|antibiotic-treated mice|animal
31539679|expert_1|1478|1516|abstract|antibiotic-induced microbiome depletion|DDF
31539679|expert_1|1547|1555|abstract|anhedonia|DDF
31539679|expert_1|1560|1563|abstract|mice|animal
31539679|expert_1|1578|1581|abstract|CSDS|DDF
31539679|expert_1|1684|1689|abstract|stress|DDF
32605552|expert_4|25|89|title|pseudo-randomised pre-post designed controlled intervention trial|statistical technique
32605552|expert_4|101|116|abstract|nutritious foods|food
32605552|expert_4|141|170|abstract|pre-prepared convenience meals|food
32605552|expert_4|264|270|abstract|obesity|DDF
32605552|expert_4|276|297|abstract|chronic disease burden|DDF
32605552|expert_4|853|864|abstract|participants|human
32605552|expert_4|945|956|abstract|participants|human
32605552|expert_4|1516|1527|abstract|participants|human
32605552|expert_4|1801|1807|abstract|obesity|DDF
32605552|expert_4|1813|1832|abstract|diet-related disease|DDF
32605552|expert_4|2084|2097|abstract|gut-microbiota|microbiome
35207632|expert_3|0|27|title|Gastrointestinal Dysfunction|DDF
35207632|expert_3|32|50|title|Parkinson's Disease|DDF
35207632|expert_3|21|47|abstract|gastrointestinal (GI) tract|anatomical location
35207632|expert_3|52|70|abstract|Parkinson's disease|DDF
35207632|expert_3|73|74|abstract|PD|DDF
35207632|expert_3|159|172|abstract|GI dysfunction|DDF
35207632|expert_3|177|178|abstract|PD|DDF
35207632|expert_3|218|232|abstract|GI dysfunctions|DDF
35207632|expert_3|245|253|abstract|dysphagia|DDF
35207632|expert_3|256|268|abstract|gastroparesis|DDF
35207632|expert_3|275|286|abstract|constipation|DDF
35207632|expert_3|320|337|abstract|non-motor symptoms|DDF
35207632|expert_3|342|343|abstract|PD|DDF
35207632|expert_3|478|492|abstract|GI dysfunctions|DDF
35207632|expert_3|501|512|abstract|constipation|DDF
35207632|expert_3|574|599|abstract|over-the-counter laxatives|drug
35207632|expert_3|631|641|abstract|PD patients|human
35207632|expert_3|675|702|abstract|guanylate cyclase C agonists|drug
35207632|expert_3|708|755|abstract|selective 5-hyroxytryptamine 4 receptor agonists|drug
35207632|expert_3|868|893|abstract|PD-induced GI dysfunctions|DDF
35207632|expert_3|961|966|abstract|people|human
35207632|expert_3|973|974|abstract|PD|DDF
35207632|expert_3|1024|1025|abstract|PD|DDF
35207632|expert_3|1068|1077|abstract|CNS damage|DDF
35207632|expert_3|1128|1129|abstract|PD|DDF
35207632|expert_3|1171|1192|abstract|enteric nervous system|anatomical location
35207632|expert_3|1195|1197|abstract|ENS|anatomical location
35207632|expert_3|1261|1271|abstract|GI symptoms|DDF
35207632|expert_3|1335|1342|abstract|GI tract|anatomical location
35207632|expert_3|1391|1392|abstract|PD|DDF
35207632|expert_3|1490|1511|abstract|PD-related GI symptoms|DDF
35207632|expert_3|1618|1635|abstract|intestinal barrier|anatomical location
35207632|expert_3|1638|1640|abstract|ENS|anatomical location
35207632|expert_3|1654|1667|abstract|gut microbiome|microbiome
35207632|expert_3|1706|1727|abstract|PD-related GI symptoms|DDF
37607587|expert_2|0|27|title|Gastrointestinal Dysfunction|DDF
37607587|expert_2|32|75|title|Neurological and Neurodegenerative Disorders|DDF
37607587|expert_2|30|43|abstract|gut microbiome|microbiome
37607587|expert_2|48|74|abstract|neurodegenerative disorders|DDF
37607587|expert_2|81|94|abstract|gut microbiome|microbiome
37607587|expert_2|213|221|abstract|Dysbiosis|DDF
37607587|expert_2|226|249|abstract|dysfunctional microbiome|DDF
37607587|expert_2|297|308|abstract|inflammation|DDF
37607587|expert_2|341|345|abstract|brain|anatomical location
37607587|expert_2|451|461|abstract|individuals|human
37607587|expert_2|538|551|abstract|gut microbiome|microbiome
37607587|expert_2|575|600|abstract|neurodegenerative diseases|DDF
37607587|expert_2|610|628|abstract|Parkinson's disease|DDF
37607587|expert_2|634|652|abstract|Alzheimer's disease|DDF
37607587|expert_2|684|689|abstract|cancer|DDF
37607587|expert_2|721|738|abstract|metabolic syndrome|DDF
37607587|expert_2|783|796|abstract|gut microbiome|microbiome
37607587|expert_2|884|894|abstract|individuals|human
37607587|expert_2|1036|1057|abstract|neurological disorders|DDF
37607587|expert_2|1063|1070|abstract|patients|human
21167931|expert_3|58|68|title|intolerance|DDF
21167931|expert_3|69|84|abstract|human depression|DDF
21167931|expert_3|105|129|abstract|proinflammatory cytokines|chemical
21167931|expert_3|132|161|abstract|chronic inflammatory disorders|DDF
21167931|expert_3|218|227|abstract|depression|DDF
21167931|expert_3|265|289|abstract|proinflammatory cytokines|chemical
21167931|expert_3|302|305|abstract|IL-2|chemical
21167931|expert_3|310|314|abstract|IFN-α|chemical
21167931|expert_3|344|379|abstract|specific pathogen-free (SPF) rodents|animal
21167931|expert_3|547|583|abstract|central nervous system (CNS) antigens|chemical
21167931|expert_3|657|668|abstract|nerve injury|DDF
21167931|expert_3|673|692|abstract|psychological stress|DDF
21167931|expert_3|864|883|abstract|depressive disorders|DDF
21167931|expert_3|991|1000|abstract|depression|DDF
21167931|expert_3|1174|1184|abstract|SPF rodents|animal
21167931|expert_3|1258|1271|abstract|gut microbiota|microbiome
21167931|expert_3|1357|1367|abstract|SPF animals|animal
21167931|expert_3|1793|1812|abstract|depressive disorders|DDF
32517799|expert_1|0|41|title|Parkinson's disease-associated alterations|DDF
32517799|expert_1|50|63|title|gut microbiome|microbiome
32517799|expert_1|0|18|abstract|Parkinson's disease|DDF
32517799|expert_1|21|22|abstract|PD|DDF
32517799|expert_1|30|45|abstract|systemic disease|DDF
32517799|expert_1|117|121|abstract|brain|anatomical location
32517799|expert_1|149|162|abstract|gut microbiome|microbiome
32517799|expert_1|198|199|abstract|PD|DDF
32517799|expert_1|370|377|abstract|PD cases|human
32517799|expert_1|388|395|abstract|controls|human
32517799|expert_1|465|489|abstract|neurological examinations|biomedical technique
32517799|expert_1|495|518|abstract|neuropsychological tests|biomedical technique
32517799|expert_1|532|560|abstract|self-reporting questionnaires|biomedical technique
32517799|expert_1|623|646|abstract|16S rRNA gene sequencing|biomedical technique
32517799|expert_1|702|722|abstract|microbial metabolites|chemical
32517799|expert_1|745|763|abstract|metabolic modelling|biomedical technique
32517799|expert_1|837|854|abstract|human gut microbes|bacteria
32517799|expert_1|986|996|abstract|PD patients|human
32517799|expert_1|1002|1017|abstract|healthy controls|human
32517799|expert_1|1098|1109|abstract|constipation|DDF
32517799|expert_1|1153|1161|abstract|Bilophila|bacteria
32517799|expert_1|1167|1180|abstract|Paraprevotella|bacteria
32517799|expert_1|1341|1355|abstract|gut microbiomes|microbiome
32517799|expert_1|1444|1464|abstract|microbial metabolites|chemical
32517799|expert_1|1469|1470|abstract|PD|DDF
32517799|expert_1|1493|1502|abstract|methionine|chemical
32517799|expert_1|1508|1523|abstract|cysteinylglycine|chemical
32517799|expert_1|1627|1644|abstract|non-motor symptoms|DDF
32517799|expert_1|1672|1696|abstract|PD-associated alterations|DDF
32517799|expert_1|1705|1718|abstract|gut microbiome|microbiome
35317228|expert_5|25|38|title|gut microbiome|microbiome
35317228|expert_5|43|90|title|neuropsychiatric and neurodegenerative disorders|DDF
35317228|expert_5|255|268|abstract|gut microbiome|microbiome
35317228|expert_5|285|309|abstract|neuropsychiatric diseases|DDF
35317228|expert_5|318|327|abstract|depression|DDF
35317228|expert_5|330|353|abstract|autism spectrum disorder|DDF
35317228|expert_5|360|366|abstract|anxiety|DDF
35317228|expert_5|373|398|abstract|neurodegenerative diseases|DDF
35317228|expert_5|407|425|abstract|Parkinson's disease|DDF
35317228|expert_5|431|449|abstract|Alzheimer's disease|DDF
35317228|expert_5|516|529|abstract|gut microbiome|microbiome
35317228|expert_5|535|581|abstract|neuropsychiatric or neurodegenerative disorders|DDF
35317228|expert_5|663|676|abstract|gut microbiome|microbiome
35317228|expert_5|686|690|abstract|brain|anatomical location
35317228|expert_5|818|831|abstract|brain disorder|DDF
35317228|expert_5|871|887|abstract|neuronal diseases|DDF
33287442|expert_4|4|17|title|Gut Microbiota|microbiome
33287442|expert_4|0|12|abstract|Breast cancer|DDF
33287442|expert_4|47|52|abstract|cancer|DDF
33287442|expert_4|57|61|abstract|women|human
33287442|expert_4|245|257|abstract|breast cancer|DDF
33287442|expert_4|367|388|abstract|gastrointestinal tract|anatomical location
33287442|expert_4|395|408|abstract|gut microbiota|microbiome
33287442|expert_4|545|558|abstract|gut microbiota|microbiome
33287442|expert_4|652|665|abstract|gut microbiota|microbiome
33287442|expert_4|680|688|abstract|dysbiosis|DDF
33287442|expert_4|895|908|abstract|gut microbiota|microbiome
33287442|expert_4|917|925|abstract|dysbiosis|DDF
33287442|expert_4|1001|1009|abstract|prebiotic|dietary supplement
33287442|expert_4|1015|1039|abstract|probiotic supplementation|dietary supplement
33287442|expert_4|1172|1185|abstract|gut microbiota|microbiome
33287442|expert_4|1191|1203|abstract|breast cancer|DDF
33287442|expert_4|1265|1278|abstract|gut microbiota|microbiome
25173628|expert_3|0|24|title|Obese-type gut microbiota|microbiome
25173628|expert_3|33|55|title|neurobehavioral changes|DDF
25173628|expert_3|75|81|title|obesity|DDF
25173628|expert_3|18|31|abstract|mental illness|DDF
25173628|expert_3|47|56|abstract|depression|DDF
25173628|expert_3|62|69|abstract|dementia|DDF
25173628|expert_3|88|94|abstract|obesity|DDF
25173628|expert_3|161|174|abstract|gut microbiota|microbiome
25173628|expert_3|236|239|abstract|mice|animal
25173628|expert_3|242|297|abstract|Conventionally housed, nonobese, adult male C57BL/6 mice|animal
25173628|expert_3|429|434|abstract|donors|animal
25173628|expert_3|512|515|abstract|mice|animal
25173628|expert_3|549|583|abstract|behavioral and biochemical analyses|biomedical technique
25173628|expert_3|590|593|abstract|mice|animal
25173628|expert_3|601|614|abstract|HFD microbiota|microbiome
25173628|expert_3|661|710|abstract|exploratory, cognitive, and stereotypical behavior|DDF
25173628|expert_3|726|729|abstract|mice|animal
25173628|expert_3|736|758|abstract|control diet microbiota|microbiome
25173628|expert_3|818|855|abstract|Sequencing-based phylogenetic analysis|biomedical technique
25173628|expert_3|892|906|abstract|core microbiota|microbiome
25173628|expert_3|1074|1087|abstract|HFD microbiota|microbiome
25173628|expert_3|1154|1174|abstract|circulating endotoxin|chemical
25173628|expert_3|1216|1257|abstract|ionized calcium-binding adapter molecule 1|gene
25173628|expert_3|1260|1279|abstract|toll-like receptor 2|gene
25173628|expert_3|1286|1305|abstract|toll-like receptor 4|gene
25173628|expert_3|1363|1383|abstract|HFD-shaped microbiota|microbiome
25173628|expert_3|1395|1411|abstract|neuroinflammation|DDF
25173628|expert_3|1508|1520|abstract|gut dysbiosis|DDF
25173628|expert_3|1526|1547|abstract|neurologic dysfunction|DDF
25173628|expert_3|1611|1624|abstract|gut microbiota|microbiome
25173628|expert_3|1674|1680|abstract|obesity|DDF
32431588|expert_6|0|45|title|Gut Microbiome-Modified Polyphenolic Compounds|chemical
32431588|expert_6|92|110|title|α-Synucleinopathies|DDF
32431588|expert_6|42|52|abstract|α-synuclein|chemical
32431588|expert_6|55|59|abstract|α-syn|chemical
32431588|expert_6|102|120|abstract|Parkinson's disease|DDF
32431588|expert_6|123|124|abstract|PD|DDF
32431588|expert_6|143|157|abstract|synucleinopathy|DDF
32431588|expert_6|160|182|abstract|multiple system atrophy|DDF
32431588|expert_6|185|187|abstract|MSA|DDF
32431588|expert_6|205|219|abstract|α-syn pathology|DDF
32431588|expert_6|228|240|abstract|brain regions|anatomical location
32431588|expert_6|477|494|abstract|polyphenolic acids|chemical
32431588|expert_6|505|525|abstract|3-hydroxybenzoic acid|chemical
32431588|expert_6|528|532|abstract|3-HBA|chemical
32431588|expert_6|536|560|abstract|3,4-dihydroxybenzoic acid|chemical
32431588|expert_6|563|571|abstract|3,4-diHBA|chemical
32431588|expert_6|579|611|abstract|3-(3-hydroxyphenyl)propionic acid|chemical
32431588|expert_6|614|619|abstract|3-HPPA|chemical
32431588|expert_6|673|691|abstract|dietary polyphenols|chemical
32431588|expert_6|747|762|abstract|α-syn misfolding|DDF
32431588|expert_6|765|779|abstract|oligomerization|DDF
32431588|expert_6|794|823|abstract|aggregated α-syn neurotoxicity|DDF
32431588|expert_6|854|858|abstract|3-HBA|chemical
32431588|expert_6|861|881|abstract|4-hydroxybenzoic acid|chemical
32431588|expert_6|884|888|abstract|4-HBA|chemical
32431588|expert_6|892|900|abstract|3,4-diHBA|chemical
32431588|expert_6|906|911|abstract|3-HPPA|chemical
32431588|expert_6|974|985|abstract|HEK293 cells|bacteria
32431588|expert_6|1002|1019|abstract|α-syn-A53T-CFP/YFP|gene
32431588|expert_6|1063|1100|abstract|Fluorescence Resonance Energy Transfer|biomedical technique
32431588|expert_6|1103|1106|abstract|FRET|biomedical technique
32431588|expert_6|1172|1177|abstract|3-HPPA|chemical
32431588|expert_6|1180|1188|abstract|3,4-diHBA|chemical
32431588|expert_6|1191|1195|abstract|3-HBA|chemical
32431588|expert_6|1202|1206|abstract|4-HBA|chemical
32431588|expert_6|1233|1271|abstract|intracellular α-syn seeding aggregation|DDF
32431588|expert_6|1367|1381|abstract|insoluble α-syn|chemical
32431588|expert_6|1410|1412|abstract|MSA|DDF
32431588|expert_6|1417|1418|abstract|PD|DDF
32431588|expert_6|1451|1456|abstract|3-HPPA|chemical
32431588|expert_6|1481|1514|abstract|MSA-induced aggregation of monomer|DDF
32431588|expert_6|1656|1669|abstract|gut microbiome|microbiome
32431588|expert_6|1858|1866|abstract|probiotic|dietary supplement
32431588|expert_6|1869|1877|abstract|prebiotic|dietary supplement
32431588|expert_6|1883|1891|abstract|synbiotic|dietary supplement
32431588|expert_6|1951|1969|abstract|α-synucleinopathies|DDF
33819374|expert_3|0|13|title|Trimethylamine|chemical
33819374|expert_3|25|39|title|dauer formation|DDF
33819374|expert_3|42|58|title|neurodegeneration|DDF
33819374|expert_3|82|94|title|tyra-3/daf-11|gene
33819374|expert_3|109|130|title|Caenorhabditis elegans|animal
33819374|expert_3|7|37|abstract|nematode Caenorhabditis elegans|animal
33819374|expert_3|195|208|abstract|trimethylamine|chemical
33819374|expert_3|211|213|abstract|TMA|chemical
33819374|expert_3|297|299|abstract|TMA|chemical
33819374|expert_3|352|371|abstract|human gut microbiome|microbiome
33819374|expert_3|429|436|abstract|diabetes|DDF
33819374|expert_3|442|464|abstract|cardiovascular diseases|DDF
33819374|expert_3|491|514|abstract|tyramine receptor TYRA-3|gene
33819374|expert_3|529|554|abstract|G protein-coupled receptor|chemical
33819374|expert_3|557|560|abstract|GPCR|chemical
33819374|expert_3|585|587|abstract|TMA|chemical
33819374|expert_3|616|618|abstract|TMA|chemical
33819374|expert_3|630|652|abstract|guanylyl cyclase DAF-11|gene
33819374|expert_3|672|677|abstract|TYRA-3|gene
33819374|expert_3|764|780|abstract|Bacterial mutants|animal
33819374|expert_3|795|797|abstract|TMA|chemical
33819374|expert_3|913|915|abstract|TMA|chemical
33819374|expert_3|925|937|abstract|neural damage|DDF
33819374|expert_3|952|970|abstract|Parkinson's disease|DDF
33819374|expert_3|1055|1057|abstract|TMA|chemical
33819374|expert_3|1062|1071|abstract|C. elegans|animal
28843021|expert_1|4|27|title|nasal and gut microbiome|microbiome
28843021|expert_1|32|50|title|Parkinson's disease|DDF
28843021|expert_1|56|108|title|idiopathic rapid eye movement sleep behavior disorder|DDF
28843021|expert_1|33|46|abstract|gut microbiota|microbiome
28843021|expert_1|82|100|abstract|Parkinson's disease|DDF
28843021|expert_1|103|104|abstract|PD|DDF
28843021|expert_1|187|197|abstract|PD patients|human
28843021|expert_1|313|365|abstract|idiopathic rapid eye movement sleep behavior disorder|DDF
28843021|expert_1|393|425|abstract|α-synuclein aggregation disorders|DDF
28843021|expert_1|437|438|abstract|PD|DDF
28843021|expert_1|532|584|abstract|idiopathic rapid eye movement sleep behavior disorder|DDF
28843021|expert_1|587|597|abstract|manifest PD|DDF
28843021|expert_1|604|622|abstract|healthy individuals|human
28843021|expert_1|689|699|abstract|PD patients|human
28843021|expert_1|705|766|abstract|idiopathic rapid eye movement sleep behavior disorder patients|human
28843021|expert_1|776|791|abstract|healthy controls|human
28843021|expert_1|810|854|abstract|16S and 18S ribosomal RNA amplicon sequencing|biomedical technique
28843021|expert_1|931|947|abstract|nonmotor symptoms|DDF
28843021|expert_1|1102|1113|abstract|gut microbes|bacteria
28843021|expert_1|1124|1134|abstract|Akkermansia|bacteria
28843021|expert_1|1154|1155|abstract|PD|DDF
28843021|expert_1|1187|1202|abstract|nasal microbiota|microbiome
28843021|expert_1|1240|1251|abstract|gut microbes|bacteria
28843021|expert_1|1256|1257|abstract|PD|human
28843021|expert_1|1266|1281|abstract|healthy controls|human
28843021|expert_1|1308|1360|abstract|idiopathic rapid eye movement sleep behavior disorder|DDF
28843021|expert_1|1376|1388|abstract|Anaerotruncus|bacteria
28843021|expert_1|1402|1417|abstract|Bacteroides spp.|bacteria
28843021|expert_1|1440|1456|abstract|nonmotor symptoms|DDF
28843021|expert_1|1459|1480|abstract|Metagenomic sequencing|biomedical technique
28843021|expert_1|1666|1667|abstract|PD|DDF
28843021|expert_1|1677|1738|abstract|prodrome idiopathic rapid eye movement sleep behavior disorder|DDF
28843021|expert_1|1761|1776|abstract|healthy controls|human
28843021|expert_1|1811|1822|abstract|metagenomics|biomedical technique
28843021|expert_1|1903|1904|abstract|PD|DDF
28843021|expert_1|1913|1965|abstract|idiopathic rapid eye movement sleep behavior disorder|DDF
34004259|expert_6|40|53|title|gut microbiota|microbiome
34004259|expert_6|58|61|title|mice|animal
34004259|expert_6|96|109|title|DREADD ligands|drug
34004259|expert_6|0|57|abstract|Designer Receptors Exclusively Activated by Designer Drugs|chemical
34004259|expert_6|60|66|abstract|DREADDs|chemical
34004259|expert_6|103|129|abstract|G-protein-coupled receptors|chemical
34004259|expert_6|132|136|abstract|GPCRs|chemical
34004259|expert_6|166|182|abstract|synthetic ligands|chemical
34004259|expert_6|192|208|abstract|clozapine N-oxide|chemical
34004259|expert_6|211|213|abstract|CNO|chemical
34004259|expert_6|220|236|abstract|DREADD agonist 21|chemical
34004259|expert_6|239|254|abstract|compound 21: C21|chemical
34004259|expert_6|349|353|abstract|brain|anatomical location
34004259|expert_6|363|389|abstract|gastrointestinal microbiota|microbiome
34004259|expert_6|458|460|abstract|CNO|chemical
34004259|expert_6|465|467|abstract|C21|chemical
34004259|expert_6|489|502|abstract|gut microbiota|microbiome
34004259|expert_6|508|530|abstract|short-chain fatty acids|chemical
34004259|expert_6|533|537|abstract|SCFAs|chemical
34004259|expert_6|552|561|abstract|adult mice|animal
34004259|expert_6|591|593|abstract|CNO|chemical
34004259|expert_6|598|600|abstract|C21|chemical
34004259|expert_6|660|673|abstract|gut microbiota|microbiome
34004259|expert_6|678|681|abstract|mice|animal
34004259|expert_6|697|708|abstract|control mice|animal
34004259|expert_6|876|933|abstract|linear discriminant analysis effect size (LEfSe) algorithm|statistical technique
34004259|expert_6|960|973|abstract|Prevotellaceae|bacteria
34004259|expert_6|980|998|abstract|genus Anaerocolumna|bacteria
34004259|expert_6|1005|1020|abstract|genus Prevotella|bacteria
34004259|expert_6|1031|1050|abstract|genus Frisingicoccus|bacteria
34004259|expert_6|1157|1161|abstract|LEfSe|statistical technique
34004259|expert_6|1195|1208|abstract|Clostridiaceae|bacteria
34004259|expert_6|1215|1233|abstract|genus Faecalicatena|bacteria
34004259|expert_6|1243|1265|abstract|genus Marinisporobacter|bacteria
34004259|expert_6|1432|1434|abstract|CNO|chemical
34004259|expert_6|1440|1442|abstract|C21|chemical
34004259|expert_6|1459|1463|abstract|SCFAs|chemical
34004259|expert_6|1485|1494|abstract|adult mice|animal
34004259|expert_6|1546|1548|abstract|CNO|chemical
34004259|expert_6|1553|1555|abstract|C21|chemical
34004259|expert_6|1603|1616|abstract|gut microbiota|microbiome
34004259|expert_6|1621|1630|abstract|adult mice|animal
34004259|expert_6|1680|1693|abstract|gut microbiota|microbiome
34004259|expert_6|1717|1730|abstract|DREADD ligands|drug
34004259|expert_6|1810|1816|abstract|rodents|animal
34004259|expert_6|1831|1844|abstract|DREADD ligands|drug
33301807|expert_6|0|17|title|Spinal cord injury|DDF
33301807|expert_6|23|36|title|gut microbiota|microbiome
33301807|expert_6|6|23|abstract|spinal cord injury|DDF
33301807|expert_6|26|28|abstract|SCI|DDF
33301807|expert_6|32|53|abstract|intestinal dysfunction|DDF
33301807|expert_6|207|209|abstract|SCI|DDF
33301807|expert_6|218|230|abstract|gut dysbiosis|DDF
33301807|expert_6|244|257|abstract|gut microbiota|microbiome
33301807|expert_6|344|346|abstract|SCI|DDF
33301807|expert_6|384|386|abstract|SCI|DDF
33301807|expert_6|406|419|abstract|gut microbiota|microbiome
33301807|expert_6|498|500|abstract|SCI|DDF
33301807|expert_6|513|534|abstract|intestinal dysfunction|DDF
33301807|expert_6|537|558|abstract|anxiety and depression|DDF
33301807|expert_6|561|579|abstract|metabolic disorders|DDF
33301807|expert_6|586|601|abstract|neuropathic pain|DDF
33301807|expert_6|642|654|abstract|gut dysbiosis|DDF
33301807|expert_6|805|821|abstract|germ-free animals|animal
33301807|expert_6|858|867|abstract|probiotics|dietary supplement
33301807|expert_6|870|875|abstract|phages|chemical
33301807|expert_6|882|905|abstract|brain imaging techniques|biomedical technique
33301807|expert_6|1114|1116|abstract|SCI|DDF
33301807|expert_6|1123|1136|abstract|gut microbiota|microbiome
33301807|expert_6|1176|1189|abstract|gut microbiota|microbiome
27930574|expert_5|2|30|title|MeSH-based text mining method|statistical technique
27930574|expert_5|48|63|title|novel prebiotics|dietary supplement
27930574|expert_5|0|9|abstract|Prebiotics|dietary supplement
27930574|expert_5|89|102|abstract|gut microbiota|microbiome
27930574|expert_5|121|130|abstract|prebiotics|dietary supplement
27930574|expert_5|397|406|abstract|prebiotics|dietary supplement
27930574|expert_5|480|535|abstract|medical subject headings (MeSH)-based text mining method|statistical technique
27930574|expert_5|557|566|abstract|prebiotics|dietary supplement
27930574|expert_5|680|715|abstract|systematic feature-ranking algorithm|statistical technique
27930574|expert_5|741|753|abstract|carbohydrates|chemical
27930574|expert_5|923|932|abstract|prebiotics|dietary supplement
27930574|expert_5|945|957|abstract|carbohydrates|chemical
27930574|expert_5|966|991|abstract|cross-validation procedure|statistical technique
27930574|expert_5|1188|1197|abstract|prebiotics|dietary supplement
27930574|expert_5|1274|1323|abstract|text mining from high-volume biomedical literature|statistical technique
27930574|expert_5|1370|1379|abstract|prebiotics|dietary supplement
32667590|expert_5|45|70|title|neuropsychiatric disorders|DDF
32667590|expert_5|266|290|abstract|small and large intestine|anatomical location
32667590|expert_5|398|402|abstract|brain|anatomical location
32667590|expert_5|546|566|abstract|intestinal microbiota|microbiome
32667590|expert_5|584|621|abstract|neurological and psychiatric disorders|DDF
32667590|expert_5|673|686|abstract|gut microbiota|microbiome
32667590|expert_5|695|699|abstract|brain|anatomical location
32667590|expert_5|717|733|abstract|Alzheimer disease|DDF
32667590|expert_5|736|743|abstract|dementia|DDF
32667590|expert_5|746|752|abstract|anxiety|DDF
32667590|expert_5|755|778|abstract|autism spectrum disorder|DDF
32667590|expert_5|781|796|abstract|bipolar disorder|DDF
32667590|expert_5|799|823|abstract|major depressive disorder|DDF
32667590|expert_5|826|844|abstract|Parkinson's disease|DDF
32667590|expert_5|851|863|abstract|schizophrenia|DDF
32667590|expert_5|915|956|abstract|intestinal metabolites of microbial origin|chemical
32667590|expert_5|969|991|abstract|short-chain fatty acids|chemical
32667590|expert_5|994|1015|abstract|tryptophan metabolites|chemical
32667590|expert_5|1128|1137|abstract|prebiotics|dietary supplement
32667590|expert_5|1140|1149|abstract|probiotics|dietary supplement
32667590|expert_5|1215|1240|abstract|neuropsychiatric disorders|DDF
30033172|expert_2|4|17|abstract|gut microbiota|microbiome
30033172|expert_2|52|61|abstract|human host|human
30033172|expert_2|393|406|abstract|gut microbiota|microbiome
30033172|expert_2|515|528|abstract|gut microbiota|microbiome
30033172|expert_2|709|733|abstract|non-communicable diseases|DDF
30033172|expert_2|739|758|abstract|intestinal dysbiosis|DDF
30033172|expert_2|832|858|abstract|dietary-induced alterations|DDF
27763700|expert_6|22|31|title|prebiotics|dietary supplement
27763700|expert_6|37|60|title|bioactive milk fractions|dietary supplement
27763700|expert_6|86|91|title|stress|DDF
27763700|expert_6|96|126|title|learned helplessness behaviours|DDF
27763700|expert_6|13|24|abstract|gut microbes|microbiome
27763700|expert_6|53|62|abstract|Prebiotics|dietary supplement
27763700|expert_6|199|208|abstract|prebiotics|dietary supplement
27763700|expert_6|284|314|abstract|learned helplessness behaviours|DDF
27763700|expert_6|324|340|abstract|failure to escape|DDF
27763700|expert_6|346|361|abstract|exaggerated fear|DDF
27763700|expert_6|427|436|abstract|prebiotics|dietary supplement
27763700|expert_6|439|460|abstract|galactooligosaccharide|dietary supplement
27763700|expert_6|463|465|abstract|GOS|dietary supplement
27763700|expert_6|472|483|abstract|polydextrose|dietary supplement
27763700|expert_6|486|488|abstract|PDX|dietary supplement
27763700|expert_6|513|523|abstract|lactoferrin|chemical
27763700|expert_6|526|528|abstract|LAC|chemical
27763700|expert_6|587|592|abstract|stress|DDF
27763700|expert_6|609|632|abstract|Juvenile, male F344 rats|animal
27763700|expert_6|667|669|abstract|GOS|dietary supplement
27763700|expert_6|675|677|abstract|PDX|dietary supplement
27763700|expert_6|686|688|abstract|LAC|chemical
27763700|expert_6|700|702|abstract|GOS|dietary supplement
27763700|expert_6|705|707|abstract|PDX|dietary supplement
27763700|expert_6|713|715|abstract|LAC|chemical
27763700|expert_6|736|747|abstract|gut bacteria|bacteria
27763700|expert_6|773|775|abstract|GOS|dietary supplement
27763700|expert_6|781|783|abstract|PDX|dietary supplement
27763700|expert_6|795|812|abstract|Lactobacillus spp.|bacteria
27763700|expert_6|829|832|abstract|rats|animal
27763700|expert_6|850|867|abstract|inescapable stress|DDF
27763700|expert_6|1029|1042|abstract|corticosterone|chemical
27763700|expert_6|1048|1060|abstract|blood glucose|chemical
27763700|expert_6|1108|1142|abstract|stress-induced learned helplessness|DDF
27763700|expert_6|1154|1174|abstract|in situ hybridization|biomedical technique
27763700|expert_6|1208|1230|abstract|stress-evoked cfos mRNA|gene
27763700|expert_6|1293|1323|abstract|learned helplessness behaviours|DDF
27763700|expert_6|1339|1341|abstract|GOS|dietary supplement
27763700|expert_6|1344|1346|abstract|PDX|dietary supplement
27763700|expert_6|1352|1354|abstract|LAC|chemical
27763700|expert_6|1372|1402|abstract|stress-evoked decreases in mRNA|DDF
27763700|expert_6|1412|1441|abstract|5-HT<sub>1A</sub> autoreceptor|chemical
27763700|expert_6|1468|1482|abstract|basal BDNF mRNA|gene
27763700|expert_6|1495|1511|abstract|prefrontal cortex|anatomical location
27763700|expert_6|1561|1570|abstract|prebiotics|dietary supplement
27763700|expert_6|1603|1619|abstract|stress resistance|DDF
31383280|expert_7|32|49|title|Mother-Infant Dyad|human
31383280|expert_7|72|94|title|Maternal Gut Microbiome|microbiome
31383280|expert_7|0|35|abstract|Perinatal mood and anxiety disorders|DDF
31383280|expert_7|38|41|abstract|PMAD|DDF
31383280|expert_7|81|86|abstract|mother|human
31383280|expert_7|92|96|abstract|child|human
31383280|expert_7|375|378|abstract|PMAD|DDF
31383280|expert_7|611|614|abstract|PMAD|DDF
31383280|expert_7|653|658|abstract|mother|human
31383280|expert_7|664|668|abstract|child|human
38606411|expert_2|11|35|title|intestinal barrier damage|DDF
38606411|expert_2|40|47|title|patients|human
38606411|expert_2|54|78|title|chronic insomnia disorder|DDF
38606411|expert_2|0|16|abstract|Insomnia disorder|DDF
38606411|expert_2|53|92|abstract|clinical sleep and psychiatric disorders|DDF
38606411|expert_2|186|199|abstract|gut microbiota|microbiome
38606411|expert_2|207|217|abstract|individuals|human
38606411|expert_2|224|240|abstract|insomnia disorder|DDF
38606411|expert_2|328|344|abstract|insomnia disorder|DDF
38606411|expert_2|453|470|abstract|intestinal barrier|anatomical location
38606411|expert_2|475|485|abstract|individuals|human
38606411|expert_2|492|508|abstract|insomnia disorder|DDF
38606411|expert_2|570|577|abstract|patients|human
38606411|expert_2|584|608|abstract|chronic insomnia disorder|DDF
38606411|expert_2|625|642|abstract|healthy volunteers|human
38606411|expert_2|700|715|abstract|ELISA technology|biomedical technique
38606411|expert_2|757|771|abstract|diamine oxidase|chemical
38606411|expert_2|774|776|abstract|DAO|chemical
38606411|expert_2|780|792|abstract|D-lactic acid|chemical
38606411|expert_2|795|798|abstract|D-LA|chemical
38606411|expert_2|802|838|abstract|intestinal fatty acid binding protein|chemical
38606411|expert_2|841|846|abstract|I-FABP|chemical
38606411|expert_2|854|863|abstract|endothelin|chemical
38606411|expert_2|866|867|abstract|ET|chemical
38606411|expert_2|871|899|abstract|Spearman correlation analysis|statistical technique
38606411|expert_2|1055|1075|abstract|healthy control group|human
38606411|expert_2|1082|1104|abstract|insomnia disorder group|human
38606411|expert_2|1360|1370|abstract|individuals|human
38606411|expert_2|1377|1393|abstract|insomnia disorder|DDF
38606411|expert_2|1565|1595|abstract|chronic insomnia disorder group|human
38606411|expert_2|1647|1655|abstract|serum DAO|chemical
38606411|expert_2|1658|1661|abstract|D-LA|chemical
38606411|expert_2|1664|1669|abstract|I-FABP|chemical
38606411|expert_2|1676|1677|abstract|ET|chemical
38606411|expert_2|2020|2030|abstract|Individuals|human
38606411|expert_2|2037|2061|abstract|chronic insomnia disorder|DDF
38606411|expert_2|2133|2139|abstract|anxiety|DDF
38606411|expert_2|2167|2202|abstract|impaired intestinal barrier function|DDF
32983561|expert_3|191|202|abstract|gut microbes|microbiome
32983561|expert_3|432|445|abstract|gut microbiota|microbiome
32983561|expert_3|483|487|abstract|brain|anatomical location
32983561|expert_3|636|645|abstract|individual|human
28073356|expert_7|0|25|title|Gut microbiota disturbance|DDF
28073356|expert_7|34|51|title|helminth infection|DDF
28073356|expert_7|95|102|title|children|human
28073356|expert_7|37|41|abstract|brain|anatomical location
28073356|expert_7|51|72|abstract|gastrointestinal tract|anatomical location
28073356|expert_7|165|183|abstract|helminth infections|DDF
28073356|expert_7|206|219|abstract|gut microbiota|microbiome
28073356|expert_7|255|268|abstract|gut microbiota|microbiome
28073356|expert_7|344|348|abstract|brain|anatomical location
28073356|expert_7|392|410|abstract|helminth infections|DDF
28073356|expert_7|514|540|abstract|gastrointestinal infections|DDF
28073356|expert_7|547|561|abstract|parasitic worms|animal
28073356|expert_7|572|580|abstract|helminths|animal
28073356|expert_7|794|813|abstract|school-aged children|human
28073356|expert_7|825|843|abstract|helminth infections|DDF
28073356|expert_7|867|886|abstract|cognitive impairment|DDF
28073356|expert_7|908|921|abstract|gut microbiota|microbiome
28073356|expert_7|1011|1029|abstract|helminth infections|DDF
28073356|expert_7|1401|1436|abstract|gastrointestinal helminth infections|DDF
28073356|expert_7|1445|1473|abstract|childhood cognitive morbidity|DDF
28073356|expert_7|1546|1564|abstract|helminth infections|DDF
28073356|expert_7|1633|1646|abstract|gut microbiota|microbiome
37764277|expert_3|23|30|title|Baicalin|drug
37764277|expert_3|35|42|title|Diseases|DDF
37764277|expert_3|55|81|title|Gut-Brain Axis Dysfunctions|DDF
37764277|expert_3|93|124|abstract|central nervous system disorders|DDF
37764277|expert_3|127|145|abstract|Alzheimer's disease|DDF
37764277|expert_3|148|166|abstract|Parkinson's disease|DDF
37764277|expert_3|173|182|abstract|depression|DDF
37764277|expert_3|186|204|abstract|metabolic disorders|DDF
37764277|expert_3|207|230|abstract|obesity-related diseases|DDF
37764277|expert_3|238|257|abstract|intestinal disorders|DDF
37764277|expert_3|260|285|abstract|inflammatory bowel disease|DDF
37764277|expert_3|291|299|abstract|dysbiosis|DDF
37764277|expert_3|357|364|abstract|Baicalin|chemical
37764277|expert_3|369|387|abstract|bioactive flavonoid|chemical
37764277|expert_3|407|429|abstract|Scutellaria baicalensis|bacteria
37764277|expert_3|573|580|abstract|baicalin|chemical
37764277|expert_3|618|625|abstract|Baicalin|chemical
37764277|expert_3|742|748|abstract|obesity|DDF
37764277|expert_3|816|835|abstract|intestinal disorders|DDF
37764277|expert_3|867|891|abstract|intestinal microorganisms|bacteria
37764277|expert_3|909|918|abstract|fatty acid|chemical
37764277|expert_3|953|960|abstract|baicalin|chemical
37764277|expert_3|1065|1072|abstract|baicalin|chemical
37764277|expert_3|1077|1100|abstract|gut-brain axis disorders|DDF
34357134|expert_2|3|15|abstract|schizophrenia|DDF
34357134|expert_2|18|44|abstract|social cognitive impairment|DDF
34357134|expert_2|514|521|abstract|patients|human
34357134|expert_2|528|540|abstract|schizophrenia|DDF
34357134|expert_2|590|608|abstract|healthy individuals|human
34357134|expert_2|993|1006|abstract|gut microbiota|microbiome
37049591|expert_3|0|30|title|Dysbiosis of the Gut Microbiota|DDF
37049591|expert_3|97|104|title|Patients|human
37049591|expert_3|111|135|title|Major Depressive Disorder|DDF
37049591|expert_3|115|128|abstract|gut microbiota|microbiome
37049591|expert_3|158|194|abstract|neurological and psychiatric diseases|DDF
37049591|expert_3|206|219|abstract|gut microbiota|microbiome
37049591|expert_3|232|271|abstract|major depressive disorder (MDD) patients|human
37049591|expert_3|343|354|abstract|MDD patients|human
37049591|expert_3|366|381|abstract|healthy controls|human
37049591|expert_3|521|536|abstract|intestinal flora|microbiome
37049591|expert_3|557|568|abstract|MDD patients|human
37049591|expert_3|573|588|abstract|MiSeq sequencing|biomedical technique
37049591|expert_3|591|602|abstract|Venous blood|anatomical location
37049591|expert_3|639|672|abstract|plasma indoleamine-2,3-dioxygenase|chemical
37049591|expert_3|675|677|abstract|Ido|chemical
37049591|expert_3|681|690|abstract|kynurenine|chemical
37049591|expert_3|693|695|abstract|Kyn|chemical
37049591|expert_3|702|711|abstract|tryptophan|chemical
37049591|expert_3|714|716|abstract|Trp|chemical
37049591|expert_3|744|767|abstract|bacterial 16S sequencing|biomedical technique
37049591|expert_3|958|970|abstract|control group|human
37049591|expert_3|990|998|abstract|MDD cases|human
37049591|expert_3|1132|1143|abstract|MDD patients|human
37049591|expert_3|1177|1179|abstract|Ido|chemical
37049591|expert_3|1185|1187|abstract|Kyn|chemical
37049591|expert_3|1224|1270|abstract|KEGG bacterial 16S function prediction analysis|biomedical technique
37049591|expert_3|1291|1301|abstract|amino acids|chemical
37049591|expert_3|1328|1330|abstract|Ido|chemical
37049591|expert_3|1333|1335|abstract|Trp|chemical
37049591|expert_3|1341|1343|abstract|Kyn|chemical
37049591|expert_3|1369|1376|abstract|patients|human
37049591|expert_3|1383|1385|abstract|MDD|DDF
37049591|expert_3|1418|1439|abstract|neurotoxic metabolites|chemical
37049591|expert_3|1467|1475|abstract|serotonin|chemical
37049591|expert_3|1569|1571|abstract|MDD|DDF
32834004|expert_4|0|26|title|Predictive analysis methods|statistical technique
32834004|expert_4|74|92|title|Parkinson's disease|DDF
32834004|expert_4|167|193|abstract|statistical testing methods|statistical technique
32834004|expert_4|292|318|abstract|statistical testing methods|statistical technique
32834004|expert_4|536|540|abstract|LASSO|statistical technique
32834004|expert_4|776|780|abstract|LASSO|statistical technique
32834004|expert_4|793|835|abstract|LASSO multinomial logistic regression model|statistical technique
32834004|expert_4|889|901|abstract|screening+GLM|statistical technique
32834004|expert_4|955|958|abstract|GLMM|statistical technique
32834004|expert_4|988|996|abstract|GLM model|statistical technique
32834004|expert_4|1045|1049|abstract|LASSO|statistical technique
32834004|expert_4|1062|1066|abstract|LASSO|statistical technique
32834004|expert_4|1102|1105|abstract|GLMM|statistical technique
32834004|expert_4|1192|1219|abstract|Dirichlet-multinomial models|statistical technique
32834004|expert_4|1263|1281|abstract|Parkinson's disease|DDF
32834004|expert_4|1426|1430|abstract|LASSO|statistical technique
32834004|expert_4|1562|1580|abstract|Parkinson's disease|DDF
32834004|expert_4|1804|1822|abstract|Parkinson's disease|DDF
32834004|expert_4|1832|1845|abstract|gut microbiome|microbiome
37156128|expert_2|40|47|title|patients|human
37156128|expert_2|54|66|title|schizophrenia|DDF
37156128|expert_2|72|87|title|healthy controls|human
37156128|expert_2|4|23|abstract|human gut microbiome|microbiome
37156128|expert_2|117|142|abstract|neuropsychiatric disorders|DDF
37156128|expert_2|183|196|abstract|gut microbiome|microbiome
37156128|expert_2|222|234|abstract|schizophrenia|DDF
37156128|expert_2|237|239|abstract|SCZ|DDF
37156128|expert_2|383|396|abstract|gut microbiota|microbiome
37156128|expert_2|404|459|abstract|drug-naïve (DN SCZ) and risperidone-treated SCZ patients|human
37156128|expert_2|462|469|abstract|RISP SCZ|human
37156128|expert_2|485|500|abstract|healthy controls|human
37156128|expert_2|503|505|abstract|HCs|human
37156128|expert_2|536|547|abstract|participants|human
37156128|expert_2|630|635|abstract|DN SCZ|human
37156128|expert_2|638|645|abstract|RISP SCZ|human
37156128|expert_2|651|653|abstract|HCs|human
37156128|expert_2|704|722|abstract|16s rRNA sequencing|biomedical technique
37156128|expert_2|871|882|abstract|SCZ patients|human
37156128|expert_2|890|891|abstract|DN|human
37156128|expert_2|897|900|abstract|RISP|human
37156128|expert_2|907|909|abstract|HCs|human
37156128|expert_2|912|920|abstract|PERMANOVA|statistical technique
37156128|expert_2|934|973|abstract|Linear Discriminant Analysis Effect Size|statistical technique
37156128|expert_2|976|980|abstract|LEfSe|statistical technique
37156128|expert_2|987|1005|abstract|Random Forest model|statistical technique
37156128|expert_2|1148|1159|abstract|Ruminococcus|bacteria
37156128|expert_2|1162|1167|abstract|UCG005|bacteria
37156128|expert_2|1170|1196|abstract|Clostridium_sensu_stricto_1|bacteria
37156128|expert_2|1202|1216|abstract|Bifidobacterium|bacteria
37156128|expert_2|1237|1248|abstract|SCZ patients|human
37156128|expert_2|1255|1257|abstract|HCs|human
37156128|expert_2|1303|1305|abstract|HCs|human
37156128|expert_2|1310|1315|abstract|DN SCZ|human
37156128|expert_2|1330|1332|abstract|HCs|human
37156128|expert_2|1337|1344|abstract|RISP SCZ|human
37156128|expert_2|1362|1367|abstract|DN SCZ|human
37156128|expert_2|1372|1379|abstract|RISP SCZ|human
37156128|expert_2|1486|1491|abstract|DN SCZ|human
37156128|expert_2|1494|1501|abstract|RISP SCZ|human
37156128|expert_2|1508|1510|abstract|HCs|human
37156128|expert_2|1582|1595|abstract|gut microbiome|microbiome
31769847|expert_7|0|9|title|Probiotics|dietary supplement
31769847|expert_7|15|24|title|prebiotics|dietary supplement
31769847|expert_7|36|56|title|psychiatric disorders|DDF
31769847|expert_7|23|41|abstract|microbial dysbiosis|DDF
31769847|expert_7|62|81|abstract|psychiatric diseases|DDF
31769847|expert_7|102|115|abstract|gut microbiota|microbiome
31769847|expert_7|174|183|abstract|probiotics|dietary supplement
31769847|expert_7|189|198|abstract|prebiotics|dietary supplement
31769847|expert_7|296|305|abstract|probiotics|dietary supplement
31769847|expert_7|310|319|abstract|prebiotics|dietary supplement
31769847|expert_7|324|343|abstract|psychiatric patients|human
31769847|expert_7|473|482|abstract|prebiotics|dietary supplement
31769847|expert_7|487|496|abstract|probiotics|dietary supplement
31769847|expert_7|501|508|abstract|patients|human
31769847|expert_7|538|557|abstract|psychiatric disorder|DDF
31769847|expert_7|722|731|abstract|Probiotics|dietary supplement
31769847|expert_7|763|787|abstract|major depressive disorder|DDF
31769847|expert_7|793|811|abstract|Alzheimer's disease|DDF
31769847|expert_7|836|845|abstract|probiotics|dietary supplement
31769847|expert_7|876|883|abstract|patients|human
31769847|expert_7|890|900|abstract|acute mania|DDF
31769847|expert_7|906|930|abstract|autism spectrum disorders|DDF
31769847|expert_7|1023|1032|abstract|probiotics|dietary supplement
31769847|expert_7|1087|1094|abstract|patients|human
31769847|expert_7|1101|1113|abstract|schizophrenia|DDF
31769847|expert_7|1210|1230|abstract|psychiatric disorders|DDF
31769847|expert_7|1260|1269|abstract|prebiotics|dietary supplement
31769847|expert_7|1275|1284|abstract|probiotics|dietary supplement
36072564|expert_6|25|50|title|gut microbiota metabolites|chemical
36072564|expert_6|32|51|abstract|age-related diseases|DDF
36072564|expert_6|62|96|abstract|Alzheimer's and Parkinson's disease|DDF
36072564|expert_6|116|130|abstract|brain disorders|DDF
36072564|expert_6|143|149|abstract|anxiety|DDF
36072564|expert_6|152|161|abstract|depression|DDF
36072564|expert_6|168|180|abstract|schizophrenia|DDF
36072564|expert_6|235|248|abstract|gut microbiome|microbiome
36072564|expert_6|328|356|abstract|host's gastrointestinal tract|anatomical location
36072564|expert_6|403|413|abstract|antibiotics|drug
36072564|expert_6|462|466|abstract|aging|DDF
36072564|expert_6|479|508|abstract|microbiota-derived metabolites|chemical
36072564|expert_6|526|542|abstract|older individuals|human
36072564|expert_6|549|571|abstract|age-associated diseases|DDF
36072564|expert_6|577|593|abstract|cognitive defects|DDF
36072564|expert_6|616|633|abstract|healthy age groups|human
36072564|expert_6|718|724|abstract|choline|chemical
36072564|expert_6|730|743|abstract|trimethylamine|chemical
36072564|expert_6|773|792|abstract|age-related diseases|DDF
36072564|expert_6|1098|1102|abstract|brain|anatomical location
36072564|expert_6|1182|1200|abstract|perivascular spaces|anatomical location
36072564|expert_6|1203|1210|abstract|meninges|anatomical location
36072564|expert_6|1221|1234|abstract|choroid plexus|anatomical location
36072564|expert_6|1325|1354|abstract|microbiota-derived metabolites|chemical
36072564|expert_6|1379|1401|abstract|age-associated diseases|DDF
31596658|expert_6|104|121|abstract|photobiomodulation|biomedical technique
31596658|expert_6|124|126|abstract|PBM|biomedical technique
31596658|expert_6|241|243|abstract|PBM|biomedical technique
31596658|expert_6|362|365|abstract|pain|DDF
31596658|expert_6|371|382|abstract|inflammation|DDF
31596658|expert_6|402|404|abstract|PBM|biomedical technique
31596658|expert_6|430|433|abstract|head|anatomical location
31596658|expert_6|481|494|abstract|brain diseases|DDF
31596658|expert_6|504|509|abstract|stroke|DDF
31596658|expert_6|512|533|abstract|traumatic brain injury|DDF
31596658|expert_6|536|538|abstract|TBI|DDF
31596658|expert_6|542|577|abstract|Alzheimer's and Parkinson's diseases|DDF
31596658|expert_6|584|604|abstract|psychiatric disorders|DDF
31596658|expert_6|745|747|abstract|gut|anatomical location
31596658|expert_6|757|761|abstract|mouth|anatomical location
31596658|expert_6|838|851|abstract|gut microbiome|microbiome
31596658|expert_6|898|904|abstract|obesity|DDF
31596658|expert_6|907|930|abstract|cardiovascular disorders|DDF
31596658|expert_6|933|944|abstract|autoimmunity|DDF
31596658|expert_6|956|970|abstract|brain disorders|DDF
31596658|expert_6|1096|1105|abstract|microbiome|microbiome
31596658|expert_6|1228|1234|abstract|abdomen|anatomical location
31596658|expert_6|1239|1242|abstract|mice|animal
31596658|expert_6|1259|1272|abstract|gut microbiome|microbiome
31596658|expert_6|1346|1359|abstract|human subjects|human
31596658|expert_6|1437|1448|abstract|metabolomics|biomedical technique
31596658|expert_6|1498|1507|abstract|microbiome|microbiome
31596658|expert_6|1551|1560|abstract|microbiome|microbiome
31596658|expert_6|1725|1734|abstract|microbiome|microbiome
31596658|expert_6|1739|1744|abstract|humans|human
30518033|expert_6|15|28|title|Anxiety Levels|DDF
30518033|expert_6|74|99|title|Gut Microbiota Composition|microbiome
30518033|expert_6|0|12|abstract|Psychobiotics|dietary supplement
30518033|expert_6|18|34|abstract|probiotic strains|dietary supplement
30518033|expert_6|172|185|abstract|gut microbiota|microbiome
30518033|expert_6|314|327|abstract|gut microbiota|microbiome
30518033|expert_6|352|358|abstract|anxiety|DDF
30518033|expert_6|501|507|abstract|anxiety|DDF
30518033|expert_6|526|554|abstract|elevated plus maze (EPM) test|biomedical technique
30518033|expert_6|586|589|abstract|mice|animal
30518033|expert_6|617|631|abstract|5-week-old mice|animal
30518033|expert_6|663|668|abstract|Balb/c|animal
30518033|expert_6|671|685|abstract|Orient C57BL/6N|animal
30518033|expert_6|688|703|abstract|Taconic C57BL/6N|animal
30518033|expert_6|710|725|abstract|Taconic C57BL/6J|animal
30518033|expert_6|770|782|abstract|anxiety level|DDF
30518033|expert_6|808|815|abstract|EPM test|biomedical technique
30518033|expert_6|872|889|abstract|behavorial testing|biomedical technique
30518033|expert_6|931|937|abstract|anxiety|DDF
30518033|expert_6|1077|1085|abstract|probiotic|dietary supplement
30518033|expert_6|1125|1135|abstract|antibiotics|drug
30518033|expert_6|1163|1181|abstract|host anxiety levels|DDF
30518033|expert_6|1218|1231|abstract|gut microbiota|microbiome
30518033|expert_6|1294|1315|abstract|psychological symptoms|DDF
34216356|expert_6|29|42|title|Gut Microbiome|microbiome
34216356|expert_6|48|73|title|Neurodegenerative Diseases|DDF
34216356|expert_6|40|53|abstract|gut microbiome|microbiome
34216356|expert_6|218|253|abstract|aging and neurodegenerative diseases|DDF
34216356|expert_6|266|284|abstract|Alzheimer's disease|DDF
34216356|expert_6|290|308|abstract|Parkinson's disease|DDF
34216356|expert_6|499|519|abstract|intestinal microbiota|microbiome
34216356|expert_6|568|593|abstract|neurodegenerative diseases|DDF
34216356|expert_6|599|612|abstract|gut microbiota|microbiome
34216356|expert_6|771|784|abstract|gut microbiota|microbiome
34216356|expert_6|863|876|abstract|gut microbiome|microbiome
34216356|expert_6|882|907|abstract|neurodegenerative diseases|DDF
34216356|expert_6|923|938|abstract|assay techniques|biomedical technique
34216356|expert_6|948|961|abstract|gut microbiome|microbiome
26627987|expert_2|0|13|title|Gut microbiome|microbiome
26627987|expert_2|125|163|title|systemic and neurodegenerative diseases|DDF
26627987|expert_2|4|17|abstract|gut microbiome|microbiome
26627987|expert_2|171|184|abstract|gut microbiome|microbiome
26627987|expert_2|295|307|abstract|gut disorders|DDF
26627987|expert_2|315|338|abstract|irritable bowel syndrome|DDF
26627987|expert_2|341|343|abstract|IBS|DDF
26627987|expert_2|350|367|abstract|ulcerative colitis|DDF
26627987|expert_2|370|371|abstract|UC|DDF
26627987|expert_2|384|421|abstract|central nervous system (CNS) disorders|DDF
26627987|expert_2|432|467|abstract|Alzheimer's and Parkinson's diseases|DDF
26627987|expert_2|537|550|abstract|gut microbiome|microbiome
26627987|expert_2|776|789|abstract|gut microbiome|microbiome
35203906|expert_3|0|18|title|Parkinson's Disease|DDF
35203906|expert_3|150|159|abstract|SARS-CoV-2|DDF
35203906|expert_3|188|206|abstract|Parkinson's disease|DDF
35203906|expert_3|209|210|abstract|PD|DDF
35203906|expert_3|254|268|abstract|PD/parkinsonism|DDF
35203906|expert_3|300|314|abstract|viral infection|DDF
35203906|expert_3|342|343|abstract|PD|DDF
35203906|expert_3|433|456|abstract|coronavirus disease 2019|DDF
35203906|expert_3|459|466|abstract|COVID-19|DDF
35203906|expert_3|473|474|abstract|PD|DDF
35203906|expert_3|603|626|abstract|gut microbiome dysbiosis|DDF
35203906|expert_3|693|710|abstract|elderly population|human
35203906|expert_3|727|757|abstract|rigidity of respiratory muscles|DDF
35203906|expert_3|760|785|abstract|impairment of cough reflex|DDF
35203906|expert_3|792|798|abstract|dyspnea|DDF
35203906|expert_3|801|811|abstract|PD patients|human
35203906|expert_3|842|856|abstract|viral infection|DDF
35203906|expert_3|908|915|abstract|COVID-19|DDF
35571084|expert_7|9|30|title|Caenorhabditis elegans|animal
35571084|expert_7|74|99|title|Neurodegenerative Diseases|DDF
35571084|expert_7|119|132|abstract|gut microbiome|microbiome
35571084|expert_7|142|146|abstract|brain|anatomical location
35571084|expert_7|171|196|abstract|neurodegenerative diseases|DDF
35571084|expert_7|199|201|abstract|NDs|DDF
35571084|expert_7|236|252|abstract|neurodegeneration|DDF
35571084|expert_7|388|390|abstract|NDs|DDF
35571084|expert_7|449|470|abstract|Caenorhabditis elegans|animal
35571084|expert_7|477|486|abstract|C. elegans|animal
35571084|expert_7|548|564|abstract|neurodegeneration|DDF
35571084|expert_7|778|803|abstract|bacterial amyloid proteins|chemical
35571084|expert_7|814|818|abstract|curli|chemical
35571084|expert_7|834|847|abstract|proteotoxicity|DDF
35571084|expert_7|853|869|abstract|neurodegeneration|DDF
35571084|expert_7|907|936|abstract|endogenous ND-related proteins|chemical
35571084|expert_7|947|957|abstract|α-synuclein|chemical
35571084|expert_7|1054|1056|abstract|NDs|DDF
35571084|expert_7|1090|1115|abstract|epigallocatechin-3-gallate|chemical
35571084|expert_7|1118|1121|abstract|EGCG|chemical
35571084|expert_7|1148|1164|abstract|neurodegeneration|DDF
35571084|expert_7|1222|1246|abstract|bacterial amyloid fibrils|chemical
35571084|expert_7|1262|1278|abstract|biofilm formation|DDF
35571084|expert_7|1442|1451|abstract|C. elegans|animal
35571084|expert_7|1532|1540|abstract|bacterial|DDF
35571084|expert_7|1552|1568|abstract|biofilm formation|DDF
35571084|expert_7|1711|1717|abstract|neurons|anatomical location
35571084|expert_7|1724|1737|abstract|proteotoxicity|DDF
35571084|expert_7|1779|1814|abstract|bacterial and human amyloid proteins|chemical
35571084|expert_7|1894|1911|abstract|antibiofilm agents|drug
35571084|expert_7|1919|1936|abstract|FDA-approved drugs|drug
35571084|expert_7|1942|1956|abstract|novel compounds|chemical
35571084|expert_7|2041|2054|abstract|gut microbiome|microbiome
35571084|expert_7|2077|2079|abstract|NDs|DDF
35571084|expert_7|2196|2202|abstract|screens|biomedical technique
35571084|expert_7|2248|2250|abstract|NDs|DDF
31488882|expert_4|0|18|title|Sodium oligomannate|dietary supplement
31488882|expert_4|45|58|title|gut microbiota|microbiome
31488882|expert_4|75|124|title|gut bacterial amino acids-shaped neuroinflammation|DDF
31488882|expert_4|137|167|title|Alzheimer's disease progression|DDF
31488882|expert_4|68|80|abstract|gut dysbiosis|DDF
31488882|expert_4|86|104|abstract|Alzheimer's disease|DDF
31488882|expert_4|107|108|abstract|AD|DDF
31488882|expert_4|140|153|abstract|gut microbiota|microbiome
31488882|expert_4|247|270|abstract|gut microbiota dysbiosis|DDF
31488882|expert_4|276|292|abstract|neuroinflammation|DDF
31488882|expert_4|297|310|abstract|AD progression|DDF
31488882|expert_4|363|376|abstract|AD progression|DDF
31488882|expert_4|397|410|abstract|gut microbiota|microbiome
31488882|expert_4|464|476|abstract|phenylalanine|chemical
31488882|expert_4|482|491|abstract|isoleucine|chemical
31488882|expert_4|708|738|abstract|AD-associated neuroinflammation|DDF
31488882|expert_4|771|783|abstract|phenylalanine|chemical
31488882|expert_4|789|798|abstract|isoleucine|chemical
31488882|expert_4|922|929|abstract|patients|human
31488882|expert_4|936|960|abstract|mild cognitive impairment|DDF
31488882|expert_4|963|965|abstract|MCI|DDF
31488882|expert_4|975|976|abstract|AD|DDF
31488882|expert_4|992|997|abstract|GV-971|drug
31488882|expert_4|1002|1020|abstract|sodium oligomannate|drug
31488882|expert_4|1136|1148|abstract|gut dysbiosis|DDF
31488882|expert_4|1169|1181|abstract|phenylalanine|chemical
31488882|expert_4|1183|1192|abstract|isoleucine|chemical
31488882|expert_4|1218|1234|abstract|neuroinflammation|DDF
31488882|expert_4|1253|1272|abstract|cognition impairment|DDF
31488882|expert_4|1320|1359|abstract|gut dysbiosis-promoted neuroinflammation|DDF
31488882|expert_4|1442|1455|abstract|gut microbiota|microbiome
37502424|expert_3|11|26|title|human probiotics|dietary supplement
37502424|expert_3|81|111|title|community-dwelling older adults|human
37502424|expert_3|129|153|title|mildly impaired cognition|DDF
37502424|expert_3|169|242|title|bi-center, double-blind, randomized, and placebo-controlled clinical trial|biomedical technique
37502424|expert_3|245|259|title|CleverAge biota|biomedical technique
37502424|expert_3|84|99|abstract|human probiotics|dietary supplement
37502424|expert_3|272|302|abstract|Community dwelling participants|human
37502424|expert_3|424|465|abstract|human <i>Streptococcus thermophilus</i> GH|bacteria
37502424|expert_3|471|508|abstract|Streptococcus salivarius</i> GH NEXARS|bacteria
37502424|expert_3|511|535|abstract|Lactobacilus plantarum GH|bacteria
37502424|expert_3|542|574|abstract|<i>Pediococcus pentosaceus</i> GH|bacteria
37502424|expert_3|638|647|abstract|probiotics|dietary supplement
37502424|expert_3|653|659|abstract|placebo|drug
37502424|expert_3|716|727|abstract|participants|human
37502424|expert_3|813|822|abstract|volunteers|human
37502424|expert_3|991|1016|abstract|neuropsychological battery|biomedical technique
37502424|expert_3|1053|1076|abstract|validated questionnaires|biomedical technique
37502424|expert_3|1168|1204|abstract|depression and anxiety questionnaires|biomedical technique
37502424|expert_3|1327|1351|abstract|probiotic-placebo group A|human
37502424|expert_3|1415|1421|abstract|females|human
37502424|expert_3|1450|1476|abstract|subjective memory complaint|DDF
37502424|expert_3|1510|1534|abstract|placebo-probiotic group B|human
37502424|expert_3|1817|1825|abstract|ALBA test|biomedical technique
37502424|expert_3|1846|1858|abstract|probiotic use|dietary supplement
37502424|expert_3|2026|2030|abstract|TMT B|biomedical technique
37502424|expert_3|2143|2173|abstract|human probiotics and prebiotics|dietary supplement
37502424|expert_3|2237|2266|abstract|community-dwelling individuals|human
37502424|expert_3|2283|2317|abstract|mildly impaired cognitive functions|DDF
38011787|expert_4|0|15|title|Cryptotanshinone|chemical
38011787|expert_4|27|40|title|gut microbiota|microbiome
38011787|expert_4|66|69|title|rats|animal
38011787|expert_4|84|115|title|CUMS induced depressive symptoms|DDF
38011787|expert_4|0|15|abstract|Cryptotanshinone|chemical
38011787|expert_4|18|20|abstract|CPT|chemical
38011787|expert_4|189|221|abstract|Chronic Unpredictable Mild Stress|DDF
38011787|expert_4|224|227|abstract|CUMS|DDF
38011787|expert_4|447|449|abstract|CPT|chemical
38011787|expert_4|466|484|abstract|depressive symptoms|DDF
38011787|expert_4|490|511|abstract|inflammatory responses|DDF
38011787|expert_4|524|527|abstract|CUMS|DDF
38011787|expert_4|540|557|abstract|16 S rDNA analysis|biomedical technique
38011787|expert_4|587|600|abstract|gut microbiota|microbiome
38011787|expert_4|605|608|abstract|rats|animal
38011787|expert_4|626|629|abstract|CUMS|DDF
38011787|expert_4|635|637|abstract|CPT|chemical
38011787|expert_4|664|666|abstract|CPT|chemical
38011787|expert_4|746|755|abstract|depression|DDF
38011787|expert_4|853|876|abstract|transcriptomics analysis|biomedical technique
38011787|expert_4|882|898|abstract|molecular docking|biomedical technique
38011787|expert_4|915|917|abstract|CPT|chemical
38011787|expert_4|1041|1043|abstract|CPT|chemical
38011787|expert_4|1057|1076|abstract|depressive disorders|DDF
38011787|expert_4|1145|1156|abstract|inflammation|DDF
38011787|expert_4|1159|1172|abstract|gut microbiota|microbiome
30317530|expert_4|16|29|title|gut microbiota|microbiome
30317530|expert_4|0|13|abstract|Gut microbiota|microbiome
30317530|expert_4|81|90|abstract|human body|anatomical location
30317530|expert_4|269|298|abstract|genome sequencing technologies|biomedical technique
30317530|expert_4|301|314|abstract|bioinformatics|biomedical technique
30317530|expert_4|320|330|abstract|culturomics|biomedical technique
30317530|expert_4|372|381|abstract|microbiota|microbiome
30317530|expert_4|513|522|abstract|microbiota|microbiome
30317530|expert_4|573|594|abstract|gastrointestinal tract|anatomical location
30317530|expert_4|602|608|abstract|infants|human
30317530|expert_4|613|619|abstract|elderly|human
30317530|expert_4|706|719|abstract|gut microbiota|microbiome
30317530|expert_4|845|854|abstract|human body|anatomical location
30317530|expert_4|857|870|abstract|Gut microbiota|microbiome
30317530|expert_4|947|956|abstract|individual|human
30317530|expert_4|1007|1020|abstract|gut microbiota|microbiome
30317530|expert_4|1090|1099|abstract|prebiotics|dietary supplement
30317530|expert_4|1102|1111|abstract|probiotics|dietary supplement
30317530|expert_4|1114|1118|abstract|drugs|drug
37400971|expert_3|0|30|title|Maternal microbiome disturbance|DDF
37400971|expert_3|46|68|abstract|maternal gut microbiota|microbiome
37400971|expert_3|142|174|abstract|psychiatric-related abnormalities|DDF
37400971|expert_3|211|216|abstract|humans|human
37400971|expert_3|355|385|abstract|maternal microbiota disturbance|DDF
37400971|expert_3|388|390|abstract|MMD|DDF
37400971|expert_3|434|442|abstract|offspring|animal
37400971|expert_3|646|652|abstract|rodents|animal
37400971|expert_3|685|725|abstract|perinatal enteric microbiota perturbation|DDF
37400971|expert_3|873|875|abstract|MMD|DDF
37400971|expert_3|891|912|abstract|behavioral impairments|DDF
37400971|expert_3|921|935|abstract|adult offspring|animal
37400971|expert_3|942|944|abstract|MMD|DDF
37400971|expert_3|1116|1149|abstract|obsessive-compulsive-like behavior|DDF
37400971|expert_3|1354|1400|abstract|schizophrenia-like and depressive-like behavior|DDF
37400971|expert_3|1414|1439|abstract|experimental perinatal MMD|DDF
37400971|expert_3|1474|1482|abstract|offspring|animal
37400971|expert_3|1539|1559|abstract|psychiatric disorders|DDF
31132457|expert_3|0|25|title|Gut microbiota composition|microbiome
31132457|expert_3|68|74|title|infants|human
31132457|expert_3|157|178|abstract|mental health problems|DDF
31132457|expert_3|200|225|abstract|gut microbiota composition|microbiome
31132457|expert_3|228|230|abstract|GMC|microbiome
31132457|expert_3|297|303|abstract|toddler|human
31132457|expert_3|373|375|abstract|GMC|microbiome
31132457|expert_3|398|404|abstract|infants|human
31132457|expert_3|550|559|abstract|infant GMC|microbiome
31132457|expert_3|613|616|abstract|boys|human
31132457|expert_3|706|726|abstract|2.5-month-old infants|human
31132457|expert_3|776|778|abstract|GMC|microbiome
31132457|expert_3|934|971|abstract|Infant Behavior Questionnaire -Revised|biomedical technique
31132457|expert_3|974|978|abstract|IBQ-R|biomedical technique
31132457|expert_3|1028|1061|abstract|Bifidobacterium/Enterobacteriaceae|bacteria
31132457|expert_3|1064|1074|abstract|Bacteroides|bacteria
31132457|expert_3|1077|1085|abstract|V. Dispar|bacteria
31132457|expert_3|1097|1099|abstract|GMC|microbiome
31132457|expert_3|1206|1210|abstract|IBQ-R|biomedical technique
31132457|expert_3|1382|1386|abstract|IBQ-R|biomedical technique
31132457|expert_3|1478|1492|abstract|Bifidobacterium|bacteria
31132457|expert_3|1498|1510|abstract|Streptococcus|bacteria
31132457|expert_3|1692|1694|abstract|GMC|microbiome
31132457|expert_3|1715|1727|abstract|young infants|human
28852308|expert_4|13|26|title|gut microbiota|microbiome
28852308|expert_4|31|56|title|neuropsychiatric disorders|DDF
28852308|expert_4|131|144|abstract|gut microbiota|microbiome
28852308|expert_4|208|221|abstract|Gut microbiota|microbiome
28852308|expert_4|309|311|abstract|gut|anatomical location
28852308|expert_4|321|325|abstract|brain|anatomical location
28852308|expert_4|463|512|abstract|neurodevelopmental and neurodegenerative disorders|DDF
28852308|expert_4|577|582|abstract|humans|human
28852308|expert_4|622|648|abstract|neuropsychiatric conditions|DDF
28852308|expert_4|661|670|abstract|depression|DDF
28852308|expert_4|673|678|abstract|autism|DDF
28852308|expert_4|684|702|abstract|Parkinson's disease|DDF
28852308|expert_4|881|887|abstract|animals|animal
28852308|expert_4|997|1010|abstract|gut microbiota|microbiome
28852308|expert_4|1085|1111|abstract|neuropsychiatric conditions|DDF
28852308|expert_4|1241|1246|abstract|humans|human
28852308|expert_4|1311|1320|abstract|microbiota|microbiome
28852308|expert_4|1326|1330|abstract|brain|anatomical location
28852308|expert_4|1509|1522|abstract|gut microbiota|microbiome
28852308|expert_4|1642|1661|abstract|psychiatric diseases|DDF
28852308|expert_4|1718|1731|abstract|gut microbiota|microbiome
28852308|expert_4|1736|1761|abstract|neuropsychiatric disorders|DDF
28852308|expert_4|1844|1857|abstract|mental illness|DDF
28852308|expert_4|1917|1930|abstract|gut microbiota|microbiome
28852308|expert_4|2101|2121|abstract|psychiatric disorders|DDF
34408160|expert_5|53|71|title|Parkinson's disease|DDF
34408160|expert_5|14|29|abstract|complex diseases|DDF
34408160|expert_5|321|335|abstract|alpha-synuclein|chemical
34408160|expert_5|368|386|abstract|Parkinson's disease|DDF
34408160|expert_5|389|390|abstract|PD|DDF
34408160|expert_5|404|414|abstract|familial PD|DDF
34408160|expert_5|432|452|abstract|alpha-synuclein locus|gene
34408160|expert_5|469|481|abstract|idiopathic PD|DDF
34408160|expert_5|494|520|abstract|dysbiosis of gut microbiome|DDF
34408160|expert_5|525|526|abstract|PD|DDF
34408160|expert_5|632|654|abstract|opportunistic pathogens|bacteria
34408160|expert_5|727|749|abstract|opportunistic pathogens|bacteria
34408160|expert_5|754|759|abstract|PD gut|anatomical location
34408160|expert_5|803|823|abstract|alpha-synuclein locus|gene
34408160|expert_5|950|963|abstract|gut microbiome|microbiome
34408160|expert_5|972|989|abstract|pathogenesis of PD|DDF
34408160|expert_5|1021|1043|abstract|PD susceptibility genes|gene
34408160|expert_5|1089|1091|abstract|gut|anatomical location
31726457|expert_7|0|13|title|Gut Microbiota|microbiome
31726457|expert_7|75|77|abstract|gut|anatomical location
31726457|expert_7|170|195|abstract|neuropsychiatric disorders|DDF
31726457|expert_7|279|299|abstract|intestinal epithelium|anatomical location
31726457|expert_7|342|346|abstract|brain|anatomical location
31726457|expert_7|610|615|abstract|stress|DDF
31726457|expert_7|733|739|abstract|tissues|anatomical location
31726457|expert_7|766|797|abstract|gastrointestinal (GI) microbiota|microbiome
31726457|expert_7|814|823|abstract|gut tissue|anatomical location
31726457|expert_7|826|831|abstract|glands|anatomical location
31726457|expert_7|878|882|abstract|brain|anatomical location
31726457|expert_7|1520|1551|abstract|central nervous system disorders|DDF
31377712|expert_1|39|50|title|young adults|human
31377712|expert_1|57|74|title|multiple sclerosis|DDF
31377712|expert_1|0|17|abstract|Multiple sclerosis|DDF
31377712|expert_1|20|21|abstract|MS|DDF
31377712|expert_1|41|60|abstract|neurological disease|DDF
31377712|expert_1|70|79|abstract|disability|DDF
31377712|expert_1|84|95|abstract|young adults|human
31377712|expert_1|268|269|abstract|MS|DDF
31377712|expert_1|483|490|abstract|patients|human
31377712|expert_1|497|498|abstract|MS|DDF
31377712|expert_1|541|551|abstract|adolescents|human
31377712|expert_1|557|568|abstract|young adults|human
31377712|expert_1|711|729|abstract|young <u>a</u>dults|human
31377712|expert_1|736|737|abstract|MS|DDF
31377712|expert_1|887|898|abstract|young adults|human
31377712|expert_1|921|922|abstract|MS|DDF
31377712|expert_1|992|1016|abstract|neurological examinations|biomedical technique
31377712|expert_1|1019|1021|abstract|MRI|biomedical technique
31377712|expert_1|1037|1076|abstract|cerebrospinal fluid and blood biomarkers|biomedical technique
31377712|expert_1|1095|1106|abstract|inflammation|DDF
31377712|expert_1|1128|1141|abstract|gut microbiota|microbiome
31377712|expert_1|1319|1344|abstract|self-report questionnaires|biomedical technique
31377712|expert_1|1347|1368|abstract|Comparative statistics|statistical technique
31377712|expert_1|1375|1394|abstract|analysis of variance|statistical technique
31377712|expert_1|1399|1421|abstract|unpaired samples t-test|statistical technique
31377712|expert_1|1424|1458|abstract|correlation and regression analyses|statistical technique
31377712|expert_1|1659|1672|abstract|young patients|human
31377712|expert_1|1679|1680|abstract|MS|DDF
38331354|expert_4|30|33|title|mice|animal
38331354|expert_4|119|129|title|vagus nerve|anatomical location
38331354|expert_4|0|9|abstract|Depression|DDF
38331354|expert_4|32|39|abstract|patients|human
38331354|expert_4|46|60|abstract|liver cirrhosis|DDF
38331354|expert_4|126|134|abstract|Dysbiosis|DDF
38331354|expert_4|139|152|abstract|gut microbiota|microbiome
38331354|expert_4|177|186|abstract|depression|DDF
38331354|expert_4|223|233|abstract|vagus nerve|anatomical location
38331354|expert_4|311|321|abstract|vagus nerve|anatomical location
38331354|expert_4|356|359|abstract|mice|animal
38331354|expert_4|366|380|abstract|liver cirrhosis|DDF
38331354|expert_4|389|392|abstract|mice|animal
38331354|expert_4|465|479|abstract|liver cirrhosis|DDF
38331354|expert_4|492|516|abstract|depression-like behaviors|DDF
38331354|expert_4|604|607|abstract|mice|animal
38331354|expert_4|646|657|abstract|splenomegaly|DDF
38331354|expert_4|686|698|abstract|interleukin-6|chemical
38331354|expert_4|704|726|abstract|tumor necrosis factor-α|chemical
38331354|expert_4|729|753|abstract|depression-like behaviors|DDF
38331354|expert_4|776|792|abstract|synaptic proteins|chemical
38331354|expert_4|801|817|abstract|prefrontal cortex|anatomical location
38331354|expert_4|820|822|abstract|PFC|anatomical location
38331354|expert_4|836|838|abstract|gut|microbiome
38331354|expert_4|875|891|abstract|blood metabolites|chemical
38331354|expert_4|897|902|abstract|lipids|chemical
38331354|expert_4|999|1008|abstract|microbiome|microbiome
38331354|expert_4|1033|1049|abstract|blood metabolites|chemical
38331354|expert_4|1055|1060|abstract|lipids|chemical
38331354|expert_4|1110|1118|abstract|CBDL mice|animal
38331354|expert_4|1207|1210|abstract|mice|animal
38331354|expert_4|1264|1273|abstract|arketamine|drug
38331354|expert_4|1282|1295|abstract|antidepressant|drug
38331354|expert_4|1368|1371|abstract|mice|animal
38331354|expert_4|1427|1454|abstract|subdiaphragmatic vagus nerve|anatomical location
38331354|expert_4|1466|1475|abstract|arketamine|drug
38331354|expert_4|1518|1527|abstract|depression|DDF
38331354|expert_4|1532|1555|abstract|liver cirrhosis patients|human
38045924|expert_4|75|82|title|epilepsy|DDF
38045924|expert_4|131|145|abstract|digestive tract|anatomical location
38045924|expert_4|302|323|abstract|neurological disorders|DDF
38045924|expert_4|334|352|abstract|Parkinson's disease|DDF
38045924|expert_4|355|373|abstract|Alzheimer's disease|DDF
38045924|expert_4|376|393|abstract|multiple sclerosis|DDF
38045924|expert_4|400|407|abstract|epilepsy|DDF
38045924|expert_4|516|523|abstract|Epilepsy|DDF
38045924|expert_4|955|962|abstract|epilepsy|DDF
38045924|expert_4|987|1005|abstract|antiepileptic drugs|drug
38045924|expert_4|1014|1027|abstract|gut microbiome|microbiome
38045924|expert_4|1139|1156|abstract|epileptic patients|human
33692356|expert_5|0|54|title|Meta-analysis of the Parkinson's disease gut microbiome|statistical technique
33692356|expert_5|87|109|title|intestinal inflammation|DDF
33692356|expert_5|4|17|abstract|gut microbiota|microbiome
33692356|expert_5|60|85|abstract|neurodegenerative diseases|DDF
33692356|expert_5|125|136|abstract|gut microbes|microbiome
33692356|expert_5|141|199|abstract|Parkinson's disease (PD) symptomatology and pathophysiology|DDF
33692356|expert_5|202|203|abstract|PD|DDF
33692356|expert_5|226|250|abstract|gastrointestinal symptoms|DDF
33692356|expert_5|256|296|abstract|alterations of the enteric nervous system|DDF
33692356|expert_5|355|368|abstract|gut microbiome|microbiome
33692356|expert_5|373|374|abstract|PD|DDF
33692356|expert_5|416|437|abstract|PD-specific microbiota|microbiome
33692356|expert_5|598|611|abstract|gut microbiota|microbiome
33692356|expert_5|616|626|abstract|PD patients|human
33692356|expert_5|690|713|abstract|PD-associated microbiome|microbiome
33692356|expert_5|831|845|abstract|PD and controls|human
33692356|expert_5|883|895|abstract|Lactobacillus|bacteria
33692356|expert_5|898|908|abstract|Akkermansia|bacteria
33692356|expert_5|915|929|abstract|Bifidobacterium|bacteria
33692356|expert_5|974|988|abstract|Lachnospiraceae|bacteria
33692356|expert_5|1005|1020|abstract|Faecalibacterium|bacteria
33692356|expert_5|1044|1066|abstract|short-chain fatty acids|chemical
33692356|expert_5|1146|1154|abstract|dysbiosis|DDF
33692356|expert_5|1174|1196|abstract|pro-inflammatory status|DDF
33692356|expert_5|1227|1261|abstract|recurrent gastrointestinal symptoms|DDF
33692356|expert_5|1273|1283|abstract|PD patients|human
27566465|expert_3|0|18|title|Alzheimer's disease|DDF
27566465|expert_3|24|37|title|gut microbiota|microbiome
27566465|expert_3|0|18|abstract|Alzheimer's disease|DDF
27566465|expert_3|21|22|abstract|AD|DDF
27566465|expert_3|42|67|abstract|neurodegenerative disorder|DDF
27566465|expert_3|92|109|abstract|impaired cognition|DDF
27566465|expert_3|112|125|abstract|Gut microbiota|microbiome
27566465|expert_3|234|250|abstract|Germ-free animals|animal
27566465|expert_3|253|263|abstract|antibiotics|drug
27566465|expert_3|266|275|abstract|probiotics|dietary supplement
27566465|expert_3|325|338|abstract|gut microbiota|microbiome
27566465|expert_3|427|428|abstract|AD|DDF
27566465|expert_3|461|469|abstract|intestine|anatomical location
27566465|expert_3|506|519|abstract|gut microbiota|microbiome
27566465|expert_3|564|590|abstract|neurodegeneration disorders|DDF
27566465|expert_3|593|617|abstract|Gut microbial metabolites|chemical
27566465|expert_3|704|705|abstract|AD|DDF
27566465|expert_3|708|736|abstract|Pathogenic microbes infection|DDF
27566465|expert_3|769|770|abstract|AD|DDF
27566465|expert_3|801|802|abstract|AD|DDF
27566465|expert_3|867|868|abstract|AD|DDF
27566465|expert_3|887|889|abstract|gut|anatomical location
27566465|expert_3|935|948|abstract|gut microbiota|microbiome
27566465|expert_3|965|978|abstract|gut microbiota|microbiome
27566465|expert_3|1085|1086|abstract|AD|DDF
34448737|expert_4|0|9|title|Depression|DDF
34448737|expert_4|105|118|abstract|gut microbiota|microbiome
34448737|expert_4|148|157|abstract|depression|DDF
34448737|expert_4|163|169|abstract|anxiety|DDF
34448737|expert_4|188|201|abstract|gut microbiota|microbiome
34448737|expert_4|280|304|abstract|major depressive disorder|DDF
34448737|expert_4|307|309|abstract|MDD|DDF
34448737|expert_4|324|352|abstract|microbiota-related biomarkers|biomedical technique
34448737|expert_4|366|373|abstract|patients|human
34448737|expert_4|429|431|abstract|MDD|DDF
29249803|expert_7|80|91|title|(R)-ketamine|drug
29249803|expert_7|102|111|abstract|depression|DDF
29249803|expert_7|187|198|abstract|(R)-ketamine|drug
29249803|expert_7|269|280|abstract|(S)-ketamine|drug
29249803|expert_7|317|330|abstract|gut microbiota|microbiome
29249803|expert_7|388|407|abstract|ketamine enantiomers|drug
29249803|expert_7|426|439|abstract|gut microbiota|microbiome
29249803|expert_7|474|493|abstract|ketamine enantiomers|drug
29249803|expert_7|545|554|abstract|depression|DDF
29249803|expert_7|575|607|abstract|16S ribosomal RNA gene sequencing|biomedical technique
29249803|expert_7|648|668|abstract|CSDS-susceptible mice|animal
29249803|expert_7|706|716|abstract|Tenericutes|bacteria
29249803|expert_7|722|735|abstract|Actinobacteria|bacteria
29249803|expert_7|755|774|abstract|ketamine enantiomers|drug
29249803|expert_7|831|850|abstract|ketamine enantiomers|drug
29249803|expert_7|907|925|abstract|Deltaproteobacteria|bacteria
29249803|expert_7|934|949|abstract|susceptible mice|animal
29249803|expert_7|976|987|abstract|(R)-ketamine|drug
29249803|expert_7|998|1009|abstract|(S)-ketamine|drug
29249803|expert_7|1068|1077|abstract|Mollicutes|bacteria
29249803|expert_7|1086|1101|abstract|susceptible mice|animal
29249803|expert_7|1129|1148|abstract|ketamine enantiomers|drug
29249803|expert_7|1205|1217|abstract|Butyricimonas|bacteria
29249803|expert_7|1226|1241|abstract|susceptible mice|animal
29249803|expert_7|1253|1264|abstract|(R)-ketamine|drug
29249803|expert_7|1287|1298|abstract|(S)-ketamine|drug
29249803|expert_7|1326|1338|abstract|Butyricimonas|bacteria
29249803|expert_7|1347|1362|abstract|susceptible mice|animal
29249803|expert_7|1454|1461|abstract|ketamine|drug
29249803|expert_7|1526|1539|abstract|gut microbiota|microbiome
29249803|expert_7|1578|1589|abstract|(R)-ketamine|drug
29249803|expert_7|1608|1617|abstract|Mollicutes|bacteria
29249803|expert_7|1623|1635|abstract|Butyricimonas|bacteria
32379622|expert_2|0|22|title|Betaine supplementation|dietary supplement
32379622|expert_2|61|64|title|mice|animal
32379622|expert_2|72|99|title|chronic social defeat stress|DDF
32379622|expert_2|66|101|abstract|stress-related psychiatric disorders|DDF
32379622|expert_2|168|173|abstract|stress|DDF
32379622|expert_2|209|215|abstract|betaine|dietary supplement
32379622|expert_2|244|257|abstract|gut microbiome|microbiome
32379622|expert_2|286|308|abstract|betaine supplementation|dietary supplement
32379622|expert_2|349|352|abstract|mice|animal
32379622|expert_2|367|394|abstract|chronic social defeat stress|DDF
32379622|expert_2|397|400|abstract|CSDS|DDF
32379622|expert_2|404|407|abstract|CSDS|DDF
32379622|expert_2|430|452|abstract|betaine supplementation|dietary supplement
32379622|expert_2|455|477|abstract|Sucrose preference test|biomedical technique
32379622|expert_2|483|499|abstract|16S rRNA analysis|biomedical technique
32379622|expert_2|534|537|abstract|CSDS|DDF
32379622|expert_2|590|609|abstract|betaine-treated mice|animal
32379622|expert_2|658|675|abstract|water-treated mice|animal
32379622|expert_2|691|694|abstract|CSDS|DDF
32379622|expert_2|741|753|abstract|interleukin-6|chemical
32379622|expert_2|756|759|abstract|IL-6|chemical
32379622|expert_2|765|784|abstract|betaine-treated mice|animal
32379622|expert_2|794|797|abstract|CSDS|DDF
32379622|expert_2|830|833|abstract|IL-6|chemical
32379622|expert_2|838|855|abstract|water-treated mice|animal
32379622|expert_2|858|880|abstract|Betaine supplementation|dietary supplement
32379622|expert_2|958|965|abstract|host gut|anatomical location
32379622|expert_2|973|976|abstract|CSDS|DDF
32379622|expert_2|999|1002|abstract|CSDS|DDF
32379622|expert_2|1055|1072|abstract|water-treated mice|animal
32379622|expert_2|1083|1102|abstract|betaine-treated mice|animal
32379622|expert_2|1105|1108|abstract|CSDS|DDF
32379622|expert_2|1130|1152|abstract|short-chain fatty acids|chemical
32379622|expert_2|1161|1173|abstract|succinic acid|chemical
32379622|expert_2|1179|1189|abstract|acetic acid|chemical
32379622|expert_2|1206|1223|abstract|water-treated mice|animal
32379622|expert_2|1234|1253|abstract|betaine-treated mice|animal
32379622|expert_2|1311|1333|abstract|short-chain fatty acids|chemical
32379622|expert_2|1342|1354|abstract|succinic acid|chemical
32379622|expert_2|1357|1367|abstract|acetic acid|chemical
32379622|expert_2|1370|1381|abstract|butyric acid|chemical
32379622|expert_2|1492|1514|abstract|betaine supplementation|dietary supplement
32379622|expert_2|1545|1553|abstract|anhedonia|DDF
32379622|expert_2|1558|1561|abstract|mice|animal
32379622|expert_2|1576|1579|abstract|CSDS|DDF
32379622|expert_2|1644|1650|abstract|betaine|dietary supplement
32379622|expert_2|1696|1731|abstract|stress-related psychiatric disorders|DDF
37023596|expert_2|19|28|title|microbiota|microbiome
37023596|expert_2|86|110|title|major depressive disorder|DDF
37023596|expert_2|13|26|abstract|gut microbiota|microbiome
37023596|expert_2|56|63|abstract|patients|human
37023596|expert_2|70|94|abstract|major depression disorder|DDF
37023596|expert_2|97|99|abstract|MDD|DDF
37023596|expert_2|217|224|abstract|Patients|human
37023596|expert_2|231|233|abstract|MDD|DDF
37023596|expert_2|348|357|abstract|population|human
37023596|expert_2|653|662|abstract|rs58010457|gene
37023596|expert_2|917|936|abstract|random forest models|statistical technique
37023596|expert_2|1082|1095|abstract|gut microbiome|microbiome
37023596|expert_2|1489|1504|abstract|intestinal flora|microbiome
28816544|expert_7|36|45|title|depression|DDF
28816544|expert_7|0|9|abstract|Depression|DDF
28816544|expert_7|12|18|abstract|anxiety|DDF
28816544|expert_7|30|48|abstract|affective disorders|DDF
28816544|expert_7|100|119|abstract|human brain diseases|DDF
28816544|expert_7|301|315|abstract|antidepressants|drug
28816544|expert_7|685|706|abstract|affective pathogenesis|DDF
28816544|expert_7|765|791|abstract|polyunsaturated fatty acids|chemical
28816544|expert_7|794|798|abstract|PUFAs|chemical
28816544|expert_7|802|816|abstract|glucocorticoids|chemical
28816544|expert_7|822|835|abstract|gut microbiota|microbiome
28816544|expert_7|845|856|abstract|inflammation|DDF
28816544|expert_7|862|871|abstract|depression|DDF
28816544|expert_7|901|915|abstract|antidepressants|drug
28816544|expert_7|1124|1132|abstract|zebrafish|animal
28816544|expert_7|1229|1238|abstract|depression|DDF
31218116|expert_3|37|51|title|Inactive Adults|human
31218116|expert_3|58|71|title|Celiac Disease|DDF
31218116|expert_3|0|10|abstract|Individuals|human
31218116|expert_3|17|30|abstract|celiac disease|DDF
31218116|expert_3|165|170|abstract|people|human
31218116|expert_3|177|190|abstract|celiac disease|DDF
31218116|expert_3|308|329|abstract|gastrointestinal upset|DDF
31218116|expert_3|469|489|abstract|<i>C</i>eliac disease|DDF
31218116|expert_3|695|709|abstract|inactive adults|human
31218116|expert_3|716|729|abstract|celiac disease|DDF
31218116|expert_3|760|774|abstract|inactive adults|human
31218116|expert_3|791|804|abstract|celiac disease|DDF
31218116|expert_3|1632|1650|abstract|16S rRNA sequencing|biomedical technique
31218116|expert_3|1691|1708|abstract|metabolic syndrome|DDF
31218116|expert_3|1749|1760|abstract|serum lipids|chemical
31218116|expert_3|1802|1826|abstract|gastrointestinal symptoms|DDF
31218116|expert_3|1954|1965|abstract|participants|human
31218116|expert_3|2431|2436|abstract|people|human
31218116|expert_3|2443|2456|abstract|celiac disease|DDF
34250955|expert_6|0|18|title|Parkinson's Disease|DDF
34250955|expert_6|28|30|title|Gut|anatomical location
34250955|expert_6|0|18|abstract|Parkinson's disease|DDF
34250955|expert_6|21|22|abstract|PD|DDF
34250955|expert_6|51|75|abstract|neurodegenerative disease|DDF
34250955|expert_6|117|128|abstract|bradykinesia|DDF
34250955|expert_6|131|138|abstract|rigidity|DDF
34250955|expert_6|141|160|abstract|postural instability|DDF
34250955|expert_6|167|172|abstract|tremor|DDF
34250955|expert_6|248|250|abstract|gut|anatomical location
34250955|expert_6|275|276|abstract|PD|DDF
34250955|expert_6|363|396|abstract|initial pathophysiological changes|DDF
34250955|expert_6|411|432|abstract|gastrointestinal tract|anatomical location
34250955|expert_6|469|473|abstract|brain|anatomical location
34250955|expert_6|538|539|abstract|PD|DDF
34250955|expert_6|549|570|abstract|gastrointestinal tract|anatomical location
34250955|expert_6|648|687|abstract|gastrointestinal conditions and symptoms|DDF
34250955|expert_6|712|719|abstract|patients|human
34250955|expert_6|737|775|abstract|upper and lower gastrointestinal issues|DDF
34250955|expert_6|925|938|abstract|macronutrients|chemical
34250955|expert_6|944|957|abstract|micronutrients|chemical
34250955|expert_6|988|1001|abstract|gut microbiome|microbiome
34250955|expert_6|1075|1076|abstract|PD|DDF
34250955|expert_6|1170|1172|abstract|gut|anatomical location
34250955|expert_6|1205|1225|abstract|prodromal PD subtypes|DDF
33092203|expert_5|0|45|title|Clustering on Human Microbiome Sequencing Data|statistical technique
33092203|expert_5|23|38|abstract|human microbiome|microbiome
33092203|expert_5|169|187|abstract|16S rRNA technology|biomedical technique
33092203|expert_5|272|289|abstract|Clustering methods|statistical technique
33092203|expert_5|419|491|abstract|standardized clustering method for the complex microbiome sequencing data|statistical technique
33092203|expert_5|507|565|abstract|clustering algorithm with a specific beta diversity measure|statistical technique
33092203|expert_5|1369|1388|abstract|Parkinson's diseases|DDF
32163822|expert_4|4|17|title|gut microbiota|microbiome
32163822|expert_4|40|45|title|adults|human
32163822|expert_4|155|161|abstract|animals|animal
32163822|expert_4|242|255|abstract|gut microbiome|microbiome
32163822|expert_4|277|282|abstract|humans|human
32163822|expert_4|378|391|abstract|mood disorders|DDF
32163822|expert_4|435|444|abstract|probiotics|dietary supplement
32163822|expert_4|499|522|abstract|pregnancy related stress|DDF
32163822|expert_4|527|540|abstract|gut microbiota|microbiome
32163822|expert_4|549|561|abstract|newborn child|human
32163822|expert_4|680|693|abstract|mental disease|DDF
32163822|expert_4|747|768|abstract|cross-sectional design|statistical technique
32163822|expert_4|771|788|abstract|small sample sizes|statistical technique
32163822|expert_4|794|813|abstract|multiple comparisons|statistical technique
32538869|expert_7|18|32|title|Alpha-Synuclein|chemical
32538869|expert_7|44|85|title|Human and Non-Human Amyloidogenic Proteins|chemical
32538869|expert_7|126|144|title|Parkinson's Disease|DDF
32538869|expert_7|61|81|abstract|amyloidogenic protein|chemical
32538869|expert_7|84|87|abstract|CsgA|chemical
32538869|expert_7|125|127|abstract|gut|anatomical location
32538869|expert_7|141|159|abstract|Parkinson's disease|DDF
32538869|expert_7|164|167|abstract|mice|animal
32538869|expert_7|217|230|abstract|gut microbiome|microbiome
32538869|expert_7|271|303|abstract|human neurodegenerative disorders|DDF
32538869|expert_7|314|332|abstract|Parkinson's disease|DDF
32538869|expert_7|342|353|abstract|CsgA protein|chemical
32538869|expert_7|404|424|abstract|amyloidogenic protein|chemical
32538869|expert_7|429|447|abstract|Parkinson's disease|DDF
32538869|expert_7|515|536|abstract|amyloidogenic proteins|chemical
32538869|expert_7|543|554|abstract|gut bacteria|bacteria
32538869|expert_7|589|614|abstract|stable allergenic proteins|chemical
32538869|expert_7|689|712|abstract|amyloid-related diseases|DDF
32538869|expert_7|821|835|abstract|alpha-synuclein|chemical
32538869|expert_7|847|888|abstract|amyloidogenic human and non-human proteins|chemical
32538869|expert_7|1256|1277|abstract|amyloidogenic proteins|chemical
32538869|expert_7|1334|1347|abstract|human diseases|DDF
32538869|expert_7|1419|1432|abstract|gut microbiome|microbiome
34884399|expert_4|34|47|title|Gut Microbiota|microbiome
34884399|expert_4|57|64|title|Patients|human
34884399|expert_4|71|89|title|Parkinson's Disease|DDF
34884399|expert_4|95|110|title|Healthy Controls|human
34884399|expert_4|0|13|abstract|Gut microbiome|microbiome
34884399|expert_4|19|38|abstract|colonic inflammation|DDF
34884399|expert_4|101|119|abstract|Parkinson's disease|DDF
34884399|expert_4|122|123|abstract|PD|DDF
34884399|expert_4|212|219|abstract|patients|human
34884399|expert_4|236|237|abstract|PD|DDF
34884399|expert_4|261|268|abstract|Levodopa|drug
34884399|expert_4|273|288|abstract|healthy controls|human
34884399|expert_4|318|325|abstract|patients|human
34884399|expert_4|541|566|abstract|Next-Generation Sequencing|biomedical technique
34884399|expert_4|669|682|abstract|gut microbiota|microbiome
34884399|expert_4|715|738|abstract|hospitalized PD patients|human
34884399|expert_4|745|768|abstract|well-controlled symptoms|DDF
34884399|expert_4|801|816|abstract|healthy subjects|human
34884399|expert_4|841|851|abstract|PD patients|human
34884399|expert_4|901|922|abstract|Bacteroides</i> phylum|bacteria
34884399|expert_4|934|947|abstract|Corynebacteria|bacteria
34884399|expert_4|969|982|abstract|Actinobacteria|bacteria
34884399|expert_4|998|1016|abstract|Deltaproteobacteria|bacteria
34884399|expert_4|1038|1051|abstract|Proteobacteria|bacteria
34884399|expert_4|1080|1092|abstract|Butyricimonas|bacteria
34884399|expert_4|1095|1107|abstract|Robinsoniella|bacteria
34884399|expert_4|1121|1134|abstract|Flavonifractor|bacteria
34884399|expert_4|1156|1178|abstract|Akkermansia muciniphila|bacteria
34884399|expert_4|1188|1206|abstract|Eubacterium biforme|bacteria
34884399|expert_4|1220|1241|abstract|Parabacteroides merdae|bacteria
34884399|expert_4|1285|1298|abstract|gut microbiota|microbiome
34884399|expert_4|1303|1313|abstract|PD patients|human
34884399|expert_4|1335|1342|abstract|patients|human
34884399|expert_4|1359|1360|abstract|PD|DDF
34884399|expert_4|1434|1449|abstract|healthy controls|human
33406628|expert_5|0|23|title|Gut Microbiota Dysbiosis|DDF
33406628|expert_5|53|62|title|Bile Acids|chemical
33406628|expert_5|67|85|title|Parkinson's Disease|DDF
33406628|expert_5|4|17|abstract|gut microbiome|microbiome
33406628|expert_5|61|79|abstract|Parkinson's disease|DDF
33406628|expert_5|82|83|abstract|PD|DDF
33406628|expert_5|91|108|abstract|vermiform appendix|anatomical location
33406628|expert_5|138|142|abstract|cecum|anatomical location
33406628|expert_5|192|205|abstract|gut microbiota|microbiome
33406628|expert_5|243|261|abstract|appendix microbiome|microbiome
33406628|expert_5|277|278|abstract|PD|DDF
33406628|expert_5|388|408|abstract|functional microbiota|microbiome
33406628|expert_5|417|424|abstract|appendix|anatomical location
33406628|expert_5|429|439|abstract|PD patients|human
33406628|expert_5|453|460|abstract|controls|human
33406628|expert_5|490|516|abstract|metatranscriptomic analysis|biomedical technique
33406628|expert_5|528|546|abstract|microbial dysbiosis|DDF
33406628|expert_5|605|658|abstract|bacteria responsible for secondary bile acid synthesis|bacteria
33406628|expert_5|726|727|abstract|PD|DDF
33406628|expert_5|745|752|abstract|controls|human
33406628|expert_5|761|768|abstract|appendix|anatomical location
33406628|expert_5|799|803|abstract|ileum|anatomical location
33406628|expert_5|831|848|abstract|Bile acid analysis|biomedical technique
33406628|expert_5|857|867|abstract|PD appendix|anatomical location
33406628|expert_5|892|927|abstract|hydrophobic and secondary bile acids|chemical
33406628|expert_5|930|945|abstract|deoxycholic acid|chemical
33406628|expert_5|948|950|abstract|DCA|chemical
33406628|expert_5|957|972|abstract|lithocholic acid|chemical
33406628|expert_5|975|977|abstract|LCA|chemical
33406628|expert_5|989|1025|abstract|proteomic and transcriptomic analysis|biomedical technique
33406628|expert_5|1034|1041|abstract|appendix|anatomical location
33406628|expert_5|1047|1051|abstract|ileum|anatomical location
33406628|expert_5|1110|1115|abstract|PD gut|anatomical location
33406628|expert_5|1144|1174|abstract|disruption in bile acid control|DDF
33406628|expert_5|1187|1258|abstract|alterations in mediators of cholesterol homeostasis and lipid metabolism|DDF
33406628|expert_5|1261|1296|abstract|Microbially derived toxic bile acids|chemical
33406628|expert_5|1316|1317|abstract|PD|DDF
33406628|expert_5|1335|1355|abstract|biliary abnormalities|DDF
33406628|expert_5|1376|1390|abstract|PD pathogenesis|DDF
31260640|expert_3|41|66|title|neuropsychiatric disorders|DDF
31260640|expert_3|104|124|abstract|intestinal microbiota|microbiome
31260640|expert_3|134|138|abstract|brain|anatomical location
31260640|expert_3|219|241|abstract|gut microbial ecosystem|microbiome
31260640|expert_3|416|440|abstract|neuropsychiatric diseases|DDF
31260640|expert_3|618|643|abstract|neuropsychiatric disorders|DDF
31260640|expert_3|981|994|abstract|gut microbiota|microbiome
31260640|expert_3|1194|1207|abstract|gut microbiota|microbiome
31260640|expert_3|1258|1316|abstract|psychiatry and other central nervous system (CNS) disorders|DDF
31260640|expert_3|1383|1395|abstract|CNS disorders|DDF
31260640|expert_3|1444|1457|abstract|gut microbiota|DDF
28399458|expert_7|12|27|title|maternal anxiety|DDF
28399458|expert_7|33|52|title|depressive disorders|DDF
28399458|expert_7|88|124|title|perinatal psychopathological symptoms|DDF
28399458|expert_7|130|150|title|early infant diseases|DDF
28399458|expert_7|90|110|abstract|inflammatory diseases|DDF
28399458|expert_7|116|142|abstract|gastrointestinal complaints|DDF
28399458|expert_7|151|159|abstract|offspring|human
28399458|expert_7|208|225|abstract|perinatal distress|DDF
28399458|expert_7|252|267|abstract|lifetime anxiety|DDF
28399458|expert_7|273|292|abstract|depressive disorders|DDF
28399458|expert_7|340|346|abstract|anxiety|DDF
28399458|expert_7|352|371|abstract|depressive disorders|DDF
28399458|expert_7|414|431|abstract|perinatal distress|DDF
28399458|expert_7|438|467|abstract|infants' inflammatory diseases|DDF
28399458|expert_7|470|496|abstract|gastrointestinal complaints|DDF
28399458|expert_7|598|616|abstract|(expectant) mothers|human
28399458|expert_7|635|682|abstract|DSM-IV lifetime anxiety and depressive disorders|DDF
28399458|expert_7|685|738|abstract|Composite International Diagnostic Interview for Women|biomedical technique
28399458|expert_7|816|838|abstract|Brief Symptom Inventory|biomedical technique
28399458|expert_7|919|946|abstract|Infant inflammatory diseases|DDF
28399458|expert_7|949|975|abstract|gastrointestinal complaints|DDF
28399458|expert_7|1088|1114|abstract|psychopathological symptoms|DDF
28399458|expert_7|1154|1174|abstract|inflammatory diseases|DDF
28399458|expert_7|1180|1204|abstract|anti-infective medication|drug
28399458|expert_7|1215|1221|abstract|anxiety|DDF
28399458|expert_7|1227|1246|abstract|depressive disorders|DDF
28399458|expert_7|1294|1320|abstract|gastrointestinal complaints|DDF
28399458|expert_7|1323|1330|abstract|diarrhea|DDF
28399458|expert_7|1333|1348|abstract|colic complaints|DDF
28399458|expert_7|1453|1469|abstract|infants' diseases|DDF
28399458|expert_7|1618|1644|abstract|maternal perinatal distress|DDF
28399458|expert_7|1650|1677|abstract|infant inflammatory diseases|DDF
28399458|expert_7|1739|1754|abstract|maternal anxiety|DDF
28399458|expert_7|1760|1779|abstract|depressive disorders|DDF
28399458|expert_7|1785|1818|abstract|infant gastrointestinal complaints|DDF
28399458|expert_7|1925|1938|abstract|gut microbiota|microbiome
30826885|expert_2|53|58|title|Stress|DDF
30826885|expert_2|73|108|abstract|perinatal mood and anxiety disorders|DDF
30826885|expert_2|111|115|abstract|PMADs|DDF
30826885|expert_2|350|364|abstract|psychopathology|DDF
30826885|expert_2|379|415|abstract|women during pregnancy and postpartum|human
30826885|expert_2|596|603|abstract|cortisol|chemical
30826885|expert_2|694|697|abstract|PMAD|DDF
30826885|expert_2|842|845|abstract|PMAD|DDF
30826885|expert_2|926|939|abstract|gut microbiota|microbiome
30826885|expert_2|946|949|abstract|PMAD|DDF
27793225|expert_2|73|88|title|Mental Disorders|DDF
27793225|expert_2|75|90|abstract|mental disorders|DDF
27793225|expert_2|174|184|abstract|populations|human
27793225|expert_2|218|253|abstract|highly processed, poor quality foods|food
27793225|expert_2|301|315|abstract|mental disorder|DDF
27793225|expert_2|332|349|abstract|nutrient-rich diet|food
27793225|expert_2|500|513|abstract|gut microbiota|microbiome
27793225|expert_2|924|928|abstract|fiber|dietary supplement
27793225|expert_2|934|942|abstract|nutrients|food
27793225|expert_2|1268|1282|abstract|mental disorder|DDF
24103493|expert_2|0|34|title|Excess body weight during pregnancy|DDF
24103493|expert_2|40|56|title|offspring obesity|DDF
24103493|expert_2|13|35|abstract|child and adult obesity|DDF
24103493|expert_2|138|144|abstract|obesity|DDF
24103493|expert_2|194|211|abstract|excess body weight|DDF
24103493|expert_2|262|276|abstract|type 2 diabetes|DDF
24103493|expert_2|279|301|abstract|cardiovascular problems|DDF
24103493|expert_2|308|317|abstract|depression|DDF
24103493|expert_2|376|382|abstract|obesity|DDF
24103493|expert_2|479|496|abstract|excess body weight|DDF
24103493|expert_2|531|575|abstract|excess body weight during and after pregnancy|DDF
24103493|expert_2|607|626|abstract|offspring overweight|DDF
24103493|expert_2|632|638|abstract|obesity|DDF
24103493|expert_2|748|768|abstract|infant gut microbiota|microbiome
24103493|expert_2|895|901|abstract|obesity|DDF
33967849|expert_4|17|25|title|Probiotic|dietary supplement
33967849|expert_4|28|36|title|Prebiotic|dietary supplement
33967849|expert_4|43|67|title|Synbiotic Supplementation|dietary supplement
33967849|expert_4|80|102|title|Perinatal Mental Health|DDF
33967849|expert_4|107|113|title|Mothers|human
33967849|expert_4|69|82|abstract|gut microbiota|microbiome
33967849|expert_4|227|236|abstract|prebiotics|dietary supplement
33967849|expert_4|239|248|abstract|probiotics|dietary supplement
33967849|expert_4|255|280|abstract|synbiotics supplementation|dietary supplement
33967849|expert_4|321|351|abstract|maternal mental health problems|DDF
33967849|expert_4|596|604|abstract|probiotic|dietary supplement
33967849|expert_4|607|615|abstract|prebiotic|dietary supplement
33967849|expert_4|621|641|abstract|synbiotic supplements|dietary supplement
33967849|expert_4|659|663|abstract|women|human
33967849|expert_4|697|716|abstract|perinatal depression|DDF
33967849|expert_4|719|725|abstract|anxiety|DDF
33967849|expert_4|870|892|abstract|Pooled mean differences|statistical technique
33967849|expert_4|895|896|abstract|MD|statistical technique
33967849|expert_4|903|913|abstract|odds ratios|statistical technique
33967849|expert_4|926|949|abstract|95% confidence intervals|statistical technique
33967849|expert_4|975|1002|abstract|random-effects meta-analyses|statistical technique
33967849|expert_4|1168|1179|abstract|participants|human
33967849|expert_4|1214|1223|abstract|probiotics|dietary supplement
33967849|expert_4|1260|1269|abstract|probiotics|dietary supplement
33967849|expert_4|1275|1288|abstract|control groups|human
33967849|expert_4|1424|1433|abstract|probiotics|dietary supplement
33967849|expert_4|1530|1539|abstract|depression|DDF
33967849|expert_4|1584|1590|abstract|placebo|drug
33967849|expert_4|1593|1602|abstract|probiotics|dietary supplement
33967849|expert_4|1625|1640|abstract|anxiety symptoms|DDF
33967849|expert_4|1808|1814|abstract|anxiety|DDF
33967849|expert_4|1881|1890|abstract|probiotics|dietary supplement
33967849|expert_4|1896|1909|abstract|control groups|human
35281490|expert_1|26|84|title|Gut Microbiome Dysbiosis-Mediated Neuroimmune Dysregulation|DDF
35281490|expert_1|90|121|title|Protein Misfolding and Clearance|DDF
35281490|expert_1|146|180|title|Chronic Neurodegenerative Disorders|DDF
35281490|expert_1|4|23|abstract|human gut microbiota|microbiome
35281490|expert_1|232|245|abstract|gut microbiome|microbiome
35281490|expert_1|251|255|abstract|brain|anatomical location
35281490|expert_1|365|383|abstract|microbial dysbiosis|DDF
35281490|expert_1|455|457|abstract|gut|anatomical location
35281490|expert_1|504|555|abstract|chronic neurological and neurodegenerative disorders|DDF
35281490|expert_1|635|662|abstract|neurodegenerative conditions|DDF
35281490|expert_1|805|813|abstract|Dysbiosis|DDF
35281490|expert_1|833|878|abstract|psychiatric and gastrointestinal complications|DDF
35281490|expert_1|941|959|abstract|Parkinson's disease|DDF
35281490|expert_1|962|963|abstract|PD|DDF
35281490|expert_1|970|988|abstract|Alzheimer's disease|DDF
35281490|expert_1|991|992|abstract|AD|DDF
35281490|expert_1|1050|1062|abstract|gut dysbiosis|DDF
35281490|expert_1|1068|1089|abstract|neurological disorders|DDF
35281490|expert_1|1227|1243|abstract|neurodegeneration|DDF
35281490|expert_1|1322|1361|abstract|gut microbe-induced chronic inflammation|DDF
35281490|expert_1|1364|1381|abstract|protein misfolding|DDF
35281490|expert_1|1399|1424|abstract|disease-specific pathology|DDF
35281490|expert_1|1427|1453|abstract|defective protein clearance|DDF
35281490|expert_1|1460|1483|abstract|autoimmune dysregulation|DDF
35281490|expert_1|1494|1516|abstract|gut microbial dysbiosis|DDF
35281490|expert_1|1522|1538|abstract|neurodegeneration|DDF
35281490|expert_1|1675|1696|abstract|beneficial metabolites|chemical
35281490|expert_1|1754|1781|abstract|enteric neuronal dysfunction|DDF
35281490|expert_1|1857|1887|abstract|systemic pro-inflammatory state|DDF
35281490|expert_1|1970|1986|abstract|neuroinflammation|DDF
35281490|expert_1|1992|2008|abstract|neurodegeneration|DDF
35281490|expert_1|2116|2142|abstract|neurodegenerative disorders|DDF
26426677|expert_5|0|22|abstract|Intestinal inflammation|DDF
26426677|expert_5|129|134|abstract|stress|DDF
26426677|expert_5|140|163|abstract|psychiatric disturbances|DDF
26426677|expert_5|326|348|abstract|intestinal inflammation|DDF
26426677|expert_5|478|499|abstract|gastrointestinal tract|anatomical location
26426677|expert_5|525|538|abstract|gut microbiota|microbiome
26426677|expert_5|750|777|abstract|pharmacological intervention|drug
38401573|expert_2|52|61|title|arketamine|drug
38401573|expert_2|66|74|title|male mice|animal
38401573|expert_2|87|109|title|chronic restrain stress|DDF
38401573|expert_2|35|48|abstract|gut microbiota|microbiome
38401573|expert_2|54|83|abstract|microbiome-derived metabolites|chemical
38401573|expert_2|109|118|abstract|depression|DDF
38401573|expert_2|192|201|abstract|arketamine|drug
38401573|expert_2|206|228|abstract|chronic restrain stress|DDF
38401573|expert_2|231|233|abstract|CRS|DDF
38401573|expert_2|245|254|abstract|depression|DDF
38401573|expert_2|346|355|abstract|arketamine|drug
38401573|expert_2|402|411|abstract|arketamine|drug
38401573|expert_2|443|445|abstract|CRS|DDF
38401573|expert_2|478|505|abstract|CRS-induced body weight loss|DDF
38401573|expert_2|662|666|abstract|GluA1|chemical
38401573|expert_2|672|677|abstract|PSD-95|chemical
38401573|expert_2|687|703|abstract|prefrontal cortex|anatomical location
38401573|expert_2|706|708|abstract|PFC|anatomical location
38401573|expert_2|718|726|abstract|male mice|animal
38401573|expert_2|783|792|abstract|arketamine|drug
38401573|expert_2|829|842|abstract|gut microbiota|microbiome
38401573|expert_2|847|862|abstract|CRS-exposed mice|animal
38401573|expert_2|868|890|abstract|untargeted metabolomics|biomedical technique
38401573|expert_2|934|942|abstract|L-leucine|chemical
38401573|expert_2|945|964|abstract|N-acetyl-l-glutamine|chemical
38401573|expert_2|967|1029|abstract|2-(2,4-dichlorophenyl)-3-[4-(dimethylamino)phenyl]acrylonitrile|chemical
38401573|expert_2|1032|1048|abstract|L-threonine amide|chemical
38401573|expert_2|1077|1083|abstract|control|human
38401573|expert_2|1089|1097|abstract|CRS group|human
38401573|expert_2|1152|1169|abstract|saline + CRS group|human
38401573|expert_2|1179|1200|abstract|arketamine + CRS group|human
38401573|expert_2|1203|1218|abstract|Network analysis|statistical technique
38401573|expert_2|1252|1268|abstract|synaptic proteins|chemical
38401573|expert_2|1277|1279|abstract|PFC|anatomical location
38401573|expert_2|1309|1325|abstract|blood metabolites|chemical
38401573|expert_2|1468|1477|abstract|arketamine|drug
34908715|expert_2|167|180|abstract|gut microbiome|microbiome
34908715|expert_2|190|194|abstract|brain|anatomical location
34908715|expert_2|364|441|abstract|psychiatric, neuro-developmental, age-related, and neurodegenerative disorders|DDF
34908715|expert_2|541|546|abstract|Stress|DDF
34908715|expert_2|648|661|abstract|gut microbiota|microbiome
34908715|expert_2|692|712|abstract|severe mental illness|DDF
34908715|expert_2|715|720|abstract|autism|DDF
34908715|expert_2|723|729|abstract|anxiety|DDF
34908715|expert_2|732|738|abstract|obesity|DDF
34908715|expert_2|741|759|abstract|Parkinson's disease|DDF
34908715|expert_2|766|784|abstract|Alzheimer's disease|DDF
34908715|expert_2|953|978|abstract|neuropsychiatric disorders|DDF
29955222|expert_7|27|40|title|Gut Microbiota|microbiome
29955222|expert_7|14|27|abstract|macronutrients|chemical
29955222|expert_7|30|42|abstract|carbohydrates|chemical
29955222|expert_7|45|52|abstract|proteins|chemical
29955222|expert_7|59|62|abstract|fats|chemical
29955222|expert_7|66|79|abstract|micronutrients|chemical
29955222|expert_7|82|89|abstract|vitamins|chemical
29955222|expert_7|95|102|abstract|minerals|chemical
29955222|expert_7|110|123|abstract|phytochemicals|chemical
29955222|expert_7|126|157|abstract|non-nutrient bioactive compounds|chemical
29955222|expert_7|284|307|abstract|mammalian gut microbiota|microbiome
29955222|expert_7|645|649|abstract|fiber|chemical
29955222|expert_7|665|678|abstract|phytochemicals|chemical
29955222|expert_7|710|720|abstract|plant foods|food
29955222|expert_7|790|801|abstract|gut bacteria|bacteria
29955222|expert_7|842|856|abstract|chronic disease|DDF
29955222|expert_7|867|878|abstract|colon cancer|DDF
29955222|expert_7|883|897|abstract|type 2 diabetes|DDF
37291666|expert_3|62|79|title|spinal cord injury|DDF
37291666|expert_3|0|17|abstract|Spinal cord injury|DDF
37291666|expert_3|20|22|abstract|SCI|DDF
37291666|expert_3|222|234|abstract|neural damage|DDF
37291666|expert_3|325|335|abstract|spinal cord|anatomical location
37291666|expert_3|467|469|abstract|SCI|DDF
37291666|expert_3|826|848|abstract|neurological disruption|DDF
37291666|expert_3|858|903|abstract|immune, endocrine, and multisystem dysfunction|DDF
37291666|expert_3|1057|1059|abstract|SCI|DDF
37291666|expert_3|1375|1382|abstract|patients|human
26408987|expert_2|18|45|title|Lactobacillus helveticus NS8|bacteria
26408987|expert_2|56|105|title|behavioral, cognitive, and biochemical aberrations|DDF
26408987|expert_2|117|140|title|chronic restraint stress|DDF
26408987|expert_2|54|67|abstract|gut microbiota|microbiome
26408987|expert_2|107|130|abstract|stress-related disorders|DDF
26408987|expert_2|133|146|abstract|Chronic stress|DDF
26408987|expert_2|158|223|abstract|behavioral, cognitive, biochemical, and gut microbiota aberrations|DDF
26408987|expert_2|392|396|abstract|brain|anatomical location
26408987|expert_2|454|463|abstract|probiotics|dietary supplement
26408987|expert_2|477|509|abstract|chronic-stress-induced depression|DDF
26408987|expert_2|626|679|abstract|Adult specific pathogen free (SPF) Sprague-Dawley rats|animal
26408987|expert_2|710|725|abstract|restraint stress|DDF
26408987|expert_2|773|795|abstract|sucrose preference test|biomedical technique
26408987|expert_2|798|800|abstract|SPT|biomedical technique
26408987|expert_2|804|826|abstract|elevated-plus maze test|biomedical technique
26408987|expert_2|829|843|abstract|open-field test|biomedical technique
26408987|expert_2|846|848|abstract|OFT|biomedical technique
26408987|expert_2|852|874|abstract|object recognition test|biomedical technique
26408987|expert_2|877|879|abstract|ORT|biomedical technique
26408987|expert_2|887|907|abstract|object placement test|biomedical technique
26408987|expert_2|910|912|abstract|OPT|biomedical technique
26408987|expert_2|920|939|abstract|biochemical analysis|biomedical technique
26408987|expert_2|942|982|abstract|Supplemental Lactobacillus helveticus NS8|dietary supplement
26408987|expert_2|1014|1019|abstract|stress|DDF
26408987|expert_2|1054|1109|abstract|selective serotonin reuptake inhibitor (SSRI) citalopram|drug
26408987|expert_2|1112|1114|abstract|CIT|drug
26408987|expert_2|1167|1183|abstract|L. helveticus NS8|dietary supplement
26408987|expert_2|1194|1236|abstract|chronic restraint stress-induced behavioral|DDF
26408987|expert_2|1239|1245|abstract|anxiety|DDF
26408987|expert_2|1251|1260|abstract|depression|DDF
26408987|expert_2|1267|1287|abstract|cognitive dysfunction|DDF
26408987|expert_2|1343|1345|abstract|CIT|drug
26408987|expert_2|1348|1364|abstract|L. helveticus NS8|dietary supplement
26408987|expert_2|1479|1492|abstract|interleukin-10|chemical
26408987|expert_2|1519|1539|abstract|hippocampal serotonin|chemical
26408987|expert_2|1542|1545|abstract|5-HT|chemical
26408987|expert_2|1552|1565|abstract|norepinephrine|chemical
26408987|expert_2|1568|1569|abstract|NE|chemical
26408987|expert_2|1666|1684|abstract|chronic stress rats|animal
26408987|expert_2|1755|1771|abstract|L. helveticus NS8|dietary supplement
26408987|expert_2|1776|1779|abstract|rats|animal
26408987|expert_2|1794|1828|abstract|chronic restraint stress depression|DDF
26408987|expert_2|1945|1961|abstract|L. helveticus NS8|dietary supplement
26408987|expert_2|2009|2018|abstract|depression|DDF
38292207|expert_2|25|48|title|Canine Anxiety Disorders|DDF
38292207|expert_2|0|16|abstract|Anxiety disorders|DDF
38292207|expert_2|21|24|abstract|dogs|animal
38292207|expert_2|262|278|abstract|anxiety disorders|DDF
38292207|expert_2|339|342|abstract|dogs|animal
38292207|expert_2|377|390|abstract|gut microbiota|microbiome
38292207|expert_2|475|484|abstract|intestines|anatomical location
38292207|expert_2|489|492|abstract|dogs|animal
38292207|expert_2|771|779|abstract|dysbiosis|DDF
38292207|expert_2|842|857|abstract|mental disorders|DDF
38292207|expert_2|867|873|abstract|anxiety|DDF
38292207|expert_2|917|922|abstract|humans|human
38292207|expert_2|945|965|abstract|intestinal microbiota|microbiome
38292207|expert_2|1031|1047|abstract|anxiety disorders|DDF
38292207|expert_2|1098|1107|abstract|prebiotics|dietary supplement
38292207|expert_2|1113|1122|abstract|probiotics|dietary supplement
38292207|expert_2|1366|1389|abstract|canine anxiety disorders|DDF
38292207|expert_2|1456|1479|abstract|canine anxiety disorders|DDF
34311029|expert_5|0|10|title|Fatty acids|chemical
34311029|expert_5|71|76|title|lipids|chemical
34311029|expert_5|122|127|title|lipids|chemical
34311029|expert_5|0|5|abstract|Lipids|chemical
34311029|expert_5|107|146|abstract|aged and Alzheimer's disease (AD) brains|anatomical location
34311029|expert_5|163|183|abstract|healthy mature brains|anatomical location
34311029|expert_5|199|200|abstract|AD|DDF
34311029|expert_5|243|268|abstract|increased oxidative stress|DDF
34311029|expert_5|274|301|abstract|perturbed metabolic function|DDF
34311029|expert_5|365|366|abstract|AD|DDF
34311029|expert_5|371|395|abstract|neurodegenerative disease|DDF
34311029|expert_5|400|438|abstract|major accompanying pathological symptom|DDF
34311029|expert_5|463|482|abstract|cognitive impairment|DDF
34311029|expert_5|506|532|abstract|changes in lipid metabolism|DDF
34311029|expert_5|541|554|abstract|nutraceuticals|dietary supplement
34311029|expert_5|651|667|abstract|cognitive decline|DDF
34311029|expert_5|670|683|abstract|Lipid analyses|biomedical technique
34311029|expert_5|689|705|abstract|lipidomic studies|biomedical technique
34311029|expert_5|761|762|abstract|AD|DDF
34311029|expert_5|794|819|abstract|lipid-based nutraceuticals|dietary supplement
34311029|expert_5|836|840|abstract|brain|anatomical location
34311029|expert_5|954|959|abstract|lipids|dietary supplement
34311029|expert_5|1062|1081|abstract|multi-component diet|food
34311029|expert_5|1095|1125|abstract|single nutrient supplementation|dietary supplement
34311029|expert_5|1128|1141|abstract|Gut microbiota|microbiome
34311029|expert_5|1169|1185|abstract|beneficial lipids|chemical
34311029|expert_5|1251|1264|abstract|gut microbiome|microbiome
34311029|expert_5|1527|1532|abstract|lipids|chemical
34311029|expert_5|1541|1545|abstract|brain|anatomical location
34311029|expert_5|1578|1579|abstract|AD|DDF
34311029|expert_5|1602|1627|abstract|lipid-based nutraceuticals|dietary supplement
34311029|expert_5|1671|1690|abstract|cognitive impairment|DDF
34836918|expert_4|16|30|title|microbial toxin|chemical
34836918|expert_4|41|54|title|gut microbiome|microbiome
34836918|expert_4|59|84|title|mesencephalic mitochondria|anatomical location
34836918|expert_4|0|29|abstract|Idiopathic Parkinson's disease|DDF
34836918|expert_4|32|33|abstract|PD|DDF
34836918|expert_4|73|76|abstract|aSyn|chemical
34836918|expert_4|132|139|abstract|midbrain|anatomical location
34836918|expert_4|170|171|abstract|PD|DDF
34836918|expert_4|193|195|abstract|gut|anatomical location
34836918|expert_4|238|261|abstract|chronic gut inflammation|DDF
34836918|expert_4|295|299|abstract|brain|anatomical location
34836918|expert_4|365|412|abstract|microbial toxin β-<i>N</i>-methylamino-L-alanine|chemical
34836918|expert_4|415|418|abstract|BMAA|chemical
34836918|expert_4|428|430|abstract|gut|anatomical location
34836918|expert_4|449|450|abstract|PD|DDF
34836918|expert_4|623|636|abstract|wild-type mice|animal
34836918|expert_4|708|711|abstract|BMAA|chemical
34836918|expert_4|741|754|abstract|gut microbiota|microbiome
34836918|expert_4|791|802|abstract|inflammation|DDF
34836918|expert_4|839|856|abstract|brain inflammation|DDF
34836918|expert_4|859|884|abstract|dopaminergic neuronal loss|DDF
34836918|expert_4|999|1002|abstract|BMAA|chemical
34836918|expert_4|1062|1065|abstract|BMAA|chemical
34836918|expert_4|1098|1127|abstract|segmented filamentous bacteria|bacteria
34836918|expert_4|1130|1132|abstract|SFB|bacteria
34836918|expert_4|1179|1191|abstract|gut dysbiosis|DDF
34836918|expert_4|1194|1214|abstract|immune cell migration|DDF
34836918|expert_4|1227|1249|abstract|intestinal inflammation|DDF
34836918|expert_4|1252|1276|abstract|loss of barrier integrity|DDF
34836918|expert_4|1331|1334|abstract|BMAA|chemical
34836918|expert_4|1410|1420|abstract|cardiolipin|chemical
34836918|expert_4|1506|1522|abstract|neuroinflammation|DDF
34836918|expert_4|1525|1550|abstract|dopaminergic neuronal loss|DDF
34836918|expert_4|1556|1569|abstract|motor deficits|DDF
34836918|expert_4|1645|1648|abstract|BMAA|chemical
34836918|expert_4|1719|1730|abstract|PD pathology|DDF
34836918|expert_4|1741|1743|abstract|gut|anatomical location
34836918|expert_4|1752|1756|abstract|brain|anatomical location
34836918|expert_4|1784|1797|abstract|'gut-first' PD|DDF
37900921|expert_5|52|65|title|gut microbiome|microbiome
37900921|expert_5|75|88|title|neuromodulator|chemical
37900921|expert_5|104|109|title|autism|DDF
37900921|expert_5|0|33|abstract|Gut-microbiome-derived metabolites|chemical
37900921|expert_5|44|56|abstract|4-Ethylphenol|chemical
37900921|expert_5|59|61|abstract|4EP|chemical
37900921|expert_5|423|439|abstract|host-modified 4EP|chemical
37900921|expert_5|442|462|abstract|4-ethylphenol sulfate|chemical
37900921|expert_5|465|468|abstract|4EPS|chemical
37900921|expert_5|495|511|abstract|anxiety phenotype|DDF
37900921|expert_5|516|535|abstract|autistic individuals|human
37900921|expert_5|650|663|abstract|gut microbiome|microbiome
37900921|expert_5|695|697|abstract|4EP|chemical
37900921|expert_5|713|745|abstract|increased intestinal permeability|DDF
37900921|expert_5|760|779|abstract|autistic individuals|human
37900921|expert_5|823|825|abstract|4EP|chemical
37900921|expert_5|834|837|abstract|4EPS|chemical
37900921|expert_5|850|863|abstract|gut epithelium|anatomical location
37900921|expert_5|911|928|abstract|kidney dysfunction|DDF
37900921|expert_5|964|983|abstract|autistic individuals|human
37900921|expert_5|1007|1009|abstract|4EP|chemical
37900921|expert_5|1089|1092|abstract|4EPS|chemical
37900921|expert_5|1101|1105|abstract|brain|anatomical location
37900921|expert_5|1110|1113|abstract|mice|animal
37900921|expert_5|1185|1191|abstract|anxiety|DDF
37900921|expert_5|1251|1253|abstract|4EP|chemical
37900921|expert_5|1262|1265|abstract|4EPS|chemical
37900921|expert_5|1270|1281|abstract|human brains|anatomical location
37900921|expert_5|1408|1410|abstract|4EP|chemical
37900921|expert_5|1486|1507|abstract|endogenous metabolites|chemical
37900921|expert_5|1701|1715|abstract|4EP-glucuronide|chemical
37900921|expert_5|1788|1790|abstract|4EP|chemical
37900921|expert_5|1801|1803|abstract|gut|anatomical location
37900921|expert_5|1843|1845|abstract|4EP|chemical
37900921|expert_5|1854|1857|abstract|4EPS|chemical
37900921|expert_5|1868|1872|abstract|brain|anatomical location
37900921|expert_5|1906|1912|abstract|kidneys|anatomical location
37900921|expert_5|1967|1969|abstract|4EP|chemical
34204057|expert_1|0|17|title|Mediterranean Diet|food
34204057|expert_1|41|65|abstract|non-communicable diseases|DDF
34204057|expert_1|75|81|abstract|obesity|DDF
34204057|expert_1|84|91|abstract|diabetes|DDF
34204057|expert_1|94|111|abstract|metabolic syndrome|DDF
34204057|expert_1|118|138|abstract|cardiovascular events|DDF
34204057|expert_1|287|303|abstract|sleep deprivation|DDF
34204057|expert_1|426|443|abstract|Mediterranean diet|food
34204057|expert_1|446|447|abstract|MD|food
34204057|expert_1|459|464|abstract|fruits|food
34204057|expert_1|467|473|abstract|legumes|food
34204057|expert_1|476|485|abstract|vegetables|food
34204057|expert_1|488|496|abstract|olive oil|food
34204057|expert_1|499|503|abstract|herbs|food
34204057|expert_1|506|511|abstract|spices|food
34204057|expert_1|615|616|abstract|MD|food
34204057|expert_1|738|739|abstract|MD|food
34204057|expert_1|827|852|abstract|neurodegenerative diseases|DDF
34204057|expert_1|875|884|abstract|depression|DDF
34204057|expert_1|890|915|abstract|psychosocial maladjustment|DDF
34204057|expert_1|989|1001|abstract|female people|human
34204057|expert_1|1029|1042|abstract|gut microbiota|microbiome
34204057|expert_1|1173|1174|abstract|MD|food
34204057|expert_1|1305|1306|abstract|MD|food
33318317|expert_5|26|50|title|mild cognitive impairment|DDF
33318317|expert_5|66|79|title|gut microbiome|microbiome
33318317|expert_5|66|79|abstract|gut microbiota|microbiome
33318317|expert_5|88|92|abstract|brain|anatomical location
33318317|expert_5|130|134|abstract|brain|anatomical location
33318317|expert_5|158|171|abstract|gut microbiota|microbiome
33318317|expert_5|294|310|abstract|cognitive decline|DDF
33318317|expert_5|387|396|abstract|impairment|DDF
33318317|expert_5|399|414|abstract|Elderly patients|human
33318317|expert_5|431|455|abstract|mild cognitive impairment|DDF
33318317|expert_5|469|522|abstract|randomized-control trial of mindful awareness practice|biomedical technique
33318317|expert_5|525|554|abstract|Neuropsychological assessments|biomedical technique
33318317|expert_5|557|576|abstract|inflammatory markers|biomedical technique
33318317|expert_5|647|666|abstract|cognitive impairment|DDF
33318317|expert_5|792|803|abstract|Ruminococcus|bacteria
33318317|expert_5|812|829|abstract|Recognition Trials|biomedical technique
33318317|expert_5|832|833|abstract|RT|biomedical technique
33318317|expert_5|837|855|abstract|Digit Span Backward|biomedical technique
33318317|expert_5|858|860|abstract|DSB|biomedical technique
33318317|expert_5|864|884|abstract|Semantic Fluency Span|biomedical technique
33318317|expert_5|887|889|abstract|SFS|biomedical technique
33318317|expert_5|896|908|abstract|Memory Domain|biomedical technique
33318317|expert_5|911|912|abstract|MD|biomedical technique
33318317|expert_5|919|929|abstract|Coprococcus|bacteria
33318317|expert_5|938|940|abstract|DSB|biomedical technique
33318317|expert_5|943|961|abstract|Color Trails Test 2|biomedical technique
33318317|expert_5|964|967|abstract|CTT2|biomedical technique
33318317|expert_5|974|985|abstract|Block Design|biomedical technique
33318317|expert_5|988|989|abstract|BD|biomedical technique
33318317|expert_5|996|1010|abstract|Parabacteroides|bacteria
33318317|expert_5|1019|1021|abstract|DSB|biomedical technique
33318317|expert_5|1027|1029|abstract|SFS|biomedical technique
33318317|expert_5|1035|1047|abstract|Fusobacterium|bacteria
33318317|expert_5|1056|1058|abstract|DSB|biomedical technique
33318317|expert_5|1064|1067|abstract|CTT2|biomedical technique
33318317|expert_5|1073|1090|abstract|Enterobacteriaceae|bacteria
33318317|expert_5|1099|1100|abstract|BD|biomedical technique
33318317|expert_5|1106|1108|abstract|SFS|biomedical technique
33318317|expert_5|1114|1128|abstract|Ruminococcaceae|bacteria
33318317|expert_5|1137|1139|abstract|DSB|biomedical technique
33318317|expert_5|1145|1165|abstract|Phascolarctobacterium|bacteria
33318317|expert_5|1174|1175|abstract|MD|biomedical technique
33318317|expert_5|1215|1250|abstract|alteration in the cognitive capacity|DDF
33318317|expert_5|1380|1384|abstract|brain|anatomical location
33318317|expert_5|1450|1461|abstract|gut microbes|microbiome
34704023|expert_6|50|68|title|Parkinson's disease|DDF
34704023|expert_6|74|91|title|multiple sclerosis|DDF
34704023|expert_6|66|87|abstract|neurological disorders|DDF
34704023|expert_6|474|487|abstract|gut microbiome|microbiome
34704023|expert_6|684|713|abstract|gut microbiome alpha-diversity|DDF
34704023|expert_6|719|740|abstract|neurological disorders|DDF
34704023|expert_6|815|836|abstract|neurological disorders|DDF
34704023|expert_6|968|991|abstract|16S rRNA gene sequencing|biomedical technique
34704023|expert_6|996|1014|abstract|Parkinson's disease|DDF
34704023|expert_6|1017|1034|abstract|multiple Sclerosis|DDF
34704023|expert_6|1040|1058|abstract|Alzheimer's disease|DDF
34704023|expert_6|1159|1181|abstract|Shannon diversity index|statistical technique
34704023|expert_6|1217|1229|abstract|meta-analysis|statistical technique
34704023|expert_6|1261|1268|abstract|patients|human
34704023|expert_6|1274|1289|abstract|healthy controls|human
34704023|expert_6|1329|1347|abstract|Parkinson's disease|DDF
34704023|expert_6|1386|1404|abstract|Parkinson's Disease|DDF
34704023|expert_6|1410|1425|abstract|healthy controls|human
34704023|expert_6|1465|1482|abstract|multiple sclerosis|DDF
34704023|expert_6|1520|1537|abstract|Multiple Sclerosis|DDF
34704023|expert_6|1543|1558|abstract|healthy controls|human
34704023|expert_6|1566|1584|abstract|Alzheimer's disease|DDF
34704023|expert_6|1591|1603|abstract|meta-analysis|statistical technique
34704023|expert_6|1719|1769|abstract|Parkinson's disease and multiple sclerosis patients|human
34704023|expert_6|1788|1803|abstract|healthy controls|human
34704023|expert_6|1830|1842|abstract|Shannon index|statistical technique
34704023|expert_6|1872|1893|abstract|neurological disorders|DDF
34704023|expert_6|2011|2029|abstract|Parkinson's Disease|DDF
34704023|expert_6|2128|2149|abstract|neurological disorders|DDF
34704023|expert_6|2200|2248|abstract|gastro-intestinal, immune and metabolic disorders|DDF
34704023|expert_6|2302|2320|abstract|Parkinson's disease|DDF
34704023|expert_6|2326|2343|abstract|multiple sclerosis|DDF
28629758|expert_5|20|33|title|gut microbiota|microbiome
28629758|expert_5|59|82|title|social avoidance effects|DDF
28629758|expert_5|87|107|title|chronic social defeat|DDF
28629758|expert_5|112|120|title|male mice|animal
28629758|expert_5|60|73|abstract|gut microbiome|microbiome
28629758|expert_5|140|149|abstract|depression|DDF
28629758|expert_5|302|327|abstract|social avoidance behaviors|DDF
28629758|expert_5|343|352|abstract|depression|DDF
28629758|expert_5|359|385|abstract|pro-inflammatory variations|DDF
28629758|expert_5|393|414|abstract|socially stressed mice|animal
28629758|expert_5|417|433|abstract|Male C57BL/6 mice|animal
28629758|expert_5|520|545|abstract|Social avoidance behaviors|DDF
28629758|expert_5|705|718|abstract|corticosterone|chemical
28629758|expert_5|721|746|abstract|pro-inflammatory cytokines|chemical
28629758|expert_5|776|779|abstract|Mice|animal
28629758|expert_5|837|857|abstract|chronic social defeat|DDF
28629758|expert_5|873|905|abstract|severe social avoidance behaviors|DDF
28629758|expert_5|1024|1049|abstract|plasma and brain cytokines|chemical
28629758|expert_5|1085|1106|abstract|socially defeated mice|animal
28629758|expert_5|1143|1161|abstract|interleukin (IL)-1β|chemical
28629758|expert_5|1167|1170|abstract|IL-6|chemical
28629758|expert_5|1183|1199|abstract|prefrontal cortex|anatomical location
28629758|expert_5|1244|1262|abstract|Flavobacterium spp.|bacteria
28629758|expert_5|1289|1305|abstract|Turicibacter spp.|bacteria
28629758|expert_5|1575|1589|abstract|social deficits|DDF
36191806|expert_5|40|67|title|subdiaphragmatic vagus nerve|anatomical location
36191806|expert_5|72|97|title|depression-like phenotypes|DDF
36191806|expert_5|102|122|title|Chrna7 knock-out mice|animal
36191806|expert_5|4|13|abstract|α7 subtype|chemical
36191806|expert_5|22|53|abstract|nicotinic acetylcholine receptor|chemical
36191806|expert_5|56|63|abstract|α7 nAChR|chemical
36191806|expert_5|75|80|abstract|Chrna7|gene
36191806|expert_5|185|210|abstract|Chrna7 knock-out (KO) mice|animal
36191806|expert_5|217|241|abstract|depression-like behaviors|DDF
36191806|expert_5|251|288|abstract|abnormal composition of gut microbiota|DDF
36191806|expert_5|294|314|abstract|systemic inflammation|DDF
36191806|expert_5|335|362|abstract|subdiaphragmatic vagus nerve|anatomical location
36191806|expert_5|418|442|abstract|subdiaphragmatic vagotomy|biomedical technique
36191806|expert_5|445|447|abstract|SDV|biomedical technique
36191806|expert_5|463|487|abstract|depression-like behaviors|DDF
36191806|expert_5|490|527|abstract|abnormal composition of gut microbiota|DDF
36191806|expert_5|534|561|abstract|microbes-derived metabolites|chemical
36191806|expert_5|566|579|abstract|Chrna7 KO mice|animal
36191806|expert_5|582|584|abstract|SDV|biomedical technique
36191806|expert_5|594|618|abstract|depression-like behaviors|DDF
36191806|expert_5|646|662|abstract|synaptic proteins|chemical
36191806|expert_5|671|694|abstract|medial prefrontal cortex|anatomical location
36191806|expert_5|697|700|abstract|mPFC|anatomical location
36191806|expert_5|706|719|abstract|Chrna7 KO mice|animal
36191806|expert_5|722|778|abstract|LEfSe (linear discriminant analysis effect size) analysis|statistical technique
36191806|expert_5|806|828|abstract|Lactobacillus sp. BL302|bacteria
36191806|expert_5|843|863|abstract|Lactobacillus hominis|bacteria
36191806|expert_5|882|902|abstract|Lactobacillus reuteri|bacteria
36191806|expert_5|959|972|abstract|KO + SDV group|animal
36191806|expert_5|1030|1104|abstract|three groups [wild-type (WT) + sham group, KO + sham group, KO + SDV group]|animal
36191806|expert_5|1139|1156|abstract|plasma metabolites|chemical
36191806|expert_5|1176|1187|abstract|three groups|animal
36191806|expert_5|1254|1271|abstract|several microbiome|microbiome
36191806|expert_5|1297|1313|abstract|synaptic proteins|chemical
36191806|expert_5|1384|1401|abstract|several microbiome|microbiome
36191806|expert_5|1407|1424|abstract|plasma metabolites|chemical
36191806|expert_5|1472|1485|abstract|Chrna7 KO mice|animal
36191806|expert_5|1495|1519|abstract|depression-like behaviors|DDF
36191806|expert_5|1547|1563|abstract|synaptic proteins|chemical
36191806|expert_5|1572|1575|abstract|mPFC|anatomical location
36191806|expert_5|1615|1642|abstract|subdiaphragmatic vagus nerve|anatomical location
37485386|expert_3|0|9|title|Prebiotics|dietary supplement
37485386|expert_3|15|24|title|depression|DDF
37485386|expert_3|40|53|title|gut microbiota|microbiome
37485386|expert_3|0|9|abstract|Depression|DDF
37485386|expert_3|14|26|abstract|mood disorder|DDF
37485386|expert_3|170|179|abstract|Prebiotics|dietary supplement
37485386|expert_3|242|260|abstract|host microorganisms|bacteria
37485386|expert_3|395|404|abstract|depression|DDF
37485386|expert_3|459|486|abstract|carbohydrate-type prebiotics|dietary supplement
37485386|expert_3|496|515|abstract|inulin-type fructans|dietary supplement
37485386|expert_3|518|540|abstract|galactooligosaccharides|dietary supplement
37485386|expert_3|543|545|abstract|GOS|dietary supplement
37485386|expert_3|549|575|abstract|human milk oligosaccharides|dietary supplement
37485386|expert_3|578|593|abstract|resistant starch|dietary supplement
37485386|expert_3|596|619|abstract|prebiotic phytochemicals|chemical
37485386|expert_3|631|654|abstract|epigallocatechin gallate|chemical
37485386|expert_3|657|660|abstract|EGCG|chemical
37485386|expert_3|664|680|abstract|chlorogenic acids|chemical
37485386|expert_3|683|693|abstract|resveratrol|chemical
37485386|expert_3|700|715|abstract|prebiotic lipids|chemical
37485386|expert_3|718|746|abstract|n-3 polysaturated fatty acids|chemical
37485386|expert_3|779|788|abstract|depression|DDF
37485386|expert_3|817|819|abstract|GOS|dietary supplement
37485386|expert_3|850|870|abstract|eicosapentaenoic acid|chemical
37485386|expert_3|917|935|abstract|depressive symptoms|DDF
37485386|expert_3|944|947|abstract|EGCG|chemical
37485386|expert_3|1118|1127|abstract|prebiotics|dietary supplement
37485386|expert_3|1132|1141|abstract|depression|DDF
37485386|expert_3|1168|1184|abstract|neurotransmitters|chemical
37485386|expert_3|1201|1223|abstract|short-chain fatty acids|chemical
37485386|expert_3|1244|1255|abstract|inflammation|DDF
33936013|expert_6|19|58|title|Human Intestinal <i>Bacteroides</i> spp.|bacteria
33936013|expert_6|97|117|title|Acid Stress Tolerance|DDF
33936013|expert_6|179|216|abstract|microbiota-derived γ-aminobutyric acid|chemical
33936013|expert_6|219|222|abstract|GABA|chemical
33936013|expert_6|305|347|abstract|glutamate decarboxylase (GAD)-encoding gene|gene
33936013|expert_6|374|377|abstract|GABA|chemical
33936013|expert_6|397|437|abstract|human intestinal genus <i>Bacteroides</i>|bacteria
33936013|expert_6|462|465|abstract|GABA|chemical
33936013|expert_6|484|494|abstract|Bacteroides|bacteria
33936013|expert_6|546|565|abstract|comparative genomics|biomedical technique
33936013|expert_6|571|583|abstract|phylogenetics|biomedical technique
33936013|expert_6|604|614|abstract|Bacteroides|bacteria
33936013|expert_6|811|853|abstract|i>Bacteroides thetaiotaomicron</i> DSM 2079|bacteria
33936013|expert_6|960|987|abstract|acid-induced cellular damage|DDF
33936013|expert_6|1080|1082|abstract|GAD|chemical
33936013|expert_6|1087|1097|abstract|glutaminase|chemical
33936013|expert_6|1102|1126|abstract|glutamate/GABA antiporter|chemical
33936013|expert_6|1215|1225|abstract|Bacteroides|bacteria
33936013|expert_6|1250|1260|abstract|Bacteroides|bacteria
33936013|expert_6|1282|1290|abstract|human gut|anatomical location
33936013|expert_6|1352|1380|abstract|intestinal <i>Bacteroides</i>|bacteria
33936013|expert_6|1400|1403|abstract|GABA|chemical
33936013|expert_6|1468|1476|abstract|glutamate|chemical
33936013|expert_6|1482|1490|abstract|glutamine|chemical
33936013|expert_6|1636|1646|abstract|acid stress|DDF
33936013|expert_6|1654|1664|abstract|Bacteroides|bacteria
33936013|expert_6|1845|1855|abstract|Bacteroides|bacteria
33936013|expert_6|1926|1936|abstract|Bacteroides|bacteria
33936013|expert_6|1991|1999|abstract|human gut|anatomical location
33467657|expert_6|26|58|title|Cognitive and Behavioural Effects|DDF
33467657|expert_6|63|78|title|Maternal Obesity|DDF
33467657|expert_6|116|122|abstract|obesity|DDF
33467657|expert_6|190|205|abstract|maternal obesity|DDF
33467657|expert_6|208|220|abstract|overnutrition|DDF
33467657|expert_6|328|336|abstract|offspring|human
33467657|expert_6|473|494|abstract|maternal overnutrition|DDF
33467657|expert_6|602|618|abstract|neuroinflammation|DDF
33467657|expert_6|625|670|abstract|disrupted neuronal circuities and connectivity|DDF
33467657|expert_6|681|707|abstract|dysregulated brain hormones|DDF
33467657|expert_6|756|769|abstract|gut microbiota|microbiome
33467657|expert_6|783|805|abstract|obesity-induced changes|DDF
33467657|expert_6|914|922|abstract|offspring|human
33467657|expert_6|1235|1240|abstract|leptin|chemical
33467657|expert_6|1243|1249|abstract|insulin|chemical
33467657|expert_6|1255|1262|abstract|oxytocin|chemical
33467657|expert_6|1380|1393|abstract|gut microbiome|microbiome
33467657|expert_6|1532|1549|abstract|abnormal behaviour|DDF
33467657|expert_6|1554|1562|abstract|offspring|human
33467657|expert_6|1754|1770|abstract|neuroinflammation|DDF
33467657|expert_6|1917|1930|abstract|gut microbiome|microbiome
36707651|expert_2|63|79|title|bipolar disorders|DDF
36707651|expert_2|0|16|abstract|Bipolar disorders|DDF
36707651|expert_2|19|20|abstract|BD|DDF
36707651|expert_2|247|248|abstract|BD|DDF
36707651|expert_2|386|399|abstract|gut microbiota|microbiome
36707651|expert_2|461|480|abstract|psychiatric disorder|DDF
36707651|expert_2|566|567|abstract|BD|DDF
36707651|expert_2|781|789|abstract|serotonin|chemical
36707651|expert_2|937|979|abstract|intestinal, systemic and brain inflammation|DDF
36707651|expert_2|982|998|abstract|neuroinflammation|DDF
36707651|expert_2|1161|1174|abstract|gut microbiota|microbiome
36707651|expert_2|1202|1203|abstract|BD|DDF
36707651|expert_2|1238|1251|abstract|gut microbiota|microbiome
36707651|expert_2|1419|1426|abstract|patients|human
36707651|expert_2|1452|1468|abstract|psychiatric drugs|drug
36707651|expert_2|1473|1486|abstract|gut microbiota|microbiome
36707651|expert_2|1506|1516|abstract|BD patients|human
36707651|expert_2|1606|1615|abstract|probiotics|dietary supplement
36707651|expert_2|1618|1627|abstract|prebiotics|dietary supplement
34589852|expert_6|43|61|title|psychotic disorders|DDF
34589852|expert_6|22|53|abstract|schizophrenia-spectrum disorders|DDF
34589852|expert_6|77|99|abstract|psychotropic medication|drug
34589852|expert_6|157|164|abstract|patients|human
34589852|expert_6|170|192|abstract|psychotropic medication|drug
34589852|expert_6|286|299|abstract|mental illness|DDF
34589852|expert_6|408|439|abstract|schizophrenia-spectrum disorders|DDF
34589852|expert_6|522|541|abstract|nutritional deficits|DDF
34589852|expert_6|586|622|abstract|inflammation and immune dysregulation|DDF
34589852|expert_6|685|706|abstract|altered gut microbiota|microbiome
34589852|expert_6|1118|1149|abstract|schizophrenia-spectrum disorders|DDF
33693453|expert_5|26|39|abstract|gut microbiota|microbiome
33693453|expert_5|266|270|abstract|brain|anatomical location
33693453|expert_5|432|452|abstract|microbial metabolites|chemical
33693453|expert_5|1252|1271|abstract|clinical populations|human
33693453|expert_5|1347|1362|abstract|clinical cohorts|statistical technique
37764088|expert_2|0|33|title|Altered Gut Microbiota Composition|DDF
37764088|expert_2|54|94|title|Difficulty in Explicit Emotion Regulation|DDF
37764088|expert_2|99|112|title|Young Children|human
37764088|expert_2|280|293|abstract|Gut microbiota|microbiome
37764088|expert_2|296|297|abstract|GM|microbiome
37764088|expert_2|361|388|abstract|physical and mental problems|DDF
37764088|expert_2|417|418|abstract|GM|microbiome
37764088|expert_2|683|699|abstract|children aged 3-4|human
37764088|expert_2|730|731|abstract|GM|microbiome
37764088|expert_2|936|959|abstract|16S rRNA gene sequencing|biomedical technique
37764088|expert_2|982|1008|abstract|EF-risk and non-risk groups|human
37764088|expert_2|1033|1054|abstract|children with EER-risk|human
37764088|expert_2|1134|1144|abstract|Actinomyces|bacteria
37764088|expert_2|1157|1166|abstract|Sutterella|bacteria
37764088|expert_2|1228|1229|abstract|GM|microbiome
37764088|expert_2|1271|1272|abstract|GM|microbiome
37764088|expert_2|1277|1288|abstract|preschoolers|human
37764088|expert_2|1347|1362|abstract|EERrisk children|human
37764088|expert_2|1374|1402|abstract|inflammation-related bacteria|bacteria
31255682|expert_1|0|21|title|Altered gut microbiota|microbiome
31255682|expert_1|27|42|title|mucosal immunity|DDF
31255682|expert_1|47|54|title|patients|human
31255682|expert_1|61|73|title|schizophrenia|DDF
31255682|expert_1|20|33|abstract|gut microbiota|microbiome
31255682|expert_1|169|176|abstract|patients|human
31255682|expert_1|183|195|abstract|schizophrenia|DDF
31255682|expert_1|204|240|abstract|sex- and age-matched healthy controls|human
31255682|expert_1|257|286|abstract|Shotgun metagenomic sequencing|biomedical technique
31255682|expert_1|292|310|abstract|16S rRNA sequencing|biomedical technique
31255682|expert_1|516|523|abstract|Patients|human
31255682|expert_1|530|542|abstract|schizophrenia|DDF
31255682|expert_1|623|638|abstract|healthy controls|human
31255682|expert_1|703|710|abstract|patients|human
31255682|expert_1|717|729|abstract|schizophrenia|DDF
31255682|expert_1|740|755|abstract|healthy controls|human
31255682|expert_1|767|812|abstract|two-stage metagenomic-wide association studies|biomedical technique
31255682|expert_1|871|883|abstract|schizophrenia|DDF
31255682|expert_1|1135|1152|abstract|Glutamate synthase|gene
31255682|expert_1|1155|1159|abstract|GOGAT|gene
31255682|expert_1|1185|1188|abstract|guts|anatomical location
31255682|expert_1|1193|1200|abstract|patients|human
31255682|expert_1|1207|1219|abstract|schizophrenia|DDF
31255682|expert_1|1238|1253|abstract|healthy controls|human
31255682|expert_1|1260|1278|abstract|high GOGAT activity|DDF
31255682|expert_1|1432|1444|abstract|schizophrenia|DDF
31255682|expert_1|1521|1533|abstract|schizophrenia|DDF
37576972|expert_7|33|53|title|intestinal microbiota|microbiome
37576972|expert_7|58|79|title|schizophrenia patients|human
37576972|expert_7|86|103|title|metabolic syndrome|DDF
37576972|expert_7|30|50|abstract|intestinal microbiota|microbiome
37576972|expert_7|100|118|abstract|metabolic disorders|DDF
37576972|expert_7|184|205|abstract|schizophrenia patients|human
37576972|expert_7|212|229|abstract|metabolic syndrome|DDF
37576972|expert_7|232|235|abstract|MetS|DDF
37576972|expert_7|342|380|abstract|mainland Chinese schizophrenia patients|human
37576972|expert_7|387|390|abstract|MetS|DDF
37576972|expert_7|400|420|abstract|intestinal microbiome|microbiome
37576972|expert_7|423|438|abstract|Fecal microbiota|microbiome
37576972|expert_7|461|487|abstract|male schizophrenia patients|human
37576972|expert_7|498|501|abstract|MetS|DDF
37576972|expert_7|518|521|abstract|MetS|DDF
37576972|expert_7|541|573|abstract|16S ribosomal RNA gene sequencing|biomedical technique
37576972|expert_7|606|619|abstract|gut microbiome|microbiome
37576972|expert_7|685|705|abstract|intestinal microbiota|microbiome
37576972|expert_7|725|728|abstract|MetS|DDF
37576972|expert_7|748|837|abstract|Phylogenetic Investigation of Communities by Reconstruction of Unobserved States (PICRUSt)|biomedical technique
37576972|expert_7|902|922|abstract|intestinal microbiota|microbiome
37576972|expert_7|943|964|abstract|Decision Tree Analysis|statistical technique
37576972|expert_7|1004|1007|abstract|MetS|DDF
37576972|expert_7|1012|1019|abstract|patients|human
37576972|expert_7|1026|1038|abstract|schizophrenia|DDF
37576972|expert_7|1068|1088|abstract|intestinal microbiota|microbiome
37576972|expert_7|1175|1178|abstract|MetS|DDF
37576972|expert_7|1194|1206|abstract|Shannon index|statistical technique
37576972|expert_7|1212|1224|abstract|Simpson index|statistical technique
37576972|expert_7|1543|1547|abstract|HDL-c|chemical
37576972|expert_7|1573|1575|abstract|GLU|chemical
37576972|expert_7|1643|1663|abstract|KEGG pathway analysis|biomedical technique
37576972|expert_7|1838|1859|abstract|decision tree analysis|statistical technique
37576972|expert_7|1899|1906|abstract|patients|human
37576972|expert_7|1925|1928|abstract|MetS|DDF
37576972|expert_7|2018|2038|abstract|intestinal microbiota|microbiome
37576972|expert_7|2043|2064|abstract|schizophrenia patients|human
37576972|expert_7|2071|2074|abstract|MetS|DDF
38432867|expert_4|0|13|title|Gut microbiota|microbiome
38432867|expert_4|19|51|title|thyroid-associated ophthalmopathy|DDF
38432867|expert_4|0|32|abstract|Thyroid-associated ophthalmopathy|DDF
38432867|expert_4|35|37|abstract|TAO|DDF
38432867|expert_4|45|94|abstract|multifactorial-mediated autoimmune orbital disease|DDF
38432867|expert_4|126|140|abstract|orbital disease|DDF
38432867|expert_4|145|150|abstract|adults|human
38432867|expert_4|217|219|abstract|TAO|DDF
38432867|expert_4|272|279|abstract|patients|human
38432867|expert_4|301|303|abstract|TAO|DDF
38432867|expert_4|424|426|abstract|TAO|DDF
38432867|expert_4|515|537|abstract|gut microbiota disorder|DDF
38432867|expert_4|542|544|abstract|TAO|DDF
38432867|expert_4|571|573|abstract|TAO|DDF
38432867|expert_4|587|609|abstract|gut microbiota disorder|DDF
38432867|expert_4|612|636|abstract|Disordered gut microbiota|microbiome
38432867|expert_4|691|693|abstract|TAO|DDF
38432867|expert_4|745|756|abstract|autoantigens|chemical
38432867|expert_4|822|835|abstract|gut microbiota|microbiome
38432867|expert_4|869|871|abstract|TAO|DDF
35565918|expert_4|42|63|title|Neurological Disorders|DDF
35565918|expert_4|143|163|abstract|neurological diseases|DDF
35565918|expert_4|166|168|abstract|NDs|DDF
35565918|expert_4|539|546|abstract|patients|human
35565918|expert_4|618|625|abstract|patients|human
35565918|expert_4|632|652|abstract|neurological problems|DDF
35565918|expert_4|736|782|abstract|pro-excitatory and inhibitory neurotransmitters|chemical
35565918|expert_4|800|811|abstract|inflammation|DDF
35565918|expert_4|848|861|abstract|gut microbiome|microbiome
35565918|expert_4|936|943|abstract|epilepsy|DDF
35565918|expert_4|946|955|abstract|depression|DDF
35565918|expert_4|958|965|abstract|migraine|DDF
35565918|expert_4|968|986|abstract|Alzheimer's disease|DDF
35565918|expert_4|992|1010|abstract|Parkinson's disease|DDF
35565918|expert_4|1096|1116|abstract|neurological diseases|DDF
33076930|expert_2|0|24|title|Gut bacterial deamination|biomedical technique
33076930|expert_2|29|56|title|residual levodopa medication|drug
33076930|expert_2|62|80|title|Parkinson's disease|DDF
33076930|expert_2|0|18|abstract|Parkinson's disease|DDF
33076930|expert_2|21|22|abstract|PD|DDF
33076930|expert_2|30|67|abstract|progressive neurodegenerative disorder|DDF
33076930|expert_2|121|154|abstract|Gastrointestinal tract dysfunction|DDF
33076930|expert_2|196|207|abstract|constipation|DDF
33076930|expert_2|266|295|abstract|Aromatic bacterial metabolites|chemical
33076930|expert_2|412|433|abstract|Clostridium sporogenes|bacteria
33076930|expert_2|512|520|abstract|human gut|anatomical location
33076930|expert_2|542|554|abstract|C. sporogenes|bacteria
33076930|expert_2|567|574|abstract|levodopa|drug
33076930|expert_2|599|617|abstract|Parkinson's disease|DDF
33076930|expert_2|637|661|abstract|aromatic aminotransferase|chemical
33076930|expert_2|753|760|abstract|levodopa|drug
33076930|expert_2|763|799|abstract|3-(3,4-dihydroxyphenyl)propionic acid|chemical
33076930|expert_2|882|918|abstract|3-(3,4-dihydroxyphenyl)propionic acid|chemical
33076930|expert_2|940|967|abstract|Parkinson's disease patients|human
33076930|expert_2|972|990|abstract|levodopa medication|drug
33076930|expert_2|1051|1064|abstract|gut microbiota|microbiome
33076930|expert_2|1090|1097|abstract|Levodopa|drug
33076930|expert_2|1120|1146|abstract|gut bacterium C. sporogenes|bacteria
33076930|expert_2|1287|1300|abstract|gut microbiome|microbiome
30258234|expert_5|13|29|title|neurodegeneration|DDF
30258234|expert_5|598|614|abstract|neuroinflammation|DDF
30258234|expert_5|678|694|abstract|Injury to neurons|DDF
30258234|expert_5|699|709|abstract|Alzheimer's|DDF
30258234|expert_5|712|722|abstract|Parkinson's|DDF
30258234|expert_5|725|736|abstract|Huntington's|DDF
30258234|expert_5|773|801|abstract|amyotrophic lateral sclerosis|DDF
30258234|expert_5|804|826|abstract|frontotemporal dementia|DDF
30258234|expert_5|833|864|abstract|chronic traumatic encephalopathy|DDF
30258234|expert_5|880|931|abstract|disruption of the sentinel or housekeeping functions|DDF
30258234|expert_5|937|973|abstract|dysregulation of the defense function|DDF
30258234|expert_5|979|995|abstract|neuroinflammation|DDF
30258234|expert_5|1098|1102|abstract|Trem2|gene
30258234|expert_5|1105|1110|abstract|Cx3cr1|gene
30258234|expert_5|1182|1213|abstract|microglial inflammatory response|DDF
30258234|expert_5|1342|1362|abstract|systemic inflammation|DDF
30258234|expert_5|1371|1384|abstract|gut microbiome|microbiome
30258234|expert_5|1459|1475|abstract|neurodegeneration|DDF
33963284|expert_4|62|71|title|arketamine|drug
33963284|expert_4|85|97|title|NMDA receptor|chemical
33963284|expert_4|62|90|abstract|N-methyl-D-aspartate receptor|chemical
33963284|expert_4|93|97|abstract|NMDAR|chemical
33963284|expert_4|111|124|abstract|(R,S)-ketamine|drug
33963284|expert_4|185|198|abstract|(R,S)-ketamine|drug
33963284|expert_4|241|252|abstract|(R)-ketamine|drug
33963284|expert_4|255|264|abstract|arketamine|drug
33963284|expert_4|271|282|abstract|(S)-ketamine|drug
33963284|expert_4|285|294|abstract|esketamine|drug
33963284|expert_4|310|319|abstract|esketamine|drug
33963284|expert_4|416|445|abstract|treatment-resistant depression|DDF
33963284|expert_4|511|520|abstract|arketamine|drug
33963284|expert_4|594|603|abstract|esketamine|drug
33963284|expert_4|608|614|abstract|rodents|animal
33963284|expert_4|655|664|abstract|arketamine|drug
33963284|expert_4|674|678|abstract|NMDAR|chemical
33963284|expert_4|701|736|abstract|non-ketamine NMDAR-related compounds|chemical
33963284|expert_4|801|808|abstract|patients|human
33963284|expert_4|815|824|abstract|depression|DDF
33963284|expert_4|890|896|abstract|rodents|animal
33963284|expert_4|953|958|abstract|humans|human
33963284|expert_4|985|1011|abstract|human psychiatric disorders|DDF
33963284|expert_4|1084|1088|abstract|NMDAR|chemical
33963284|expert_4|1141|1154|abstract|(R,S)-ketamine|drug
33963284|expert_4|1256|1269|abstract|(R,S)-ketamine|drug
33963284|expert_4|1417|1430|abstract|(R,S)-ketamine|drug
33963284|expert_4|1458|1467|abstract|arketamine|drug
33963284|expert_4|1570|1605|abstract|stress-related psychiatric disorders|DDF
33963284|expert_4|1648|1657|abstract|arketamine|drug
33963284|expert_4|1697|1706|abstract|arketamine|drug
33963284|expert_4|1727|1746|abstract|cognitive impairment|DDF
33963284|expert_4|1751|1771|abstract|psychiatric disorders|DDF
33963284|expert_4|1774|1792|abstract|Parkinson's disease|DDF
33963284|expert_4|1795|1806|abstract|osteoporosis|DDF
33963284|expert_4|1809|1835|abstract|inflammatory bowel diseases|DDF
33963284|expert_4|1842|1847|abstract|stroke|DDF
32518376|expert_4|18|45|title|subdiaphragmatic vagus nerve|anatomical location
32518376|expert_4|108|121|title|gut microbiota|microbiome
32518376|expert_4|126|129|title|mice|animal
32518376|expert_4|137|154|title|lipopolysaccharide|chemical
32518376|expert_4|4|14|abstract|vagus nerve|anatomical location
32518376|expert_4|59|63|abstract|brain|anatomical location
32518376|expert_4|69|82|abstract|gut microbiota|microbiome
32518376|expert_4|112|121|abstract|depression|DDF
32518376|expert_4|128|155|abstract|subdiaphragmatic vagus nerve|anatomical location
32518376|expert_4|206|210|abstract|brain|anatomical location
32518376|expert_4|216|229|abstract|gut microbiota|microbiome
32518376|expert_4|366|379|abstract|gut microbiota|microbiome
32518376|expert_4|384|387|abstract|mice|animal
32518376|expert_4|395|412|abstract|lipopolysaccharide|chemical
32518376|expert_4|415|417|abstract|LPS|chemical
32518376|expert_4|436|438|abstract|LPS|chemical
32518376|expert_4|476|487|abstract|inflammation|DDF
32518376|expert_4|539|555|abstract|synaptic proteins|chemical
32518376|expert_4|564|587|abstract|medial prefrontal cortex|anatomical location
32518376|expert_4|590|593|abstract|mPFC|anatomical location
32518376|expert_4|603|620|abstract|sham-operated mice|animal
32518376|expert_4|636|638|abstract|LPS|chemical
32518376|expert_4|702|718|abstract|synaptic proteins|chemical
32518376|expert_4|727|730|abstract|mPFC|anatomical location
32518376|expert_4|782|807|abstract|pro-inflammatory cytokines|chemical
32518376|expert_4|956|981|abstract|pro-inflammatory cytokines|chemical
32518376|expert_4|1088|1090|abstract|LPS|chemical
32518376|expert_4|1154|1171|abstract|sham-operated mice|animal
32518376|expert_4|1182|1198|abstract|SDV-operated mice|animal
32518376|expert_4|1207|1229|abstract|unweighted UniFrac PCoA|biomedical technique
32518376|expert_4|1373|1375|abstract|LPS|chemical
32518376|expert_4|1449|1460|abstract|inflammation|DDF
32518376|expert_4|1477|1493|abstract|synaptic proteins|chemical
32518376|expert_4|1502|1505|abstract|mPFC|anatomical location
32518376|expert_4|1545|1558|abstract|gut microbiota|microbiome
32518376|expert_4|1568|1595|abstract|subdiaphragmatic vagus nerve|anatomical location
32518376|expert_4|1620|1630|abstract|vagus nerve|anatomical location
32819434|expert_3|4|17|title|gut microbiota|microbiome
32819434|expert_3|29|48|title|autism-like behavior|DDF
32819434|expert_3|63|83|title|vitamin B<sub>6</sub>|chemical
32819434|expert_3|100|119|title|EphB6-deficient mice|animal
32819434|expert_3|0|23|abstract|Autism spectrum disorder|DDF
32819434|expert_3|26|28|abstract|ASD|DDF
32819434|expert_3|36|57|abstract|developmental disorder|DDF
32819434|expert_3|113|134|abstract|core autistic symptoms|DDF
32819434|expert_3|223|234|abstract|ASD patients|human
32819434|expert_3|276|289|abstract|gut microbiota|microbiome
32819434|expert_3|314|316|abstract|ASD|DDF
32819434|expert_3|355|368|abstract|gut microbiota|microbiome
32819434|expert_3|375|392|abstract|brain dysfunctions|DDF
32819434|expert_3|414|416|abstract|ASD|DDF
32819434|expert_3|514|521|abstract|patients|human
32819434|expert_3|528|530|abstract|ASD|DDF
32819434|expert_3|533|537|abstract|EPHB6|gene
32819434|expert_3|638|640|abstract|ASD|DDF
32819434|expert_3|682|686|abstract|EPHB6|gene
32819434|expert_3|706|719|abstract|gut microbiota|microbiome
32819434|expert_3|744|746|abstract|ASD|DDF
32819434|expert_3|797|801|abstract|EphB6|gene
32819434|expert_3|811|830|abstract|autism-like behavior|DDF
32819434|expert_3|850|863|abstract|gut microbiota|microbiome
32819434|expert_3|868|871|abstract|mice|animal
32819434|expert_3|915|930|abstract|fecal microbiota|microbiome
32819434|expert_3|937|956|abstract|EphB6-deficient mice|animal
32819434|expert_3|970|989|abstract|autism-like behavior|DDF
32819434|expert_3|1013|1025|abstract|C57BL/6J mice|animal
32819434|expert_3|1055|1070|abstract|fecal microbiota|microbiome
32819434|expert_3|1077|1090|abstract|wild-type mice|animal
32819434|expert_3|1108|1127|abstract|autism-like behavior|DDF
32819434|expert_3|1132|1151|abstract|EphB6-deficient mice|animal
32819434|expert_3|1192|1205|abstract|gut microbiota|microbiome
32819434|expert_3|1210|1229|abstract|EphB6-deficient mice|animal
32819434|expert_3|1238|1258|abstract|vitamin B<sub>6</sub>|chemical
32819434|expert_3|1264|1271|abstract|dopamine|chemical
32819434|expert_3|1352|1375|abstract|medial prefrontal cortex|anatomical location
32819434|expert_3|1394|1438|abstract|gut microbiota-mediated vitamin B<sub>6</sub>|chemical
32819434|expert_3|1443|1462|abstract|EphB6-deficient mice|animal
32819434|expert_3|1503|1516|abstract|gut microbiota|microbiome
32819434|expert_3|1539|1565|abstract|autism-like social behavior|DDF
32819434|expert_3|1570|1590|abstract|vitamin B<sub>6</sub>|chemical
32819434|expert_3|1593|1600|abstract|dopamine|chemical
32819434|expert_3|1626|1645|abstract|EphB6-deficient mice|animal
32819434|expert_3|1721|1723|abstract|ASD|DDF
34576000|expert_7|48|61|title|Gut Microbiome|microbiome
34576000|expert_7|98|116|title|Parkinson's Disease|DDF
34576000|expert_7|0|18|abstract|Parkinson's disease|DDF
34576000|expert_7|21|22|abstract|PD|DDF
34576000|expert_7|61|86|abstract|neurodegenerative disorder|DDF
34576000|expert_7|116|134|abstract|elderly individuals|human
34576000|expert_7|176|177|abstract|PD|DDF
34576000|expert_7|383|402|abstract|neurologic disorders|DDF
34576000|expert_7|472|479|abstract|PD onset|DDF
34576000|expert_7|733|734|abstract|PD|DDF
34576000|expert_7|879|880|abstract|PD|DDF
34576000|expert_7|1079|1097|abstract|host gut microbiome|microbiome
34576000|expert_7|1156|1157|abstract|PD|DDF
34576000|expert_7|1274|1292|abstract|host gut microbiome|microbiome
34576000|expert_7|1361|1371|abstract|PD patients|human
38247868|expert_5|0|24|title|Psychiatric Comorbidities|DDF
38247868|expert_5|29|54|title|Inflammatory Bowel Disease|DDF
38247868|expert_5|0|25|abstract|Inflammatory bowel disease|DDF
38247868|expert_5|28|30|abstract|IBD|DDF
38247868|expert_5|52|66|abstract|Crohn's disease|DDF
38247868|expert_5|72|89|abstract|ulcerative colitis|DDF
38247868|expert_5|97|132|abstract|chronic, relapse-remitting condition|DDF
38247868|expert_5|141|162|abstract|gastrointestinal tract|anatomical location
38247868|expert_5|194|218|abstract|Psychiatric comorbidities|DDF
38247868|expert_5|231|240|abstract|depression|DDF
38247868|expert_5|246|252|abstract|anxiety|DDF
38247868|expert_5|277|288|abstract|IBD patients|human
38247868|expert_5|298|316|abstract|healthy individuals|human
38247868|expert_5|360|376|abstract|neuroinflammation|DDF
38247868|expert_5|409|420|abstract|IBD patients|human
38247868|expert_5|494|498|abstract|brain|anatomical location
38247868|expert_5|550|569|abstract|inflammatory insults|DDF
38247868|expert_5|722|754|abstract|psychiatric manifestations of IBD|DDF
38247868|expert_5|816|843|abstract|IBD-associated comorbidities|DDF
34357554|expert_2|52|78|title|neurodegenerative disorders|DDF
34357554|expert_2|4|20|abstract|neurodegeneration|DDF
34357554|expert_2|38|52|abstract|CNS pathologies|DDF
34357554|expert_2|350|376|abstract|neurodegenerative disorders|DDF
34357554|expert_2|383|385|abstract|gut|anatomical location
34357554|expert_2|666|679|abstract|gut microbiota|microbiome
34357554|expert_2|775|808|abstract|intestinal gut microbial community|microbiome
34357554|expert_2|1053|1066|abstract|gut microbiota|microbiome
34357554|expert_2|1112|1138|abstract|neurodegenerative disorders|DDF
34357554|expert_2|1260|1276|abstract|neurodegeneration|DDF
34357554|expert_2|1296|1309|abstract|gut microbiota|microbiome
34357554|expert_2|1365|1391|abstract|neurodegenerative disorders|DDF
31154909|expert_2|21|48|title|milk derived opioid peptides|chemical
31154909|expert_2|78|86|title|fractures|DDF
31154909|expert_2|92|98|title|obesity|DDF
31154909|expert_2|40|50|abstract|bovine milk|food
31154909|expert_2|103|120|abstract|bioactive peptides|chemical
31154909|expert_2|242|264|abstract|cardiovascular diseases|DDF
31154909|expert_2|270|284|abstract|type 1 diabetes|DDF
31154909|expert_2|310|323|abstract|opioid peptide|chemical
31154909|expert_2|326|343|abstract|beta-casomorphin-7|chemical
31154909|expert_2|346|350|abstract|BCM-7|chemical
31154909|expert_2|367|380|abstract|A1 beta-casein|chemical
31154909|expert_2|383|387|abstract|BCM-7|chemical
31154909|expert_2|427|444|abstract|μ-opioid receptors|chemical
31154909|expert_2|501|518|abstract|μ-opioid receptors|chemical
31154909|expert_2|527|529|abstract|gut|anatomical location
31154909|expert_2|683|698|abstract|gut inflammation|DDF
31154909|expert_2|734|738|abstract|BCM-7|chemical
31154909|expert_2|754|762|abstract|fractures|DDF
31154909|expert_2|768|774|abstract|obesity|DDF
31154909|expert_2|839|843|abstract|BCM-7|chemical
28442250|expert_5|26|48|title|first episode psychosis|DDF
28442250|expert_5|15|28|abstract|gut microbiota|microbiome
28442250|expert_5|88|103|abstract|mental disorders|DDF
28442250|expert_5|178|193|abstract|fecal microbiota|microbiome
28442250|expert_5|206|213|abstract|patients|human
28442250|expert_5|220|242|abstract|first-episode psychosis|DDF
28442250|expert_5|245|247|abstract|FEP|DDF
28442250|expert_5|257|280|abstract|healthy matched controls|human
28442250|expert_5|396|423|abstract|Lactobacillus group bacteria|bacteria
28442250|expert_5|442|453|abstract|FEP-patients|human
28442250|expert_5|545|556|abstract|FEP patients|human
28442250|expert_5|711|732|abstract|microbiota alterations|DDF
28442250|expert_5|737|753|abstract|psychotic illness|DDF
33895287|expert_1|21|34|title|gut microbiome|microbiome
33895287|expert_1|42|74|title|chemotherapy-induced inflammation|DDF
33895287|expert_1|80|102|title|behavioral side effects|DDF
33895287|expert_1|107|117|title|female mice|animal
33895287|expert_1|42|70|abstract|acute behavioral side effects|DDF
33895287|expert_1|73|79|abstract|fatigue|DDF
33895287|expert_1|82|89|abstract|anorexia|DDF
33895287|expert_1|250|257|abstract|diarrhea|DDF
33895287|expert_1|260|271|abstract|constipation|DDF
33895287|expert_1|274|292|abstract|microbial dysbiosis|DDF
33895287|expert_1|316|323|abstract|patients|human
33895287|expert_1|352|375|abstract|non-oncological patients|human
33895287|expert_1|403|409|abstract|fatigue|DDF
33895287|expert_1|412|418|abstract|anxiety|DDF
33895287|expert_1|421|430|abstract|depression|DDF
33895287|expert_1|467|480|abstract|gut microbiome|microbiome
33895287|expert_1|519|521|abstract|gut|anatomical location
33895287|expert_1|607|614|abstract|patients|human
33895287|expert_1|735|769|abstract|peripheral and central inflammation|DDF
33895287|expert_1|799|802|abstract|mice|animal
33895287|expert_1|975|992|abstract|sickness behaviors|DDF
33895287|expert_1|995|1039|abstract|peripheral and central inflammatory mediators|DDF
33895287|expert_1|1046|1052|abstract|anxiety|DDF
33895287|expert_1|1057|1093|abstract|conventional or germ-free female mice|animal
33895287|expert_1|1117|1120|abstract|mice|animal
33895287|expert_1|1175|1200|abstract|broad-spectrum antibiotics|drug
33895287|expert_1|1218|1237|abstract|intra-gastric gavage|biomedical technique
33895287|expert_1|1259|1283|abstract|chemotherapy-treated mice|animal
33895287|expert_1|1320|1330|abstract|coprophagia|DDF
33895287|expert_1|1394|1405|abstract|inflammation|DDF
33895287|expert_1|1486|1496|abstract|antibiotics|drug
33895287|expert_1|1598|1607|abstract|Tyzzerella|bacteria
33895287|expert_1|1610|1619|abstract|Romboutsia|bacteria
33895287|expert_1|1626|1637|abstract|Turicibacter|bacteria
33895287|expert_1|1681|1685|abstract|IL-1β|chemical
33895287|expert_1|1713|1720|abstract|lethargy|DDF
33895287|expert_1|1723|1743|abstract|anxiety-like behavior|DDF
33895287|expert_1|1749|1762|abstract|gut microbiota|microbiome
33895287|expert_1|1780|1804|abstract|chemotherapy-treated mice|animal
33895287|expert_1|1838|1855|abstract|open field testing|biomedical technique
33895287|expert_1|1868|1884|abstract|circulating CXCL1|chemical
33895287|expert_1|1901|1924|abstract|hippocampal Il6 and Tnfa|chemical
33895287|expert_1|1929|1942|abstract|germ-free mice|animal
33895287|expert_1|1956|1969|abstract|germ-free mice|animal
33895287|expert_1|2003|2022|abstract|vehicle-treated mice|animal
33895287|expert_1|2086|2099|abstract|gut microbiota|microbiome
33895287|expert_1|2142|2177|abstract|chemotherapy-associated side effects|DDF
33895287|expert_1|2246|2252|abstract|anxiety|DDF
33895287|expert_1|2257|2264|abstract|patients|human
30701194|expert_7|97|104|title|Children|human
30701194|expert_7|111|134|title|Autism Spectrum Disorder|DDF
30701194|expert_7|70|94|abstract|autism spectrum disorders|DDF
30701194|expert_7|97|99|abstract|ASD|DDF
30701194|expert_7|148|161|abstract|gut microbiota|microbiome
30701194|expert_7|182|189|abstract|children|human
30701194|expert_7|196|198|abstract|ASD|DDF
30701194|expert_7|212|219|abstract|children|human
30701194|expert_7|226|228|abstract|ASD|DDF
30701194|expert_7|237|256|abstract|age-matched children|human
30701194|expert_7|269|287|abstract|typical development|DDF
30701194|expert_7|290|291|abstract|TD|DDF
30701194|expert_7|356|385|abstract|shotgun metagenomic sequencing|biomedical technique
30701194|expert_7|391|429|abstract|liquid chromatography-mass spectrometry|biomedical technique
30701194|expert_7|432|436|abstract|LC-MS|biomedical technique
30701194|expert_7|503|510|abstract|children|human
30701194|expert_7|519|527|abstract|ASD group|human
30701194|expert_7|536|543|abstract|children|human
30701194|expert_7|552|559|abstract|TD group|human
30701194|expert_7|573|594|abstract|bioinformatic analyses|biomedical technique
30701194|expert_7|623|637|abstract|gut metabolites|chemical
30701194|expert_7|759|763|abstract|LC-MS|biomedical technique
30701194|expert_7|794|801|abstract|children|human
30701194|expert_7|810|826|abstract|ASD and TD groups|human
30701194|expert_7|851|871|abstract|glutamate metabolites|chemical
30701194|expert_7|891|899|abstract|ASD group|human
30701194|expert_7|926|947|abstract|2-keto-glutaramic acid|chemical
30701194|expert_7|1122|1141|abstract|Bacteroides vulgatus|bacteria
30701194|expert_7|1188|1204|abstract|Eggerthella lenta|bacteria
30701194|expert_7|1210|1230|abstract|Clostridium botulinum|bacteria
30701194|expert_7|1292|1300|abstract|ASD group|human
30701194|expert_7|1379|1404|abstract|gut 2-keto-glutaramic acid|chemical
30701194|expert_7|1449|1451|abstract|ASD|DDF
30701194|expert_7|1509|1516|abstract|children|human
30701194|expert_7|1523|1525|abstract|ASD|DDF
30701194|expert_7|1569|1571|abstract|ASD|DDF
30701194|expert_7|1700|1713|abstract|gut microbiota|microbiome
30701194|expert_7|1765|1767|abstract|ASD|DDF
30701194|expert_7|1839|1874|abstract|gut metagenomic and metabolome study|biomedical technique
30701194|expert_7|1879|1886|abstract|children|human
30701194|expert_7|1893|1895|abstract|ASD|DDF
30701194|expert_7|1954|1961|abstract|children|human
30701194|expert_7|1968|1970|abstract|ASD|DDF
30701194|expert_7|2104|2117|abstract|gut microbiota|microbiome
30701194|expert_7|2142|2144|abstract|ASD|DDF
36989335|expert_7|22|43|title|supplemental nutrients|dietary supplement
36989335|expert_7|49|52|title|ADHD|DDF
36989335|expert_7|110|138|abstract|broad-spectrum multinutrients|dietary supplement
36989335|expert_7|144|147|abstract|ADHD|DDF
36989335|expert_7|154|176|abstract|emotional dysregulation|DDF
36989335|expert_7|216|229|abstract|multinutrients|dietary supplement
36989335|expert_7|249|255|abstract|placebo|drug
36989335|expert_7|543|550|abstract|children|human
36989335|expert_7|556|569|abstract|multinutrients|dietary supplement
36989335|expert_7|575|581|abstract|placebo|drug
36989335|expert_7|919|937|abstract|logistic regression|statistical technique
36989335|expert_7|1043|1059|abstract|linear regression|statistical technique
36989335|expert_7|1457|1470|abstract|multinutrients|dietary supplement
36989335|expert_7|1493|1506|abstract|Multinutrients|dietary supplement
36989335|expert_7|1520|1527|abstract|children|human
36989335|expert_7|1534|1537|abstract|ADHD|DDF
36989335|expert_7|1543|1554|abstract|irritability|DDF
36989335|expert_7|1666|1679|abstract|multinutrients|dietary supplement
34988495|expert_6|24|37|title|gut microbiota|microbiome
34988495|expert_6|45|52|title|Veterans|human
34988495|expert_6|116|140|title|chronic health conditions|DDF
34988495|expert_6|4|17|abstract|gut microbiome|microbiome
34988495|expert_6|139|155|abstract|anxiety disorders|DDF
34988495|expert_6|158|176|abstract|affective disorders|DDF
34988495|expert_6|183|220|abstract|trauma- and stressor-related disorders|DDF
34988495|expert_6|230|258|abstract|posttraumatic stress disorder|DDF
34988495|expert_6|261|264|abstract|PTSD|DDF
34988495|expert_6|268|303|abstract|United States (US) military Veterans|human
34988495|expert_6|437|450|abstract|gut microbiome|microbiome
34988495|expert_6|579|586|abstract|Veterans|human
34988495|expert_6|701|714|abstract|gut microbiota|microbiome
34988495|expert_6|742|752|abstract|US Veterans|human
34988495|expert_6|826|829|abstract|male|human
34988495|expert_6|923|926|abstract|PTSD|DDF
34988495|expert_6|951|974|abstract|traumatic brain injuries|DDF
34988495|expert_6|1009|1032|abstract|prescription medications|drug
34988495|expert_6|1169|1183|abstract|gastroenteritis|DDF
34988495|expert_6|1186|1212|abstract|peripheral vascular disease|DDF
34988495|expert_6|1215|1217|abstract|PVD|DDF
34988495|expert_6|1221|1237|abstract|bipolar disorders|DDF
34988495|expert_6|1252|1268|abstract|severe depression|DDF
34988495|expert_6|1310|1343|abstract|stimulant and opioid use disorders|DDF
34988495|expert_6|1346|1358|abstract|beta-blockers|drug
34988495|expert_6|1361|1423|abstract|serotonin and norepinephrine reuptake inhibitor antidepressants|drug
34988495|expert_6|1426|1445|abstract|diabetes medications|drug
34988495|expert_6|1452|1473|abstract|proton pump inhibitors|drug
34988495|expert_6|1602|1604|abstract|PVD|DDF
34988495|expert_6|1610|1631|abstract|cardiovascular disease|DDF
34988495|expert_6|1688|1690|abstract|gut|anatomical location
34988495|expert_6|1719|1742|abstract|supplemental vitamin use|dietary supplement
34988495|expert_6|1859|1866|abstract|Veterans|human
34988495|expert_6|2102|2115|abstract|gut microbiome|microbiome
32890382|expert_6|28|43|title|Intestinal Flora|microbiome
32890382|expert_6|101|121|title|Psychiatric Disorders|DDF
32890382|expert_6|18|39|abstract|psychiatric conditions|DDF
32890382|expert_6|67|73|abstract|parents|human
32890382|expert_6|146|165|abstract|epigenetic processes|DDF
32890382|expert_6|168|188|abstract|inflammatory response|DDF
32890382|expert_6|194|207|abstract|gut microbiota|microbiome
32890382|expert_6|315|334|abstract|epigenetic processes|DDF
32890382|expert_6|340|360|abstract|psychiatric disorders|DDF
32890382|expert_6|420|445|abstract|traumatic or stress events|DDF
32890382|expert_6|478|491|abstract|gut microbiota|microbiome
32890382|expert_6|585|605|abstract|psychiatric disorders|DDF
32890382|expert_6|727|747|abstract|psychiatric disorders|DDF
32890382|expert_6|1106|1126|abstract|psychiatric disorders|DDF
32890382|expert_6|1216|1235|abstract|psychological stress|DDF
32890382|expert_6|1391|1476|abstract|neurophysiological, inflammatory or hypothalamic-pituitary-adrenal axis dysregulations|DDF
34147969|expert_2|13|36|title|Faecalibaculum rodentium|bacteria
34147969|expert_2|75|104|title|resilient Ephx2 knock-out mice|animal
34147969|expert_2|151|178|title|subdiaphragmatic vagus nerve|anatomical location
34147969|expert_2|97|101|abstract|brain|anatomical location
34147969|expert_2|111|113|abstract|gut|anatomical location
34147969|expert_2|116|140|abstract|Soluble epoxide hydrolase|chemical
34147969|expert_2|156|165|abstract|Ephx2 gene|gene
34147969|expert_2|195|206|abstract|inflammation|DDF
34147969|expert_2|238|262|abstract|stress-related depression|DDF
34147969|expert_2|265|289|abstract|Ephx2 knock-out (KO) mice|animal
34147969|expert_2|302|329|abstract|chronic social defeat stress|DDF
34147969|expert_2|332|335|abstract|CSDS|DDF
34147969|expert_2|492|504|abstract|Ephx2 KO mice|animal
34147969|expert_2|562|595|abstract|CSDS-susceptible (or control) mice|animal
34147969|expert_2|600|618|abstract|wild-type (WT) mice|animal
34147969|expert_2|624|636|abstract|Ephx2 KO mice|animal
34147969|expert_2|654|672|abstract|antibiotic cocktail|drug
34147969|expert_2|675|677|abstract|ABX|drug
34147969|expert_2|699|727|abstract|Behavioral, biochemical tests|biomedical technique
34147969|expert_2|733|757|abstract|16S ribosome RNA analysis|biomedical technique
34147969|expert_2|784|804|abstract|CSDS-susceptible mice|animal
34147969|expert_2|815|837|abstract|anhedonia-like behavior|DDF
34147969|expert_2|842|873|abstract|ABX-treated WT and Ephx2 KO mice|animal
34147969|expert_2|880|904|abstract|16S ribosome RNA analysis|biomedical technique
34147969|expert_2|918|941|abstract|Faecalibaculum rodentium|bacteria
34147969|expert_2|944|955|abstract|F. rodentium|bacteria
34147969|expert_2|994|1016|abstract|anhedonia-like behavior|DDF
34147969|expert_2|1037|1057|abstract|CSDS-susceptible mice|animal
34147969|expert_2|1073|1084|abstract|F. rodentium|bacteria
34147969|expert_2|1107|1146|abstract|depression- and anhedonia-like behaviors|DDF
34147969|expert_2|1172|1184|abstract|interleukin-6|chemical
34147969|expert_2|1213|1229|abstract|synaptic proteins|chemical
34147969|expert_2|1238|1254|abstract|prefrontal cortex|anatomical location
34147969|expert_2|1259|1283|abstract|ABX-treated Ephx2 KO mice|animal
34147969|expert_2|1402|1413|abstract|F. rodentium|bacteria
34147969|expert_2|1477|1488|abstract|F. rodentium|bacteria
34147969|expert_2|1538|1550|abstract|Ephx2 KO mice|animal
34147969|expert_2|1557|1563|abstract|KO mice|animal
34147969|expert_2|1570|1595|abstract|depression-like phenotypes|DDF
34147969|expert_2|1636|1663|abstract|subdiaphragmatic vagus nerve|anatomical location
34147969|expert_2|1722|1727|abstract|stress|DDF
34014031|expert_4|81|114|title|bipolar susceptibility gene TRANK1|gene
34014031|expert_4|0|15|abstract|Bipolar disorder|DDF
34014031|expert_4|18|19|abstract|BD|DDF
34014031|expert_4|34|52|abstract|psychiatric illness|DDF
34014031|expert_4|133|134|abstract|BD|DDF
34014031|expert_4|363|364|abstract|BD|DDF
34014031|expert_4|380|399|abstract|Intestine microbiota|microbiome
34014031|expert_4|528|541|abstract|BD individuals|human
34014031|expert_4|592|611|abstract|commensal microbiota|microbiome
34014031|expert_4|663|675|abstract|interleukin-6|chemical
34014031|expert_4|681|704|abstract|tumour necrosis factor-α|chemical
34014031|expert_4|863|912|abstract|peripheral and central nervous system inflammation|DDF
34014031|expert_4|970|986|abstract|type 1 interferon|chemical
34014031|expert_4|1017|1022|abstract|TRANK1|gene
34014031|expert_4|1121|1131|abstract|BD patients|human
34014031|expert_4|1179|1198|abstract|intestine microbiota|microbiome
34014031|expert_4|1221|1239|abstract|bipolar gene TRANK1|gene
34014031|expert_4|1365|1370|abstract|TRANK1|gene
34014031|expert_4|1491|1495|abstract|brain|anatomical location
34014031|expert_4|1498|1524|abstract|Activated neuroinflammation|DDF
34014031|expert_4|1586|1587|abstract|BD|DDF
34014031|expert_4|1636|1649|abstract|gut microbiota|microbiome
34014031|expert_4|1686|1687|abstract|BD|DDF
34014031|expert_4|1784|1785|abstract|BD|DDF
34576833|expert_7|24|47|title|Mammalian Gut Microbiome|microbiome
34576833|expert_7|68|102|title|Oxytocin-Induced Behavioral Changes|DDF
34576833|expert_7|22|55|abstract|psychiatric pharmacological agents|drug
34576833|expert_7|89|114|abstract|gastrointestinal phenomena|DDF
34576833|expert_7|272|278|abstract|patient|human
34576833|expert_7|387|394|abstract|patients|human
34576833|expert_7|492|508|abstract|thought disorders|DDF
34576833|expert_7|580|599|abstract|psychiatric symptoms|DDF
34576833|expert_7|708|739|abstract|drug-sensitive bacterial species|bacteria
34576833|expert_7|820|836|abstract|psychiatric drugs|drug
34576833|expert_7|910|932|abstract|oxytocin administration|drug
34576833|expert_7|952|984|abstract|anxiety/depression-like behaviors|DDF
34576833|expert_7|1017|1045|abstract|corticosterone-induced stress|DDF
34576833|expert_7|1062|1069|abstract|oxytocin|drug
34576833|expert_7|1072|1081|abstract|citalopram|drug
34576833|expert_7|1155|1168|abstract|gut microbiota|microbiome
34576833|expert_7|1236|1252|abstract|psychiatric drugs|drug
37624502|expert_4|42|55|title|gut microbiome|microbiome
37624502|expert_4|60|72|title|schizophrenia|DDF
37624502|expert_4|218|231|abstract|gut microbiome|microbiome
37624502|expert_4|236|248|abstract|schizophrenia|DDF
37624502|expert_4|251|253|abstract|SCZ|DDF
37624502|expert_4|300|313|abstract|gut microbiota|microbiome
37624502|expert_4|318|320|abstract|SCZ|DDF
37624502|expert_4|378|391|abstract|gut microbiota|microbiome
37624502|expert_4|502|515|abstract|gut microbiome|microbiome
37624502|expert_4|520|522|abstract|SCZ|DDF
37624502|expert_4|660|672|abstract|schizophrenia|DDF
37624502|expert_4|738|761|abstract|16Sr RNA gene sequencing|biomedical technique
37624502|expert_4|988|1021|abstract|permutational analysis of variance|statistical technique
37624502|expert_4|1024|1032|abstract|PERMANOVA|statistical technique
37624502|expert_4|1053|1069|abstract|linear regression|statistical technique
37624502|expert_4|1091|1104|abstract|gut microbiome|microbiome
37624502|expert_4|1402|1420|abstract|regression analysis|statistical technique
37624502|expert_4|1585|1606|abstract|Bifidobacterium longum|bacteria
37624502|expert_4|1674|1687|abstract|gut microbiota|microbiome
37624502|expert_4|1730|1743|abstract|gut microbiome|microbiome
37624502|expert_4|1748|1750|abstract|SCZ|DDF
37624502|expert_4|2003|2005|abstract|SCZ|DDF
36056574|expert_7|21|34|title|Gut Microbiota|microbiome
36056574|expert_7|52|70|title|Depressive Symptoms|DDF
36056574|expert_7|76|92|title|Sleep Disturbance|DDF
36056574|expert_7|100|128|title|Chinese and Korean Immigrants|human
36056574|expert_7|0|9|abstract|Depression|DDF
36056574|expert_7|30|44|abstract|Asian Americans|human
36056574|expert_7|47|49|abstract|AsA|human
36056574|expert_7|86|95|abstract|depression|DDF
36056574|expert_7|112|128|abstract|sleep disturbance|DDF
36056574|expert_7|138|147|abstract|population|human
36056574|expert_7|154|167|abstract|gut microbiota|microbiome
36056574|expert_7|170|171|abstract|GM|microbiome
36056574|expert_7|259|260|abstract|GM|microbiome
36056574|expert_7|287|289|abstract|AsA|human
36056574|expert_7|320|321|abstract|GM|microbiome
36056574|expert_7|328|346|abstract|depressive symptoms|DDF
36056574|expert_7|352|368|abstract|sleep disturbance|DDF
36056574|expert_7|376|413|abstract|Chinese and Korean American immigrants|human
36056574|expert_7|416|434|abstract|Depressive symptoms|DDF
36056574|expert_7|600|618|abstract|depressive symptoms|DDF
36056574|expert_7|658|674|abstract|sleep disturbance|DDF
36056574|expert_7|677|703|abstract|16S rRNA V3-V4 gene regions|gene
36056574|expert_7|752|753|abstract|GM|microbiome
36056574|expert_7|756|802|abstract|Permutational multivariate analysis of variance|statistical technique
36056574|expert_7|808|847|abstract|linear discriminant analysis effect size|statistical technique
36056574|expert_7|893|894|abstract|GM|microbiome
36056574|expert_7|920|931|abstract|participants|human
36056574|expert_7|963|981|abstract|depressive symptoms|DDF
36056574|expert_7|1015|1031|abstract|sleep disturbance|DDF
36056574|expert_7|1092|1110|abstract|depressive symptoms|DDF
36056574|expert_7|1113|1117|abstract|Chao1|statistical technique
36056574|expert_7|1152|1164|abstract|Shannon index|statistical technique
36056574|expert_7|1222|1233|abstract|participants|human
36056574|expert_7|1257|1275|abstract|depressive symptoms|DDF
36056574|expert_7|1278|1293|abstract|weighted UniFrac|statistical technique
36056574|expert_7|1314|1330|abstract|sleep disturbance|DDF
36056574|expert_7|1333|1339|abstract|Jaccard|statistical technique
36056574|expert_7|1369|1387|abstract|depressive symptoms|DDF
36056574|expert_7|1421|1434|abstract|Actinobacteria|bacteria
36056574|expert_7|1461|1479|abstract|depressive symptoms|DDF
36056574|expert_7|1510|1522|abstract|Bacteroidetes|bacteria
36056574|expert_7|1569|1585|abstract|sleep disturbance|DDF
36056574|expert_7|1647|1665|abstract|depressive symptoms|DDF
36056574|expert_7|1671|1687|abstract|sleep disturbance|DDF
36056574|expert_7|1695|1723|abstract|Chinese and Korean immigrants|human
36056574|expert_7|1775|1793|abstract|depressive symptoms|DDF
33514545|expert_6|72|74|title|gut|anatomical location
33514545|expert_6|77|81|title|liver|anatomical location
33514545|expert_6|88|92|title|brain|anatomical location
33514545|expert_6|109|134|title|neurodegenerative diseases|DDF
33514545|expert_6|35|60|abstract|neurodegenerative diseases|DDF
33514545|expert_6|63|65|abstract|NDs|DDF
33514545|expert_6|367|369|abstract|NDs|DDF
33514545|expert_6|483|501|abstract|Parkinson's disease|DDF
33514545|expert_6|504|505|abstract|PD|DDF
33514545|expert_6|562|578|abstract|primary human gut|anatomical location
33514545|expert_6|584|588|abstract|liver|anatomical location
33514545|expert_6|597|652|abstract|human induced pluripotent stem cell-derived cerebral MPS|biomedical technique
33514545|expert_6|716|743|abstract|CD4<sup>+</sup> regulatory T|chemical
33514545|expert_6|749|759|abstract|T helper 17|chemical
33514545|expert_6|847|870|abstract|PD-causing A53T mutation|gene
33514545|expert_6|1010|1054|abstract|microbiome-associated short-chain fatty acids|chemical
33514545|expert_6|1112|1113|abstract|PD|DDF
31750916|expert_5|0|12|title|Dietary fiber|dietary supplement
31750916|expert_5|40|49|title|depression|DDF
31750916|expert_5|55|66|title|inflammation|DDF
31750916|expert_5|0|12|abstract|Dietary fiber|dietary supplement
31750916|expert_5|42|53|abstract|healthy diet|food
31750916|expert_5|113|126|abstract|gut microbiota|microbiome
31750916|expert_5|235|244|abstract|depression|DDF
31750916|expert_5|250|261|abstract|inflammation|DDF
31750916|expert_5|364|376|abstract|dietary fiber|dietary supplement
31750916|expert_5|381|390|abstract|depression|DDF
31750916|expert_5|396|407|abstract|inflammation|DDF
31750916|expert_5|452|464|abstract|dietary fiber|dietary supplement
31750916|expert_5|470|479|abstract|depression|DDF
31750916|expert_5|492|540|abstract|microbiota-driven modification of gene expression|DDF
31750916|expert_5|546|586|abstract|increased production of neurotransmitters|DDF
31750916|expert_5|603|614|abstract|inflammation|DDF
31750916|expert_5|678|687|abstract|depression|DDF
31750916|expert_5|692|706|abstract|high-fiber diet|food
31750916|expert_5|727|738|abstract|inflammation|DDF
31750916|expert_5|793|795|abstract|gut|anatomical location
31750916|expert_5|825|846|abstract|inflammatory compounds|chemical
31750916|expert_5|912|921|abstract|depression|DDF
31750916|expert_5|988|999|abstract|inflammation|DDF
31750916|expert_5|1005|1014|abstract|depression|DDF
31750916|expert_5|1113|1149|abstract|inflammatory and depressive disorders|DDF
34074025|expert_2|29|46|title|Multiple Sclerosis|DDF
34074025|expert_2|58|76|title|Autoimmune Diseases|DDF
34074025|expert_2|242|251|abstract|infections|DDF
34074025|expert_2|254|278|abstract|Dysfunction of MAIT cells|DDF
34074025|expert_2|284|292|abstract|dysbiosis|DDF
34074025|expert_2|310|325|abstract|chronic diseases|DDF
34074025|expert_2|467|484|abstract|multiple sclerosis|DDF
34074025|expert_2|496|515|abstract|autoimmune disorders|DDF
34074025|expert_2|537|545|abstract|dysbiosis|DDF
34074025|expert_2|696|709|abstract|gut microbiota|microbiome
34074025|expert_2|820|837|abstract|multiple sclerosis|DDF
34074025|expert_2|978|986|abstract|dysbiosis|DDF
34074025|expert_2|1037|1072|abstract|treated and treatment-naïve patients|human
24956966|expert_3|60|74|title|brain disorders|DDF
24956966|expert_3|0|13|abstract|Gut microbiota|microbiome
24956966|expert_3|113|134|abstract|gastrointestinal tract|anatomical location
24956966|expert_3|361|374|abstract|gut microbiota|microbiome
24956966|expert_3|436|457|abstract|mental health outcomes|DDF
24956966|expert_3|533|553|abstract|intestinal microbiota|microbiome
24956966|expert_3|770|796|abstract|neurodevelopmental deficits|DDF
24956966|expert_3|802|816|abstract|brain disorders|DDF
30528936|expert_3|8|21|title|Actinobacteria|bacteria
30528936|expert_3|27|40|title|Coriobacteriia|bacteria
30528936|expert_3|75|82|title|ketamine|drug
30528936|expert_3|112|121|title|depression|DDF
30528936|expert_3|0|7|abstract|Ketamine|drug
30528936|expert_3|13|45|abstract|N-methyl-d-aspartic acid receptor|chemical
30528936|expert_3|48|52|abstract|NMDAR|chemical
30528936|expert_3|128|165|abstract|treatment-resistant depressed patients|human
30528936|expert_3|204|217|abstract|gut microbiota|microbiome
30528936|expert_3|277|286|abstract|depression|DDF
30528936|expert_3|395|408|abstract|gut microbiota|microbiome
30528936|expert_3|443|450|abstract|ketamine|drug
30528936|expert_3|455|499|abstract|lipopolysaccharide (LPS)-induced inflammation|DDF
30528936|expert_3|510|519|abstract|depression|DDF
30528936|expert_3|522|529|abstract|Ketamine|drug
30528936|expert_3|581|595|abstract|immobility time|DDF
30528936|expert_3|600|619|abstract|forced swimming test|biomedical technique
30528936|expert_3|622|624|abstract|FST|biomedical technique
30528936|expert_3|701|735|abstract|Shannon, Simpson and Chao 1 indices|statistical technique
30528936|expert_3|787|816|abstract|principal coordinates analysis|statistical technique
30528936|expert_3|819|822|abstract|PCoA|statistical technique
30528936|expert_3|830|857|abstract|linear discriminant analysis|statistical technique
30528936|expert_3|860|862|abstract|LDA|statistical technique
30528936|expert_3|878|901|abstract|effect size measurements|statistical technique
30528936|expert_3|904|908|abstract|LEfSe|statistical technique
30528936|expert_3|948|955|abstract|ketamine|drug
30528936|expert_3|1038|1062|abstract|LPS + saline treated mice|animal
30528936|expert_3|1068|1094|abstract|LPS + ketamine treated mice|animal
30528936|expert_3|1147|1160|abstract|Actinobacteria|bacteria
30528936|expert_3|1176|1189|abstract|Coriobacteriia|bacteria
30528936|expert_3|1230|1239|abstract|immobility|DDF
30528936|expert_3|1249|1251|abstract|FST|biomedical technique
30528936|expert_3|1271|1316|abstract|receiver operating characteristic (ROC) curves|statistical technique
30528936|expert_3|1347|1360|abstract|Actinobacteria|bacteria
30528936|expert_3|1376|1389|abstract|Coriobacteriia|bacteria
30528936|expert_3|1450|1457|abstract|ketamine|drug
30528936|expert_3|1539|1546|abstract|ketamine|drug
30528936|expert_3|1610|1623|abstract|gut microbiota|microbiome
30528936|expert_3|1646|1659|abstract|Actinobacteria|bacteria
30528936|expert_3|1675|1688|abstract|Coriobacteriia|bacteria
30528936|expert_3|1724|1731|abstract|ketamine|drug
37995475|expert_2|37|50|title|gut microbiota|microbiome
37995475|expert_2|55|87|title|central hypersomnolence disorders|DDF
37995475|expert_2|90|103|abstract|gut microbiota|microbiome
37995475|expert_2|130|143|abstract|gut microbiota|microbiome
37995475|expert_2|335|348|abstract|gut microbiota|microbiome
37995475|expert_2|449|456|abstract|patients|human
37995475|expert_2|473|489|abstract|narcolepsy type 1|DDF
37995475|expert_2|492|508|abstract|narcolepsy type 2|DDF
37995475|expert_2|515|536|abstract|idiopathic hypersomnia|DDF
37995475|expert_2|600|613|abstract|gut microbiota|microbiome
37995475|expert_2|621|634|abstract|patient groups|human
37995475|expert_2|640|655|abstract|healthy controls|human
37995475|expert_2|751|763|abstract|control group|human
37995475|expert_2|779|786|abstract|patients|human
37995475|expert_2|803|819|abstract|narcolepsy type 1|DDF
37995475|expert_2|825|846|abstract|idiopathic hypersomnia|DDF
37995475|expert_2|886|899|abstract|patient groups|human
37995475|expert_2|913|920|abstract|controls|human
37995475|expert_2|1175|1225|abstract|narcolepsy type 1 and idiopathic hypersomnia groups|human
37995475|expert_2|1248|1265|abstract|sleep disturbances|DDF
37995475|expert_2|1298|1309|abstract|metabolomics|biomedical technique
37995475|expert_2|1315|1324|abstract|proteomics|biomedical technique
37995475|expert_2|1372|1386|abstract|sleep disorders|DDF
38278499|expert_2|0|33|title|Alcohol use-associated alterations|DDF
38278499|expert_2|80|97|title|general population|human
38278499|expert_2|106|116|title|individuals|human
38278499|expert_2|123|147|title|major depressive disorder|DDF
38278499|expert_2|137|143|abstract|persons|human
38278499|expert_2|150|159|abstract|depression|DDF
38278499|expert_2|241|250|abstract|depression|DDF
38278499|expert_2|266|320|abstract|targeted liquid chromatography mass spectrometry method|biomedical technique
38278499|expert_2|447|478|abstract|non-depressed general population|human
38278499|expert_2|481|482|abstract|GP|human
38278499|expert_2|511|521|abstract|individuals|human
38278499|expert_2|528|552|abstract|major depressive disorder|DDF
38278499|expert_2|555|557|abstract|MDD|DDF
38278499|expert_2|783|795|abstract|hippuric acid|chemical
38278499|expert_2|804|812|abstract|GP cohort|human
38278499|expert_2|822|830|abstract|GP cohort|human
38278499|expert_2|962|971|abstract|MDD cohort|human
38278499|expert_2|987|997|abstract|individuals|human
38278499|expert_2|1080|1092|abstract|hippuric acid|chemical
38278499|expert_2|1335|1344|abstract|depression|DDF
38679353|expert_4|73|91|title|Parkinson's disease|DDF
38679353|expert_4|118|139|title|subgroup meta-analysis|statistical technique
38679353|expert_4|85|98|abstract|gut microbiota|microbiome
38679353|expert_4|101|102|abstract|GM|microbiome
38679353|expert_4|119|137|abstract|Parkinson's disease|DDF
38679353|expert_4|140|141|abstract|PD|DDF
38679353|expert_4|355|356|abstract|GM|microbiome
38679353|expert_4|362|363|abstract|PD|DDF
38679353|expert_4|438|457|abstract|random effects model|statistical technique
38679353|expert_4|483|502|abstract|mean difference (MD)|statistical technique
38679353|expert_4|625|635|abstract|PD patients|human
38679353|expert_4|638|654|abstract|Continuous models|statistical technique
38679353|expert_4|729|736|abstract|PD cases|human
38679353|expert_4|746|761|abstract|healthy controls|human
38679353|expert_4|942|943|abstract|GM|microbiome
38679353|expert_4|979|996|abstract|Bifidobacteriaceae|bacteria
38679353|expert_4|999|1013|abstract|Ruminococcaceae|bacteria
38679353|expert_4|1016|1028|abstract|Rikenellaceae|bacteria
38679353|expert_4|1031|1046|abstract|Lactobacillaceae|bacteria
38679353|expert_4|1049|1067|abstract|Verrucomicrobiaceae|bacteria
38679353|expert_4|1073|1091|abstract|Christensenellaceae|bacteria
38679353|expert_4|1167|1180|abstract|Prevotellaceae|bacteria
38679353|expert_4|1183|1197|abstract|Lachnospiraceae|bacteria
38679353|expert_4|1200|1218|abstract|Erysipelotrichaceae|bacteria
38679353|expert_4|1224|1239|abstract|Faecalibacterium|bacteria
38679353|expert_4|1269|1276|abstract|Patients|human
38679353|expert_4|1353|1371|abstract|healthy individuals|human
38679353|expert_4|1411|1424|abstract|gut microbiome|microbiome
38679353|expert_4|1504|1505|abstract|PD|DDF
38664425|expert_5|45|70|title|neurodegenerative diseases|DDF
38664425|expert_5|97|109|title|meta-analysis|statistical technique
38664425|expert_5|0|25|abstract|Neurodegenerative diseases|DDF
38664425|expert_5|28|31|abstract|NDDs|DDF
38664425|expert_5|55|69|abstract|neuronal damage|DDF
38664425|expert_5|75|109|abstract|progressive loss of neuron function|DDF
38664425|expert_5|175|181|abstract|biotics|biomedical technique
38664425|expert_5|401|402|abstract|GM|microbiome
38664425|expert_5|868|880|abstract|meta-analysis|statistical technique
38664425|expert_5|1068|1079|abstract|constipation|DDF
38664425|expert_5|1316|1319|abstract|NDDs|DDF
33454868|expert_6|70|82|title|breast cancer|DDF
33454868|expert_6|0|12|abstract|Breast cancer|DDF
33454868|expert_6|36|41|abstract|cancer|DDF
33454868|expert_6|46|50|abstract|women|human
33454868|expert_6|118|131|abstract|Gut microbiota|microbiome
33454868|expert_6|293|306|abstract|gut microbiome|microbiome
33454868|expert_6|401|408|abstract|diabetes|DDF
33454868|expert_6|414|419|abstract|cancer|DDF
33454868|expert_6|449|462|abstract|gut microbiota|microbiome
33454868|expert_6|509|516|abstract|estrogen|chemical
33454868|expert_6|554|561|abstract|bacteria|bacteria
33454868|expert_6|620|632|abstract|breast cancer|DDF
33454868|expert_6|695|707|abstract|breast cancer|DDF
33454868|expert_6|846|864|abstract|intestinal microbes|microbiome
33454868|expert_6|870|882|abstract|breast cancer|DDF
33454868|expert_6|914|926|abstract|breast cancer|DDF
33454868|expert_6|941|959|abstract|intestinal microbes|microbiome
33454868|expert_6|1018|1019|abstract|BC|DDF
31498131|expert_6|66|84|title|Parkinson's Disease|DDF
31498131|expert_6|0|13|abstract|Gut microbiota|microbiome
31498131|expert_6|71|89|abstract|Parkinson's disease|DDF
31498131|expert_6|92|93|abstract|PD|DDF
31498131|expert_6|107|143|abstract|early gastrointestinal symptomatology|DDF
31498131|expert_6|161|185|abstract|alpha-synuclein pathology|DDF
31498131|expert_6|249|259|abstract|vagal nerve|anatomical location
31498131|expert_6|393|394|abstract|PD|DDF
31498131|expert_6|728|744|abstract|study populations|human
31498131|expert_6|832|833|abstract|PD|DDF
31498131|expert_6|862|863|abstract|PD|DDF
31498131|expert_6|920|935|abstract|study population|human
31498131|expert_6|992|1001|abstract|sequencing|biomedical technique
31498131|expert_6|1034|1055|abstract|biostatistical methods|statistical technique
31498131|expert_6|1336|1337|abstract|PD|DDF
31498131|expert_6|1400|1413|abstract|gut microbiome|microbiome
31498131|expert_6|1418|1419|abstract|PD|DDF
31498131|expert_6|1479|1480|abstract|PD|DDF
31498131|expert_6|1534|1562|abstract|atypical parkinsonism cohorts|human
31498131|expert_6|1565|1613|abstract|prodromal and treatment-naïve de novo PD subjects|human
31498131|expert_6|1616|1661|abstract|measurements of fecal microbial concentrations|biomedical technique
31498131|expert_6|1667|1689|abstract|multi-omics assessments|biomedical technique
31498131|expert_6|1788|1801|abstract|gut microbiome|microbiome
31498131|expert_6|1806|1807|abstract|PD|DDF
33782648|expert_5|24|45|title|Neurological Disorders|DDF
33782648|expert_5|56|71|title|Flavonol Fisetin|chemical
33782648|expert_5|0|21|abstract|Neurological disorders|DDF
33782648|expert_5|34|59|abstract|neurodegenerative diseases|DDF
33782648|expert_5|105|112|abstract|patients|human
33782648|expert_5|229|244|abstract|aging population|human
33782648|expert_5|298|319|abstract|neurological disorders|DDF
33782648|expert_5|351|390|abstract|disruptions in multiple cellular systems|DDF
33782648|expert_5|532|553|abstract|neurological disorders|DDF
33782648|expert_5|747|762|abstract|flavonol fisetin|chemical
33782648|expert_5|765|771|abstract|Fisetin|chemical
33782648|expert_5|891|912|abstract|neurological disorders|DDF
33782648|expert_5|924|942|abstract|Alzheimer's disease|DDF
33782648|expert_5|945|963|abstract|Parkinson's disease|DDF
33782648|expert_5|966|985|abstract|Huntington's disease|DDF
33782648|expert_5|988|1016|abstract|amyotrophic lateral sclerosis|DDF
33782648|expert_5|1019|1056|abstract|stroke (both ischemic and hemorrhagic)|DDF
33782648|expert_5|1062|1083|abstract|traumatic brain injury|DDF
33782648|expert_5|1136|1140|abstract|brain|anatomical location
33782648|expert_5|1241|1262|abstract|neurological disorders|DDF
33782648|expert_5|1458|1471|abstract|gut microbiome|microbiome
33782648|expert_5|1635|1651|abstract|brain dysfunction|DDF
33782648|expert_5|1736|1741|abstract|humans|human
32739746|expert_6|22|54|title|commensal fungus Candida albicans|bacteria
32739746|expert_6|92|133|title|dysregulation of endocannabinoid signaling|DDF
32739746|expert_6|0|16|abstract|Anxiety disorders|DDF
32739746|expert_6|41|62|abstract|mental health disorder|DDF
32739746|expert_6|118|133|abstract|human population|human
32739746|expert_6|161|177|abstract|anxiety disorders|DDF
32739746|expert_6|246|262|abstract|anxiety disorders|DDF
32739746|expert_6|338|343|abstract|stress|DDF
32739746|expert_6|349|365|abstract|anxiety disorders|DDF
32739746|expert_6|403|424|abstract|adolescent female mice|animal
32739746|expert_6|513|528|abstract|Candida albicans|bacteria
32739746|expert_6|577|580|abstract|mice|animal
32739746|expert_6|608|621|abstract|gut microbiota|microbiome
32739746|expert_6|672|692|abstract|anxiety-like behavior|DDF
32739746|expert_6|763|791|abstract|stress hormone corticosterone|chemical
32739746|expert_6|794|797|abstract|CORT|chemical
32739746|expert_6|821|824|abstract|mice|animal
32739746|expert_6|841|851|abstract|C. albicans|bacteria
32739746|expert_6|876|896|abstract|anxiety-like behavior|DDF
32739746|expert_6|932|935|abstract|CORT|chemical
32739746|expert_6|948|979|abstract|dysregulation of CORT production|DDF
32739746|expert_6|991|1002|abstract|acute stress|DDF
32739746|expert_6|1022|1042|abstract|anxiety-like behavior|DDF
32739746|expert_6|1076|1117|abstract|endocannabinoid N-arachidonoylethanolamide|chemical
32739746|expert_6|1120|1122|abstract|AEA|chemical
32739746|expert_6|1147|1172|abstract|C. albicans-colonized mice|animal
32739746|expert_6|1199|1216|abstract|endocannabinoidome|chemical
32739746|expert_6|1279|1328|abstract|fatty acid amide hydrolase (FAAH) inhibitor URB597|chemical
32739746|expert_6|1390|1415|abstract|C. albicans-colonized mice|animal
32739746|expert_6|1473|1478|abstract|humans|human
32739746|expert_6|1695|1715|abstract|anxiety-like behavior|DDF
33860090|expert_7|0|9|title|Probiotics|dietary supplement
33860090|expert_7|15|33|title|Parkinson's disease|DDF
33860090|expert_7|37|55|abstract|Parkinson's disease|DDF
33860090|expert_7|58|59|abstract|PD|DDF
33860090|expert_7|109|117|abstract|dysbiosis|DDF
33860090|expert_7|137|166|abstract|peripheral inflammatory states|DDF
33860090|expert_7|257|258|abstract|PD|DDF
33860090|expert_7|355|377|abstract|intestinal inflammation|DDF
33860090|expert_7|388|401|abstract|gut microbiome|microbiome
33860090|expert_7|416|444|abstract|fecal short-chain fatty acids|chemical
33860090|expert_7|449|450|abstract|PD|DDF
33860090|expert_7|506|515|abstract|probiotics|dietary supplement
33860090|expert_7|564|588|abstract|Probiotic supplementation|dietary supplement
33860090|expert_7|855|866|abstract|inflammation|DDF
33860090|expert_7|1023|1032|abstract|probiotics|dietary supplement
33860090|expert_7|1046|1079|abstract|dopaminergic neuronal degeneration|DDF
33860090|expert_7|1167|1176|abstract|probiotics|dietary supplement
33860090|expert_7|1197|1208|abstract|constipation|DDF
33860090|expert_7|1213|1214|abstract|PD|DDF
33860090|expert_7|1241|1250|abstract|probiotics|dietary supplement
33860090|expert_7|1281|1296|abstract|motor disability|DDF
33860090|expert_7|1397|1399|abstract|gut|anatomical location
33860090|expert_7|1545|1554|abstract|probiotics|dietary supplement
33860090|expert_7|1559|1560|abstract|PD|DDF
33860090|expert_7|1576|1592|abstract|probiotic therapy|dietary supplement
33240722|expert_4|4|17|abstract|gut microbiota|microbiome
33240722|expert_4|60|68|abstract|human gut|anatomical location
33240722|expert_4|251|271|abstract|intestinal microbiota|microbiome
33240722|expert_4|377|397|abstract|intestinal microbiota|microbiome
33240722|expert_4|519|532|abstract|gut microbiome|microbiome
33240722|expert_4|566|615|abstract|neurodevelopmental and neurodegenerative disorders|DDF
33240722|expert_4|641|654|abstract|gut microbiome|microbiome
33240722|expert_4|668|680|abstract|CNS disorders|DDF
33240722|expert_4|857|870|abstract|gut microbiome|microbiome
33240722|expert_4|907|920|abstract|gut microbiome|microbiome
33240722|expert_4|925|960|abstract|neurological and psychiatry diseases|DDF
33240722|expert_4|989|1009|abstract|microbial metabolites|chemical
38302874|expert_5|0|36|title|Chronic intestinal pseudo-obstruction|DDF
38302874|expert_5|57|70|title|gut microbiota|microbiome
38302874|expert_5|0|46|abstract|Pediatric chronic intestinal pseudo-obstruction|DDF
38302874|expert_5|49|52|abstract|PIPO|DDF
38302874|expert_5|90|157|abstract|symptoms and radiological signs suggestive of intestinal obstruction|DDF
38302874|expert_5|178|200|abstract|lumen-occluding lesions|DDF
38302874|expert_5|222|271|abstract|extremely severe impairment of propulsive motility|DDF
38302874|expert_5|396|413|abstract|different hormones|chemical
38302874|expert_5|419|456|abstract|bioactive messengers/neurotransmitters|chemical
38302874|expert_5|463|498|abstract|neurotransmitter 5-hydroxytryptamine|chemical
38302874|expert_5|501|504|abstract|5-HT|chemical
38302874|expert_5|511|519|abstract|serotonin|chemical
38302874|expert_5|582|595|abstract|Gut microbiota|microbiome
38302874|expert_5|737|740|abstract|5-HT|chemical
38302874|expert_5|746|759|abstract|gut microbiota|microbiome
38302874|expert_5|764|767|abstract|PIPO|DDF
38302874|expert_5|842|869|abstract|mucosa associated microbiota|microbiome
38302874|expert_5|872|874|abstract|MAM|microbiome
38302874|expert_5|927|930|abstract|PIPO|DDF
38302874|expert_5|966|970|abstract|colon|anatomical location
38302874|expert_5|973|977|abstract|ileum|anatomical location
38302874|expert_5|983|990|abstract|duodenum|anatomical location
38302874|expert_5|1019|1031|abstract|PIPO patients|human
38302874|expert_5|1040|1072|abstract|age-/sex-matched healthy controls|human
38302874|expert_5|1081|1094|abstract|DNA extraction|biomedical technique
38302874|expert_5|1101|1103|abstract|MAM|microbiome
38302874|expert_5|1121|1198|abstract|next generation sequencing (NGS) of the V3-V4 region of the bacterial RNA 16 S|biomedical technique
38302874|expert_5|1294|1297|abstract|TPH1|gene
38302874|expert_5|1300|1305|abstract|SLC6A4|gene
38302874|expert_5|1308|1313|abstract|5-HTR3|gene
38302874|expert_5|1319|1324|abstract|5-HTR4|gene
38302874|expert_5|1346|1349|abstract|qPCR|biomedical technique
38302874|expert_5|1374|1376|abstract|MAM|microbiome
38302874|expert_5|1405|1408|abstract|PIPO|DDF
38302874|expert_5|1457|1469|abstract|PIPO patients|human
38302874|expert_5|1481|1483|abstract|MAM|microbiome
38302874|expert_5|1523|1531|abstract|dysbiosis|DDF
38302874|expert_5|1666|1673|abstract|controls|human
38302874|expert_5|1676|1679|abstract|qPCR|biomedical technique
38302874|expert_5|1733|1766|abstract|serotonin-related intestinal genes|gene
38302874|expert_5|1771|1783|abstract|PIPO patients|human
38302874|expert_5|1803|1810|abstract|controls|human
38302874|expert_5|1813|1832|abstract|Correlation analysis|statistical technique
38302874|expert_5|1905|1917|abstract|PIPO patients|human
38302874|expert_5|1921|1967|abstract|specific MAM associated to underlying pathology|microbiome
38302874|expert_5|1976|2011|abstract|altered intestinal serotonin pathway|DDF
38302874|expert_5|2025|2119|abstract|dysfunction of the serotonin pathway, possibly related to or triggered by an altered microbiota|DDF
38302874|expert_5|2140|2150|abstract|dysmotility|DDF
38302874|expert_5|2155|2167|abstract|PIPO patients|human
38302874|expert_5|2313|2325|abstract|PIPO patients|human
38229613|expert_4|0|8|title|Dysbiosis|DDF
38229613|expert_4|17|39|title|Beneficial Gut Bacteria|bacteria
38229613|expert_4|44|51|title|Patients|human
38229613|expert_4|58|76|title|Parkinson's Disease|DDF
38229613|expert_4|36|57|abstract|neurological disorders|DDF
38229613|expert_4|91|99|abstract|dysbiosis|DDF
38229613|expert_4|108|121|abstract|gut microbiota|microbiome
38229613|expert_4|149|167|abstract|Parkinson's disease|DDF
38229613|expert_4|170|171|abstract|PD|DDF
38229613|expert_4|237|244|abstract|PD cases|human
38229613|expert_4|250|265|abstract|healthy controls|human
38229613|expert_4|268|270|abstract|HCs|human
38229613|expert_4|297|310|abstract|gut microbiota|microbiome
38229613|expert_4|313|358|abstract|Full-length bacterial 16S rRNA gene sequencing|biomedical technique
38229613|expert_4|610|627|abstract|Clostridia UCG 014|bacteria
38229613|expert_4|630|647|abstract|Cristensenellaceae|bacteria
38229613|expert_4|654|669|abstract|Oscillospiraceae|bacteria
38229613|expert_4|700|714|abstract|Lachinospiracea|bacteria
38229613|expert_4|717|733|abstract|Coriobacteriaceae|bacteria
38229613|expert_4|800|815|abstract|Faecalibacterium|bacteria
38229613|expert_4|825|840|abstract|Fusicatenibacter|bacteria
38229613|expert_4|850|858|abstract|Roseburia|bacteria
38229613|expert_4|871|877|abstract|Blautia|bacteria
38229613|expert_4|913|920|abstract|PD cases|human
38229613|expert_4|945|946|abstract|HC|human
38229613|expert_4|958|968|abstract|Akkermansia|bacteria
38229613|expert_4|978|986|abstract|Dialister|bacteria
38229613|expert_4|996|1006|abstract|Bacteroides|bacteria
38229613|expert_4|1020|1042|abstract|Lachnospiraceae NK4A136|bacteria
38229613|expert_4|1081|1092|abstract|constipation|DDF
38229613|expert_4|1097|1098|abstract|PD|DDF
38229613|expert_4|1171|1187|abstract|PD gut microbiome|microbiome
38229613|expert_4|1264|1274|abstract|PD patients|human
38229613|expert_4|1340|1357|abstract|Clostridia UCG 014|bacteria
38229613|expert_4|1391|1392|abstract|PD|DDF
26129950|expert_1|0|28|title|Antibiotic-induced imbalances|DDF
26129950|expert_1|33|46|title|gut microbiota|microbiome
26129950|expert_1|59|82|title|cholesterol accumulation|DDF
26129950|expert_1|88|101|title|liver injuries|DDF
26129950|expert_1|106|109|title|rats|animal
26129950|expert_1|117|137|title|high-cholesterol diet|food
26129950|expert_1|69|82|abstract|gut microbiota|microbiome
26129950|expert_1|177|181|abstract|liver|anatomical location
26129950|expert_1|294|307|abstract|gut microbiota|microbiome
26129950|expert_1|331|342|abstract|liver injury|DDF
26129950|expert_1|423|433|abstract|antibiotics|drug
26129950|expert_1|460|473|abstract|gut microbiota|microbiome
26129950|expert_1|483|486|abstract|rats|animal
26129950|expert_1|494|514|abstract|high-cholesterol diet|food
26129950|expert_1|520|523|abstract|rats|animal
26129950|expert_1|531|541|abstract|normal diet|food
26129950|expert_1|573|585|abstract|Bacteroidetes|bacteria
26129950|expert_1|591|600|abstract|Firmicutes|bacteria
26129950|expert_1|620|633|abstract|Proteobacteria|bacteria
26129950|expert_1|664|667|abstract|guts|anatomical location
26129950|expert_1|672|675|abstract|rats|animal
26129950|expert_1|744|757|abstract|gut microbiota|microbiome
26129950|expert_1|770|793|abstract|cholesterol accumulation|DDF
26129950|expert_1|799|810|abstract|liver injury|DDF
26129950|expert_1|815|818|abstract|rats|animal
26129950|expert_1|826|846|abstract|high-cholesterol diet|food
26129950|expert_1|918|942|abstract|plasma lipopolysaccharide|chemical
26129950|expert_1|945|947|abstract|LPS|chemical
26129950|expert_1|1059|1084|abstract|pro-inflammatory cytokines|chemical
26129950|expert_1|1090|1099|abstract|chemokines|chemical
26129950|expert_1|1104|1116|abstract|liver tissues|anatomical location
26129950|expert_1|1158|1171|abstract|gut microbiota|microbiome
26129950|expert_1|1219|1236|abstract|metabolic diseases|DDF
26129950|expert_1|1242|1255|abstract|liver injuries|DDF
26129950|expert_1|1268|1278|abstract|cholesterol|chemical
26129950|expert_1|1284|1305|abstract|high-cholesterol diets|food
26129950|expert_1|1322|1335|abstract|gut microbiota|microbiome
26129950|expert_1|1376|1414|abstract|cholesterol-related metabolic disorders|DDF
32155131|expert_2|15|42|title|probiotic formulation SLAB51|dietary supplement
32155131|expert_2|0|8|abstract|Parkinson|DDF
32155131|expert_2|22|47|abstract|neurodegenerative disorder|DDF
32155131|expert_2|107|139|abstract|abnormalities in the gut function|DDF
32155131|expert_2|381|383|abstract|gut|anatomical location
32155131|expert_2|608|621|abstract|Gut microbiome|microbiome
32155131|expert_2|766|771|abstract|SLAB51|dietary supplement
32155131|expert_2|776|777|abstract|PD|DDF
32155131|expert_2|812|832|abstract|probiotic formulation|dietary supplement
32155131|expert_2|875|880|abstract|6-OHDA|chemical
32155131|expert_2|956|961|abstract|SLAB51|dietary supplement
32155131|expert_2|1041|1042|abstract|PD|DDF
37468912|expert_2|0|47|title|Altered gut microbiota-host bile acid metabolism|DDF
37468912|expert_2|52|65|title|IBS-D patients|human
37468912|expert_2|72|87|title|liver depression|DDF
37468912|expert_2|93|117|title|spleen deficiency pattern|DDF
37468912|expert_2|0|64|abstract|Dysregulation of gut microbiota-host bile acid (BA) co-metabolism|DDF
37468912|expert_2|101|145|abstract|diarrhea-predominant irritable bowel syndrome|DDF
37468912|expert_2|148|152|abstract|IBS-D|DDF
37468912|expert_2|256|260|abstract|IBS-D|DDF
37468912|expert_2|272|309|abstract|liver depression and spleen deficiency|DDF
37468912|expert_2|312|315|abstract|LDSD|DDF
37468912|expert_2|543|550|abstract|Patients|human
37468912|expert_2|557|561|abstract|IBS-D|DDF
37468912|expert_2|845|858|abstract|IBS-D patients|human
37468912|expert_2|865|868|abstract|LDSD|DDF
37468912|expert_2|987|1033|abstract|serum BA precursor 7α-hydroxy-4-cholesten-3-one|chemical
37468912|expert_2|1055|1062|abstract|controls|human
37468912|expert_2|1067|1083|abstract|non-LDSD patients|human
37468912|expert_2|1086|1098|abstract|LDSD patients|human
37468912|expert_2|1160|1175|abstract|deoxycholic acid|chemical
37468912|expert_2|1178|1180|abstract|DCA|chemical
37468912|expert_2|1184|1205|abstract|7-ketodeoxycholic acid|chemical
37468912|expert_2|1212|1227|abstract|lithocholic acid|chemical
37468912|expert_2|1295|1313|abstract|LDSD gut microbiota|microbiome
37468912|expert_2|1350|1375|abstract|7-dehydroxylating bacteria|bacteria
37468912|expert_2|1381|1398|abstract|BA-inducible genes|gene
37468912|expert_2|1401|1409|abstract|baiCD/E/H|gene
37468912|expert_2|1462|1475|abstract|abdominal pain|DDF
37468912|expert_2|1674|1685|abstract|IBS patients|human
37468912|expert_2|1692|1695|abstract|LDSD|DDF
37468912|expert_2|1781|1794|abstract|gut microbiota|microbiome
37468912|expert_2|1822|1824|abstract|BAs|chemical
37449597|expert_4|53|63|title|vagus nerve|anatomical location
37449597|expert_4|66|80|title|alpha-synuclein|chemical
37449597|expert_4|90|94|title|brain|anatomical location
37449597|expert_4|99|117|title|Parkinson's disease|DDF
37449597|expert_4|100|102|abstract|gut|anatomical location
37449597|expert_4|113|117|abstract|brain|anatomical location
37449597|expert_4|122|140|abstract|Parkinson's disease|DDF
37449597|expert_4|147|157|abstract|vagus nerve|anatomical location
37449597|expert_4|514|527|abstract|gut microbiome|microbiome
37449597|expert_4|657|670|abstract|gut microbiome|microbiome
37449597|expert_4|732|750|abstract|Parkinson's disease|DDF
32987656|expert_6|17|35|title|Parkinson's Disease|DDF
32987656|expert_6|62|80|title|Dietary Polyphenols|chemical
32987656|expert_6|0|18|abstract|Parkinson's disease|DDF
32987656|expert_6|21|22|abstract|PD|DDF
32987656|expert_6|30|67|abstract|progressive neurodegenerative disorder|DDF
32987656|expert_6|137|148|abstract|bradykinesia|DDF
32987656|expert_6|151|158|abstract|rigidity|DDF
32987656|expert_6|161|174|abstract|tremor at rest|DDF
32987656|expert_6|181|200|abstract|postural instability|DDF
32987656|expert_6|214|231|abstract|non-motor symptoms|DDF
32987656|expert_6|241|260|abstract|olfactory impairment|DDF
32987656|expert_6|263|266|abstract|pain|DDF
32987656|expert_6|269|289|abstract|autonomic dysfunction|DDF
32987656|expert_6|292|305|abstract|impaired sleep|DDF
32987656|expert_6|308|314|abstract|fatigue|DDF
32987656|expert_6|321|338|abstract|behavioral changes|DDF
32987656|expert_6|361|362|abstract|PD|DDF
32987656|expert_6|387|402|abstract|oxidative stress|DDF
32987656|expert_6|405|430|abstract|disruption to mitochondria|DDF
32987656|expert_6|433|470|abstract|alterations to the protein α-synuclein|DDF
32987656|expert_6|477|503|abstract|neuroinflammatory processes|DDF
32987656|expert_6|550|560|abstract|Polyphenols|chemical
32987656|expert_6|658|659|abstract|PD|DDF
32987656|expert_6|672|682|abstract|polyphenols|chemical
32987656|expert_6|738|743|abstract|humans|human
32987656|expert_6|805|806|abstract|PD|DDF
32987656|expert_6|884|894|abstract|polyphenols|chemical
32987656|expert_6|946|964|abstract|dietary polyphenols|anatomical location
32987656|expert_6|978|994|abstract|neurodegeneration|DDF
32987656|expert_6|1004|1020|abstract|progression of PD|DDF
32987656|expert_6|1023|1033|abstract|Polyphenols|chemical
32987656|expert_6|1075|1088|abstract|gut microbiome|microbiome
32987656|expert_6|1110|1121|abstract|inflammation|DDF
32987656|expert_6|1182|1192|abstract|polyphenols|chemical
32987656|expert_6|1252|1262|abstract|PD patients|human
31493127|expert_1|0|9|title|Probiotics|dietary supplement
31493127|expert_1|15|27|title|Psychobiotics|dietary supplement
31493127|expert_1|42|65|title|Microbial Neurochemicals|chemical
31493127|expert_1|656|660|abstract|brain|anatomical location
31493127|expert_1|866|873|abstract|peptides|chemical
31493127|expert_1|876|886|abstract|amino acids|chemical
31493127|expert_1|889|903|abstract|biogenic amines|chemical
31493127|expert_1|906|928|abstract|short-chain fatty acids|chemical
31493127|expert_1|1168|1177|abstract|probiotics|dietary supplement
31493127|expert_1|1211|1223|abstract|psychobiotics|dietary supplement
31493127|expert_1|1286|1296|abstract|human brain|anatomical location
31493127|expert_1|1721|1730|abstract|probiotics|dietary supplement
31568686|expert_4|87|100|title|gut microbiota|microbiome
31568686|expert_4|153|175|title|psychological disorders|DDF
31568686|expert_4|18|40|abstract|psychological disorders|DDF
31568686|expert_4|259|279|abstract|psychological illness|DDF
31568686|expert_4|362|375|abstract|gut microbiota|microbiome
31568686|expert_4|378|379|abstract|GM|microbiome
31568686|expert_4|385|405|abstract|psychological illness|DDF
31568686|expert_4|545|558|abstract|Gut microbiota|microbiome
31568686|expert_4|707|708|abstract|GM|microbiome
31568686|expert_4|731|753|abstract|psychological disorders|DDF
31568686|expert_4|880|881|abstract|GM|microbiome
31568686|expert_4|927|947|abstract|psychological illness|DDF
31568686|expert_4|1060|1061|abstract|GM|microbiome
32056910|expert_1|41|54|title|gut microbiota|microbiome
32056910|expert_1|59|65|title|anxiety|DDF
32056910|expert_1|67|76|title|depression|DDF
32056910|expert_1|82|105|title|irritable bowel syndrome|DDF
32056910|expert_1|11|17|abstract|Anxiety|DDF
32056910|expert_1|19|28|abstract|depression|DDF
32056910|expert_1|34|57|abstract|irritable bowel syndrome|DDF
32056910|expert_1|60|62|abstract|IBS|DDF
32056910|expert_1|261|268|abstract|controls|human
32056910|expert_1|405|418|abstract|gut microbiota|microbiome
32056910|expert_1|423|429|abstract|anxiety|DDF
32056910|expert_1|431|440|abstract|depression|DDF
32056910|expert_1|443|445|abstract|IBS|DDF
32056910|expert_1|509|516|abstract|controls|human
32056910|expert_1|587|589|abstract|IBS|DDF
32056910|expert_1|595|601|abstract|anxiety|DDF
32056910|expert_1|603|612|abstract|depression|DDF
32056910|expert_1|875|888|abstract|gut microbiota|microbiome
32056910|expert_1|894|920|abstract|anxiety/depression symptoms|DDF
32056910|expert_1|925|935|abstract|IBS cohorts|human
32056910|expert_1|938|949|abstract|Participants|human
32056910|expert_1|956|958|abstract|IBS|DDF
32056910|expert_1|969|995|abstract|anxiety/depression symptoms|DDF
32056910|expert_1|1035|1042|abstract|controls|human
32056910|expert_1|1048|1063|abstract|IBS-only cohorts|human
32056910|expert_1|1124|1139|abstract|IBS participants|human
32056910|expert_1|1158|1164|abstract|anxiety|DDF
32056910|expert_1|1166|1175|abstract|depression|DDF
32056910|expert_1|1186|1199|abstract|gut microbiota|microbiome
32056910|expert_1|1211|1213|abstract|IBS|DDF
32056910|expert_1|1219|1225|abstract|anxiety|DDF
32056910|expert_1|1227|1236|abstract|depression|DDF
32056910|expert_1|1267|1280|abstract|Proteobacteria|bacteria
32056910|expert_1|1283|1292|abstract|Prevotella|bacteria
32056910|expert_1|1294|1307|abstract|Prevotellaceae|bacteria
32056910|expert_1|1310|1320|abstract|Bacteroides|bacteria
32056910|expert_1|1332|1346|abstract|Lachnospiraceae|bacteria
32056910|expert_1|1360|1367|abstract|controls|human
32056910|expert_1|1623|1636|abstract|gut microbiota|microbiome
32056910|expert_1|1669|1724|abstract|gastrointestinal and anxiety/depression symptom severity|DDF
32056910|expert_1|1747|1755|abstract|dysbiosis|DDF
32056910|expert_1|1770|1772|abstract|IBS|DDF
32056910|expert_1|1886|1899|abstract|gut microbiota|microbiome
32056910|expert_1|1927|1933|abstract|anxiety|DDF
32056910|expert_1|1935|1944|abstract|depression|DDF
32056910|expert_1|1950|1952|abstract|IBS|DDF
36986165|expert_7|39|58|title|Inflammatory Process|DDF
36986165|expert_7|67|87|title|Neurological Diseases|DDF
36986165|expert_7|0|20|abstract|Neurological diseases|DDF
36986165|expert_7|56|65|abstract|disability|DDF
36986165|expert_7|140|158|abstract|Alzheimer's disease|DDF
36986165|expert_7|161|162|abstract|AD|DDF
36986165|expert_7|166|184|abstract|Parkinson's Disease|DDF
36986165|expert_7|187|188|abstract|PD|DDF
36986165|expert_7|192|204|abstract|Schizophrenia|DDF
36986165|expert_7|207|216|abstract|Depression|DDF
36986165|expert_7|223|240|abstract|Multiple Sclerosis|DDF
36986165|expert_7|243|244|abstract|MD|DDF
36986165|expert_7|375|396|abstract|inflammatory processes|DDF
36986165|expert_7|454|467|abstract|gut microbiome|microbiome
36986165|expert_7|528|548|abstract|neurological diseases|DDF
36986165|expert_7|793|804|abstract|inflammation|DDF
36986165|expert_7|860|890|abstract|central nervous system diseases|DDF
36986165|expert_7|948|953|abstract|fruits|food
36986165|expert_7|956|965|abstract|vegetables|food
36986165|expert_7|968|971|abstract|nuts|food
36986165|expert_7|974|978|abstract|herbs|food
36986165|expert_7|981|986|abstract|spices|food
36986165|expert_7|993|999|abstract|legumes|food
36986165|expert_7|1056|1074|abstract|omega-3 fatty acids|chemical
36986165|expert_7|1077|1087|abstract|polyphenols|chemical
36986165|expert_7|1090|1097|abstract|vitamins|chemical
36986165|expert_7|1100|1117|abstract|essential minerals|chemical
36986165|expert_7|1124|1133|abstract|probiotics|dietary supplement
36986165|expert_7|1169|1180|abstract|inflammation|DDF
36986165|expert_7|1260|1280|abstract|neurological diseases|DDF
36986165|expert_7|1388|1409|abstract|neurological disorders|DDF
24798884|expert_4|20|33|title|gut microbiota|microbiome
24798884|expert_4|80|84|title|brain|anatomical location
24798884|expert_4|4|24|abstract|infant gut microbiome|microbiome
24798884|expert_4|207|209|abstract|gut|anatomical location
24798884|expert_4|214|218|abstract|brain|anatomical location
24798884|expert_4|374|398|abstract|developing gut microbiota|microbiome
33244049|expert_5|98|111|abstract|gut microbiota|microbiome
33244049|expert_5|214|218|abstract|brain|anatomical location
33244049|expert_5|224|226|abstract|gut|anatomical location
33244049|expert_5|415|435|abstract|healthy Korean adults|human
33244049|expert_5|508|547|abstract|high-throughput 16S rRNA gene sequencing|biomedical technique
33244049|expert_5|634|673|abstract|Positive Affect Negative Affect Schedule|statistical technique
33244049|expert_5|676|680|abstract|PANAS|statistical technique
33244049|expert_5|688|709|abstract|cluster-based analysis|statistical technique
33244049|expert_5|762|772|abstract|Bacteroides|bacteria
33244049|expert_5|787|796|abstract|Prevotella|bacteria
33244049|expert_5|808|845|abstract|Generalized linear regression analysis|statistical technique
33244049|expert_5|956|1000|abstract|participants in the Prevotella dominant group|human
33244049|expert_5|1046|1082|abstract|participants in the Bacteroides group|human
33244049|expert_5|1125|1139|abstract|Lachnospiraceae|bacteria
33244049|expert_5|1300|1323|abstract|gut microbiota community|microbiome
33244049|expert_5|1340|1353|abstract|healthy adults|human
33244049|expert_5|1393|1406|abstract|gut microbiome|microbiome
33651324|expert_4|0|23|title|Gut microbiota dysbiosis|DDF
33651324|expert_4|70|82|title|HIV infection|DDF
33651324|expert_4|37|54|abstract|emotional distress|DDF
33651324|expert_4|59|71|abstract|HIV infection|DDF
33651324|expert_4|175|188|abstract|gut microbiome|microbiome
33651324|expert_4|193|199|abstract|persons|human
33651324|expert_4|213|215|abstract|HIV|DDF
33651324|expert_4|218|221|abstract|PLWH|human
33651324|expert_4|300|313|abstract|gut microbiome|microbiome
33651324|expert_4|346|351|abstract|adults|human
33651324|expert_4|357|360|abstract|PLWH|human
33651324|expert_4|452|463|abstract|participants|human
33651324|expert_4|469|472|abstract|PLWH|human
33651324|expert_4|798|811|abstract|gut microbiota|microbiome
33651324|expert_4|978|998|abstract|aerotolerant bacteria|bacteria
33651324|expert_4|1028|1031|abstract|PLWH|human
33651324|expert_4|1156|1159|abstract|PLWH|human
33651324|expert_4|1321|1341|abstract|aerotolerant bacteria|bacteria
33651324|expert_4|1537|1557|abstract|aerotolerant bacteria|bacteria
33651324|expert_4|1683|1703|abstract|aerotolerant bacteria|bacteria
33651324|expert_4|1712|1714|abstract|gut|anatomical location
33651324|expert_4|1793|1810|abstract|emotional distress|DDF
33651324|expert_4|1819|1831|abstract|HIV infection|DDF
33825149|expert_7|0|24|title|Gut Microbial Metabolites|chemical
33825149|expert_7|29|47|title|Parkinson's Disease|DDF
33825149|expert_7|66|90|title|Mitochondrial Dysfunction|DDF
33825149|expert_7|39|57|abstract|Parkinson's disease|DDF
33825149|expert_7|60|61|abstract|PD|DDF
33825149|expert_7|147|171|abstract|Mitochondrial dysfunction|DDF
33825149|expert_7|259|272|abstract|gut microbiome|microbiome
33825149|expert_7|378|391|abstract|gut microbiota|microbiome
33825149|expert_7|429|430|abstract|PD|DDF
33825149|expert_7|433|455|abstract|Gut microbial dysbiosis|DDF
33825149|expert_7|516|540|abstract|mitochondrial dysfunction|DDF
33825149|expert_7|563|587|abstract|gut microbial metabolites|chemical
33825149|expert_7|673|674|abstract|PD|DDF
33825149|expert_7|739|761|abstract|gut microbial dysbiosis|DDF
33825149|expert_7|766|767|abstract|PD|DDF
33825149|expert_7|787|807|abstract|microbial metabolites|chemical
33825149|expert_7|879|899|abstract|microbial metabolites|chemical
33825149|expert_7|961|981|abstract|microbial metabolites|chemical
33825149|expert_7|986|1010|abstract|mitochondrial dysfunction|DDF
33825149|expert_7|1051|1064|abstract|gut microbiota|microbiome
33825149|expert_7|1094|1095|abstract|PD|DDF
33144709|expert_1|0|3|title|Diet|food
33144709|expert_1|9|18|title|depression|DDF
33144709|expert_1|685|696|abstract|inflammation|DDF
33144709|expert_1|699|714|abstract|oxidative stress|DDF
33144709|expert_1|730|754|abstract|mitochondrial dysfunction|DDF
33144709|expert_1|761|774|abstract|gut microbiota|microbiome
33144709|expert_1|842|845|abstract|BDNF|chemical
33144709|expert_1|865|871|abstract|obesity|DDF
33144709|expert_1|1195|1232|abstract|clinically diagnosed human populations|human
36881806|expert_2|0|4|title|Brain|anatomical location
36881806|expert_2|7|9|title|Gut|anatomical location
36881806|expert_2|43|63|title|Psychiatric Disorders|DDF
36881806|expert_2|31|44|abstract|gut microbiota|microbiome
36881806|expert_2|203|216|abstract|gut microbiota|microbiome
36881806|expert_2|222|226|abstract|brain|anatomical location
36881806|expert_2|231|251|abstract|psychiatric disorders|DDF
36881806|expert_2|503|523|abstract|psychiatric disorders|DDF
36881806|expert_2|533|546|abstract|gut microbiota|microbiome
33899052|expert_5|69|87|title|Parkinson's Disease|DDF
33899052|expert_5|4|17|abstract|gut microbiome|microbiome
33899052|expert_5|47|65|abstract|Parkinson's disease|DDF
33899052|expert_5|68|69|abstract|PD|DDF
33899052|expert_5|77|88|abstract|constipation|DDF
33899052|expert_5|91|110|abstract|Chronic constipation|DDF
33899052|expert_5|142|155|abstract|motor symptoms|DDF
33899052|expert_5|189|236|abstract|osteopathic manipulative medicine (OMM) sequence|biomedical technique
33899052|expert_5|243|266|abstract|physical exam assessment|biomedical technique
33899052|expert_5|339|350|abstract|constipation|DDF
33899052|expert_5|355|356|abstract|PD|DDF
33899052|expert_5|456|469|abstract|gut microbiome|microbiome
33899052|expert_5|477|507|abstract|men and women over 40 years old|human
33899052|expert_5|514|533|abstract|chronic constipation|DDF
33899052|expert_5|539|540|abstract|PD|DDF
33899052|expert_5|573|574|abstract|PD|DDF
33899052|expert_5|661|668|abstract|subjects|human
33899052|expert_5|675|686|abstract|constipation|DDF
33899052|expert_5|752|763|abstract|constipation|DDF
33899052|expert_5|1315|1331|abstract|phylum Firmicutes|bacteria
33899052|expert_5|1442|1461|abstract|phyla Actinobacteria|bacteria
33899052|expert_5|1489|1503|abstract|Verrucomicrobia|bacteria
33899052|expert_5|1541|1555|abstract|genus Roseburia|bacteria
33899052|expert_5|1580|1593|abstract|Intestinimonas|bacteria
33899052|expert_5|1621|1633|abstract|Anaerotruncus|bacteria
33899052|expert_5|1660|1673|abstract|gut microbiome|microbiome
33899052|expert_5|1689|1699|abstract|individuals|human
33899052|expert_5|1706|1717|abstract|constipation|DDF
33899052|expert_5|1723|1724|abstract|PD|DDF
33899052|expert_5|1764|1775|abstract|OMM-sequence|biomedical technique
33899052|expert_5|1793|1815|abstract|gut microbiome Post-OMM|microbiome
33899052|expert_5|1922|1935|abstract|gut microbiome|microbiome
33899052|expert_5|1968|1969|abstract|PD|DDF
33899052|expert_5|2020|2027|abstract|patients|human
33899052|expert_5|2034|2035|abstract|PD|DDF
33899052|expert_5|2041|2052|abstract|constipation|DDF
32772900|expert_5|0|11|title|Gut microbes|microbiome
32772900|expert_5|16|57|title|neurocognitive and mental health disorders|DDF
32772900|expert_5|3|13|abstract|individuals|human
32772900|expert_5|38|79|abstract|neurocognitive and mental health disorders|DDF
32772900|expert_5|307|320|abstract|Gut Microbiome|microbiome
32772900|expert_5|323|324|abstract|GM|microbiome
32772900|expert_5|331|349|abstract|microbial dysbiosis|DDF
32772900|expert_5|392|433|abstract|mental health and neurocognitive disorders|DDF
32772900|expert_5|444|453|abstract|depression|DDF
32772900|expert_5|456|462|abstract|anxiety|DDF
32772900|expert_5|465|493|abstract|obsessive-compulsive disorder|DDF
32772900|expert_5|496|498|abstract|OCD|DDF
32772900|expert_5|502|531|abstract|post-traumatic stress disorder|DDF
32772900|expert_5|534|537|abstract|PTSD|DDF
32772900|expert_5|541|553|abstract|schizophrenia|DDF
32772900|expert_5|556|571|abstract|bipolar disorder|DDF
32772900|expert_5|574|575|abstract|BP|DDF
32772900|expert_5|583|590|abstract|dementia|DDF
32772900|expert_5|607|656|abstract|behavioural and psychological symptoms of dementia|DDF
32772900|expert_5|659|662|abstract|BPSD|DDF
32772900|expert_5|759|772|abstract|gut microbiota|microbiome
32772900|expert_5|777|818|abstract|neurocognitive and mental health disorders|DDF
32772900|expert_5|903|916|abstract|gut microbiota|microbiome
32772900|expert_5|944|985|abstract|neurocognitive and mental health disorders|DDF
32772900|expert_5|1027|1039|abstract|psychotropics|drug
32772900|expert_5|1108|1109|abstract|GM|microbiome
32772900|expert_5|1168|1177|abstract|probiotics|dietary supplement
32772900|expert_5|1480|1492|abstract|Gut dysbiosis|DDF
32772900|expert_5|1547|1570|abstract|psychotropic medications|drug
32772900|expert_5|1601|1614|abstract|gut microbiota|microbiome
31722343|expert_1|4|17|title|Gut Microbiome|microbiome
31722343|expert_1|22|37|title|Bipolar Disorder|DDF
31722343|expert_1|4|17|abstract|gut microbiome|microbiome
31722343|expert_1|194|196|abstract|gut|anatomical location
31722343|expert_1|335|348|abstract|gut microbiota|microbiome
31722343|expert_1|358|362|abstract|brain|anatomical location
31722343|expert_1|461|472|abstract|gut bacteria|bacteria
31722343|expert_1|498|505|abstract|Patients|human
31722343|expert_1|512|527|abstract|bipolar disorder|DDF
31722343|expert_1|563|588|abstract|gastrointestinal illnesses|DDF
31722343|expert_1|598|623|abstract|inflammatory bowel disease|DDF
31722343|expert_1|972|985|abstract|gut microbiota|microbiome
31722343|expert_1|1077|1088|abstract|inflammation|DDF
31722343|expert_1|1095|1107|abstract|mood symptoms|DDF
27900676|expert_1|58|70|title|Schizophrenia|DDF
27900676|expert_1|17|29|abstract|schizophrenia|DDF
27900676|expert_1|152|181|abstract|Chronic low-grade inflammation|DDF
27900676|expert_1|215|227|abstract|schizophrenia|DDF
27900676|expert_1|396|420|abstract|immune-mediated disorders|DDF
27900676|expert_1|464|489|abstract|neuropsychiatric disorders|DDF
27900676|expert_1|510|518|abstract|cytokines|chemical
27900676|expert_1|570|591|abstract|schizophrenia patients|human
27900676|expert_1|721|734|abstract|gut microbiota|microbiome
27900676|expert_1|890|902|abstract|schizophrenia|DDF
27900676|expert_1|1179|1186|abstract|patients|human
26190966|expert_4|8|24|title|neuroinflammation|DDF
26190966|expert_4|99|105|title|obesity|DDF
26190966|expert_4|0|6|abstract|Obesity|DDF
26190966|expert_4|48|61|abstract|mood disorders|DDF
26190966|expert_4|67|88|abstract|cognitive dysfunctions|DDF
26190966|expert_4|180|202|abstract|cardiovascular diseases|DDF
26190966|expert_4|208|222|abstract|type 2 diabetes|DDF
26190966|expert_4|407|413|abstract|obesity|DDF
26190966|expert_4|493|522|abstract|peripheral and brain disorders|DDF
26190966|expert_4|544|550|abstract|obesity|DDF
26190966|expert_4|591|625|abstract|emotional and cognitive alterations|DDF
26190966|expert_4|663|669|abstract|obesity|DDF
26190966|expert_4|691|723|abstract|peripheral low-grade inflammation|DDF
26190966|expert_4|780|788|abstract|dysbiosis|DDF
26190966|expert_4|887|910|abstract|immune-mediated diseases|DDF
26190966|expert_4|973|979|abstract|obesity|DDF
26190966|expert_4|1012|1028|abstract|neuroinflammation|DDF
26190966|expert_4|1041|1051|abstract|dysfunction|DDF
26190966|expert_4|1056|1079|abstract|vulnerable brain regions|anatomical location
26190966|expert_4|1147|1157|abstract|hippocampus|anatomical location
26190966|expert_4|1265|1279|abstract|brain disorders|DDF
26190966|expert_4|1299|1305|abstract|obesity|DDF
26190966|expert_4|1397|1426|abstract|neuropsychiatric complications|DDF
26190966|expert_4|1446|1459|abstract|obese patients|human
35722294|expert_7|59|77|title|Parkinson's Disease|DDF
35722294|expert_7|85|91|title|Blautia|bacteria
35722294|expert_7|136|140|title|Brain|anatomical location
35722294|expert_7|19|32|abstract|gut microbiome|microbiome
35722294|expert_7|38|56|abstract|Parkinson's disease|DDF
35722294|expert_7|59|60|abstract|PD|DDF
35722294|expert_7|215|216|abstract|PD|DDF
35722294|expert_7|321|325|abstract|brain|anatomical location
35722294|expert_7|576|580|abstract|brain|anatomical location
35722294|expert_7|637|652|abstract|fecal microbiota|microbiome
35722294|expert_7|691|695|abstract|brain|anatomical location
35722294|expert_7|715|721|abstract|Blautia|bacteria
35722294|expert_7|795|799|abstract|brain|anatomical location
35722294|expert_7|812|822|abstract|PD patients|human
35722294|expert_7|943|952|abstract|host genes|gene
35722294|expert_7|973|979|abstract|Blautia|bacteria
35722294|expert_7|1085|1110|abstract|neurodegenerative diseases|DDF
35722294|expert_7|1113|1116|abstract|NDDs|DDF
35722294|expert_7|1123|1140|abstract|metabolic diseases|DDF
35722294|expert_7|1145|1168|abstract|random forest classifier|statistical technique
35722294|expert_7|1230|1236|abstract|Blautia|bacteria
35722294|expert_7|1304|1314|abstract|PD patients|human
35722294|expert_7|1321|1328|abstract|controls|human
35722294|expert_7|1331|1392|abstract|receiver operating characteristic (ROC)-area under curve (AUC)|statistical technique
35722294|expert_7|1403|1434|abstract|precision-recall curve (PRC)-AUC|statistical technique
35722294|expert_7|1566|1570|abstract|brain|anatomical location
35722294|expert_7|1575|1585|abstract|PD patients|human
35722294|expert_7|1606|1612|abstract|Blautia|bacteria
35722294|expert_7|1655|1656|abstract|PD|DDF
35722294|expert_7|1726|1732|abstract|Blautia|bacteria
35722294|expert_7|1767|1768|abstract|PD|DDF
38260914|expert_4|0|6|title|Rosacea|DDF
38260914|expert_4|24|33|title|probiotics|dietary supplement
38260914|expert_4|0|6|abstract|Rosacea|DDF
38260914|expert_4|14|38|abstract|inflammatory skin disease|DDF
38260914|expert_4|221|227|abstract|rosacea|DDF
38260914|expert_4|291|302|abstract|inflammation|DDF
38260914|expert_4|320|351|abstract|vascular and nervous alterations|DDF
38260914|expert_4|489|511|abstract|skin and gut microbiota|microbiome
38260914|expert_4|521|546|abstract|inflammatory skin diseases|DDF
38260914|expert_4|556|572|abstract|atopic dermatitis|DDF
38260914|expert_4|575|583|abstract|psoriasis|DDF
38260914|expert_4|589|595|abstract|rosacea|DDF
38260914|expert_4|640|665|abstract|next-generation sequencing|biomedical technique
38260914|expert_4|781|803|abstract|gut and skin microbiota|microbiome
38260914|expert_4|844|851|abstract|patients|human
38260914|expert_4|858|864|abstract|rosacea|DDF
38260914|expert_4|913|938|abstract|inflammatory skin diseases|DDF
38260914|expert_4|948|964|abstract|atopic dermatitis|DDF
38260914|expert_4|969|977|abstract|psoriasis|DDF
38260914|expert_4|1019|1026|abstract|patients|human
38260914|expert_4|1033|1039|abstract|rosacea|DDF
38260914|expert_4|1113|1126|abstract|symptomatology|DDF
38260914|expert_4|1142|1150|abstract|flare-ups|DDF
38260914|expert_4|1170|1194|abstract|probiotic supplementation|dietary supplement
38260914|expert_4|1242|1249|abstract|patients|human
38260914|expert_4|1467|1473|abstract|rosacea|DDF
38260914|expert_4|1502|1524|abstract|skin and gut microbiota|microbiome
38260914|expert_4|1546|1553|abstract|patients|human
34032650|expert_7|0|12|title|Psychobiotics|bacteria
34032650|expert_7|34|48|title|Antidepressants|drug
34032650|expert_7|103|124|abstract|gastrointestinal tract|anatomical location
34032650|expert_7|274|285|abstract|gut bacteria|bacteria
34032650|expert_7|347|351|abstract|brain|anatomical location
34032650|expert_7|505|514|abstract|depression|DDF
34032650|expert_7|525|538|abstract|gut microbiota|microbiome
34032650|expert_7|593|600|abstract|patients|human
34032650|expert_7|607|622|abstract|major depression|DDF
34032650|expert_7|682|688|abstract|rodents|animal
34032650|expert_7|729|745|abstract|depressed patient|human
34032650|expert_7|845|857|abstract|psychobiotics|bacteria
34032650|expert_7|932|950|abstract|healthy populations|human
34032650|expert_7|959|966|abstract|patients|human
34032650|expert_7|973|982|abstract|depression|DDF
34032650|expert_7|996|1008|abstract|psychobiotics|bacteria
34032650|expert_7|1042|1051|abstract|depression|DDF
34032650|expert_7|1187|1194|abstract|patients|human
34032650|expert_7|1201|1210|abstract|depression|DDF
34032650|expert_7|1232|1241|abstract|depression|DDF
34032650|expert_7|1317|1322|abstract|grains|food
34032650|expert_7|1324|1329|abstract|fibres|food
34032650|expert_7|1332|1346|abstract|fermented foods|food
34032650|expert_7|1353|1356|abstract|fish|food
34032650|expert_7|1426|1439|abstract|gut microbiota|microbiome
34277527|expert_7|123|127|title|Brain|anatomical location
34277527|expert_7|241|268|abstract|neurodevelopmental disorders|DDF
34277527|expert_7|271|274|abstract|NDDs|DDF
34277527|expert_7|396|419|abstract|neurological alterations|DDF
34277527|expert_7|506|519|abstract|gut microbiota|microbiome
34277527|expert_7|662|684|abstract|mental-health disorders|DDF
34277527|expert_7|692|715|abstract|nutritional deficiencies|DDF
34277527|expert_7|721|746|abstract|gut microbiota alterations|DDF
34277527|expert_7|768|771|abstract|NDDs|DDF
34277527|expert_7|974|977|abstract|NDDs|DDF
34277527|expert_7|1028|1041|abstract|gut microbiota|microbiome
34277527|expert_7|1482|1495|abstract|gut microbiota|microbiome
34277527|expert_7|1665|1678|abstract|gut microbiota|microbiome
34277527|expert_7|1785|1798|abstract|gut microbiota|microbiome
34277527|expert_7|1956|1959|abstract|NDDs|DDF
34277527|expert_7|2079|2092|abstract|gut microbiome|microbiome
36216056|expert_4|11|34|title|urban particulate matter|chemical
36216056|expert_4|39|52|title|gut microbiome|microbiome
36216056|expert_4|58|92|title|partial schizophrenia-like symptoms|DDF
36216056|expert_4|97|100|title|mice|animal
36216056|expert_4|117|135|title|shotgun metagenomic|biomedical technique
36216056|expert_4|141|161|title|metabolomic profiling|biomedical technique
36216056|expert_4|39|56|abstract|particulate matter|chemical
36216056|expert_4|59|60|abstract|PM|chemical
36216056|expert_4|93|105|abstract|schizophrenia|DDF
36216056|expert_4|108|110|abstract|SCZ|DDF
36216056|expert_4|134|147|abstract|gut microbiome|microbiome
36216056|expert_4|165|167|abstract|SCZ|DDF
36216056|expert_4|206|207|abstract|PM|chemical
36216056|expert_4|217|233|abstract|SCZ-like symptoms|DDF
36216056|expert_4|243|256|abstract|gut microbiome|microbiome
36216056|expert_4|287|315|abstract|multi-omics animal experiment|biomedical technique
36216056|expert_4|345|352|abstract|urban PM|chemical
36216056|expert_4|362|378|abstract|SCZ-like behavior|DDF
36216056|expert_4|392|405|abstract|gut microbiota|microbiome
36216056|expert_4|465|468|abstract|mice|animal
36216056|expert_4|589|599|abstract|PM solution|chemical
36216056|expert_4|602|621|abstract|sterile PBS solution|chemical
36216056|expert_4|656|660|abstract|MK801|chemical
36216056|expert_4|753|771|abstract|multi-omics testing|biomedical technique
36216056|expert_4|774|803|abstract|shotgun metagenomic sequencing|biomedical technique
36216056|expert_4|809|840|abstract|untargeted metabolomic profiling|biomedical technique
36216056|expert_4|856|870|abstract|open field test|biomedical technique
36216056|expert_4|873|892|abstract|tail suspension test|biomedical technique
36216056|expert_4|899|920|abstract|passive avoidance test|biomedical technique
36216056|expert_4|932|947|abstract|fecal microbiome|microbiome
36216056|expert_4|1003|1022|abstract|pseudo-sterile" mice|animal
36216056|expert_4|1030|1045|abstract|behavioral tests|biomedical technique
36216056|expert_4|1087|1090|abstract|mice|animal
36216056|expert_4|1095|1102|abstract|PM group|animal
36216056|expert_4|1172|1183|abstract|excitability|DDF
36216056|expert_4|1186|1192|abstract|anxiety|DDF
36216056|expert_4|1237|1238|abstract|PM|chemical
36216056|expert_4|1299|1313|abstract|Verrucomicrobia|bacteria
36216056|expert_4|1337|1349|abstract|Fibrobacteres|bacteria
36216056|expert_4|1405|1411|abstract|estriol|chemical
36216056|expert_4|1414|1435|abstract|16-glucuronide-estriol|chemical
36216056|expert_4|1441|1457|abstract|21-desoxycortisol|chemical
36216056|expert_4|1484|1497|abstract|phosphocholine|chemical
36216056|expert_4|1530|1531|abstract|PM|chemical
36216056|expert_4|1543|1557|abstract|Verrucomicrobia|bacteria
36216056|expert_4|1603|1609|abstract|estriol|chemical
36216056|expert_4|1677|1689|abstract|Fibrobacteres|bacteria
36216056|expert_4|1695|1713|abstract|Deinococcus-Thermus|bacteria
36216056|expert_4|1760|1773|abstract|phosphocholine|chemical
36216056|expert_4|1851|1857|abstract|anxiety|DDF
36216056|expert_4|1898|1910|abstract|PM group mice|animal
36216056|expert_4|1940|1946|abstract|anxiety|DDF
36216056|expert_4|1970|1971|abstract|PM|chemical
36216056|expert_4|1999|2012|abstract|gut microbiome|microbiome
36216056|expert_4|2127|2144|abstract|SCZ-like behaviors|DDF
36216056|expert_4|2159|2172|abstract|gut microbiome|microbiome
37834373|expert_4|44|60|title|Neuroinflammation|DDF
37834373|expert_4|66|82|title|Neurodegeneration|DDF
37834373|expert_4|4|17|abstract|gut microbiome|microbiome
37834373|expert_4|216|239|abstract|immune-mediated diseases|DDF
37834373|expert_4|260|274|abstract|digestive tract|anatomical location
37834373|expert_4|365|367|abstract|gut|anatomical location
37834373|expert_4|436|449|abstract|gut microbiota|microbiome
37834373|expert_4|474|499|abstract|neurodegenerative diseases|DDF
37834373|expert_4|577|589|abstract|gut dysbiosis|DDF
37834373|expert_4|712|725|abstract|gut microbiota|microbiome
37834373|expert_4|730|756|abstract|multiple sclerosis patients|human
37834373|expert_4|817|841|abstract|pro-inflammatory bacteria|bacteria
37834373|expert_4|876|894|abstract|microbial community|microbiome
37834373|expert_4|936|954|abstract|Parkinson's disease|DDF
37834373|expert_4|960|978|abstract|Alzheimer's disease|DDF
37834373|expert_4|1027|1052|abstract|neurodegenerative diseases|DDF
37834373|expert_4|1145|1165|abstract|microbial metabolites|chemical
37834373|expert_4|1193|1220|abstract|host-derived soluble factors|chemical
37834373|expert_4|1367|1380|abstract|gut microbiota|microbiome
37834373|expert_4|1436|1452|abstract|neuroinflammation|DDF
37834373|expert_4|1458|1474|abstract|neurodegeneration|DDF
34002020|expert_4|84|104|title|anhedonia/amotivation|DDF
34002020|expert_4|0|8|abstract|Anhedonia|DDF
34002020|expert_4|14|24|abstract|amotivation|DDF
34002020|expert_4|395|415|abstract|anhedonia/amotivation|DDF
34002020|expert_4|494|508|abstract|volunteer twins|human
34002020|expert_4|583|608|abstract|multilevel mediation model|statistical technique
34002020|expert_4|783|819|abstract|endocannabinoid palmitoylethanolamide|chemical
34002020|expert_4|822|824|abstract|PEA|chemical
34002020|expert_4|844|864|abstract|anhedonia/amotivation|DDF
34002020|expert_4|878|880|abstract|PEA|chemical
34002020|expert_4|925|935|abstract|cannabidiol|chemical
34002020|expert_4|1281|1301|abstract|anhedonia amotivation|DDF
34002020|expert_4|1331|1337|abstract|obesity|DDF
34002020|expert_4|1433|1472|abstract|multiple imputation by chained equations|statistical technique
34002020|expert_4|1523|1529|abstract|females|human
34002020|expert_4|1604|1624|abstract|anhedonia/amotivation|DDF
34002020|expert_4|1709|1745|abstract|endocannabinoid palmitoylethanolamide|chemical
34002020|expert_4|1748|1750|abstract|PEA|chemical
34002020|expert_4|1980|2000|abstract|anhedonia/amotivation|DDF
31704402|expert_4|74|87|title|gut microbiome|microbiome
31704402|expert_4|128|131|title|mice|animal
31704402|expert_4|197|219|abstract|mental health disorders|DDF
31704402|expert_4|503|521|abstract|airborne microbiota|microbiome
31704402|expert_4|709|723|abstract|host microbiota|microbiome
31704402|expert_4|915|934|abstract|mouse gut microbiota|microbiome
31704402|expert_4|1021|1024|abstract|mice|animal
31704402|expert_4|1056|1059|abstract|mice|animal
31704402|expert_4|1069|1075|abstract|females|animal
31704402|expert_4|1081|1085|abstract|males|animal
31704402|expert_4|1187|1206|abstract|Kineothrix alysoides|bacteria
31704402|expert_4|1253|1267|abstract|gut microbiomes|microbiome
31704402|expert_4|1272|1303|abstract|high biodiversity treatment mice|animal
31704402|expert_4|1388|1409|abstract|anxiety-like behaviour|DDF
31704402|expert_4|1423|1434|abstract|anxious mice|animal
31704402|expert_4|1561|1587|abstract|butyrate-producing bacteria|bacteria
31704402|expert_4|1616|1639|abstract|mammalian gut microbiome|microbiome
35327401|expert_7|37|50|title|Gut Microbiota|microbiome
35327401|expert_7|69|94|title|Neurodegenerative Diseases|DDF
35327401|expert_7|37|50|abstract|gut microbiota|microbiome
35327401|expert_7|124|130|abstract|mammals|animal
35327401|expert_7|224|247|abstract|mammalian gut microbiome|microbiome
35327401|expert_7|254|262|abstract|fruit fly|animal
35327401|expert_7|268|290|abstract|Drosophila melanogaster|animal
35327401|expert_7|459|468|abstract|Drosophila|animal
35327401|expert_7|764|803|abstract|human related neurodegenerative diseases|DDF
35327401|expert_7|812|830|abstract|Alzheimer's disease|DDF
35327401|expert_7|836|854|abstract|Parkinson's disease|DDF
35327401|expert_7|942|955|abstract|gut microbiota|microbiome
35327401|expert_7|963|972|abstract|Drosophila|animal
35327401|expert_7|1026|1051|abstract|neurodegenerative diseases|DDF
34520319|expert_3|28|41|title|gut microbiota|microbiome
34520319|expert_3|59|77|title|Alzheimer's disease|DDF
34520319|expert_3|56|69|abstract|gut microbiota|microbiome
34520319|expert_3|72|73|abstract|GM|microbiome
34520319|expert_3|91|109|abstract|Alzheimer's disease|DDF
34520319|expert_3|112|113|abstract|AD|DDF
34520319|expert_3|125|135|abstract|individuals|human
34520319|expert_3|142|166|abstract|mild cognitive impairment|DDF
34520319|expert_3|169|171|abstract|MCI|DDF
34520319|expert_3|184|220|abstract|impaired sleep and circadian patterns|DDF
34520319|expert_3|245|246|abstract|AD|DDF
34520319|expert_3|255|291|abstract|sleep and circadian rhythm disruption|DDF
34520319|expert_3|294|297|abstract|SCRD|DDF
34520319|expert_3|327|335|abstract|β-amyloid|chemical
34520319|expert_3|338|339|abstract|Aβ|chemical
34520319|expert_3|407|408|abstract|AD|DDF
34520319|expert_3|452|453|abstract|GM|microbiome
34520319|expert_3|519|522|abstract|SCRD|DDF
34520319|expert_3|651|664|abstract|GM alterations|DDF
34520319|expert_3|700|701|abstract|AD|DDF
34520319|expert_3|704|733|abstract|sleep and circadian disruption|DDF
34520319|expert_3|788|801|abstract|GM alterations|DDF
34520319|expert_3|979|992|abstract|GM alterations|DDF
34520319|expert_3|1083|1086|abstract|SCRD|DDF
34520319|expert_3|1092|1093|abstract|GM|microbiome
