pmid|annotator|subject_start_idx|subject_end_idx|subject_location|subject_text_span|subject_label|predicate|object_start_idx|object_end_idx|object_location|object_text_span|object_label
35654142|expert_3|220|230|abstract|PD symptoms|DDF|target|235|238|abstract|mice|animal
32816830|expert_3|39|62|title|irritable bowel syndrome|DDF|target|27|32|title|people|human
32816830|expert_3|154|177|abstract|irritable bowel syndrome|DDF|target|142|147|abstract|people|human
32816830|expert_3|180|182|abstract|IBS|DDF|target|142|147|abstract|people|human
32816830|expert_3|716|718|abstract|IBS|DDF|target|704|709|abstract|people|human
32816830|expert_3|1002|1004|abstract|IBS|DDF|target|988|995|abstract|patients|human
30659564|expert_7|51|64|title|gut microbiota|microbiome|is linked to|70|90|title|psychiatric disorders|DDF
30659564|expert_7|336|349|abstract|gut microbiota|microbiome|is linked to|355|370|abstract|mental disorders|DDF
30659564|expert_7|336|349|abstract|gut microbiota|microbiome|is linked to|937|952|abstract|mental disorders|DDF
30659564|expert_7|751|764|abstract|gut microbiome|microbiome|is linked to|789|795|abstract|obesity|DDF
30659564|expert_7|751|764|abstract|gut microbiome|microbiome|is linked to|801|839|abstract|inflammatory gastrointestinal disorders|DDF
30659564|expert_7|918|931|abstract|gut microbiota|microbiome|is linked to|937|952|abstract|mental disorders|DDF
30659564|expert_7|918|931|abstract|gut microbiota|microbiome|is linked to|978|987|abstract|depression|DDF
30659564|expert_7|918|931|abstract|gut microbiota|microbiome|is linked to|993|1006|abstract|chronic stress|DDF
38283894|expert_5|51|75|title|autism spectrum disorders|DDF|target|21|28|title|children|human
38283894|expert_5|51|75|title|autism spectrum disorders|DDF|target|34|44|title|adolescents|human
38283894|expert_5|121|134|title|trace elements|chemical|located in|21|28|title|children|human
38283894|expert_5|121|134|title|trace elements|chemical|located in|34|44|title|adolescents|human
38283894|expert_5|121|134|title|trace elements|chemical|located in|81|96|title|healthy controls|human
38283894|expert_5|0|23|abstract|Autism spectrum disorder|DDF|target|21|28|title|children|human
38283894|expert_5|0|23|abstract|Autism spectrum disorder|DDF|target|34|44|title|adolescents|human
38283894|expert_5|26|28|abstract|ASD|DDF|target|21|28|title|children|human
38283894|expert_5|26|28|abstract|ASD|DDF|target|34|44|title|adolescents|human
38283894|expert_5|412|425|abstract|trace elements|chemical|located in|459|466|abstract|children|human
38283894|expert_5|412|425|abstract|trace elements|chemical|located in|508|523|abstract|control subjects|human
38283894|expert_5|473|496|abstract|autism spectrum disorder|DDF|target|459|466|abstract|children|human
38283894|expert_5|499|501|abstract|ASD|DDF|target|459|466|abstract|children|human
38283894|expert_5|1394|1396|abstract|ASD|DDF|target|1380|1387|abstract|children|human
38283894|expert_5|1432|1439|abstract|oxytocin|chemical|located in|1380|1387|abstract|children|human
38283894|expert_5|1522|1525|abstract|iron|chemical|located in|1380|1387|abstract|children|human
38283894|expert_5|1570|1573|abstract|zinc|chemical|located in|1380|1387|abstract|children|human
38283894|expert_5|1646|1660|abstract|Bifidobacterium|bacteria|located in|1380|1387|abstract|children|human
38283894|expert_5|1711|1725|abstract|Parabacteroides|bacteria|located in|1380|1387|abstract|children|human
38283894|expert_5|1787|1804|abstract|c-reactive protein|chemical|located in|1380|1387|abstract|children|human
38283894|expert_5|1807|1809|abstract|CRP|chemical|located in|1380|1387|abstract|children|human
38283894|expert_5|1851|1854|abstract|GABA|chemical|located in|1380|1387|abstract|children|human
38283894|expert_5|1928|1938|abstract|Bacteroides|bacteria|located in|1380|1387|abstract|children|human
38283894|expert_5|1986|1996|abstract|Clostridium|bacteria|located in|1380|1387|abstract|children|human
38283894|expert_5|2249|2251|abstract|ASD|DDF|target|2235|2242|abstract|Children|human
38283894|expert_5|2289|2291|abstract|CRP|chemical|located in|2235|2242|abstract|Children|human
38283894|expert_5|2289|2291|abstract|CRP|chemical|located in|2544|2551|abstract|controls|human
38283894|expert_5|2297|2300|abstract|GABA|chemical|located in|2235|2242|abstract|Children|human
38283894|expert_5|2297|2300|abstract|GABA|chemical|located in|2544|2551|abstract|controls|human
38283894|expert_5|2319|2326|abstract|oxytocin|chemical|located in|2235|2242|abstract|Children|human
38283894|expert_5|2319|2326|abstract|oxytocin|chemical|located in|2544|2551|abstract|controls|human
38283894|expert_5|2329|2332|abstract|iron|chemical|located in|2235|2242|abstract|Children|human
38283894|expert_5|2329|2332|abstract|iron|chemical|located in|2544|2551|abstract|controls|human
38283894|expert_5|2339|2342|abstract|zinc|chemical|located in|2235|2242|abstract|Children|human
38283894|expert_5|2339|2342|abstract|zinc|chemical|located in|2544|2551|abstract|controls|human
38283894|expert_5|2376|2390|abstract|Bifidobacterium|bacteria|located in|2235|2242|abstract|Children|human
38283894|expert_5|2376|2390|abstract|Bifidobacterium|bacteria|located in|2544|2551|abstract|controls|human
38283894|expert_5|2403|2417|abstract|Parabacteroides|bacteria|located in|2235|2242|abstract|Children|human
38283894|expert_5|2403|2417|abstract|Parabacteroides|bacteria|located in|2544|2551|abstract|controls|human
38283894|expert_5|2460|2475|abstract|Faecalibacterium|bacteria|located in|2235|2242|abstract|Children|human
38283894|expert_5|2460|2475|abstract|Faecalibacterium|bacteria|located in|2544|2551|abstract|controls|human
38283894|expert_5|2485|2495|abstract|Bacteroides|bacteria|located in|2235|2242|abstract|Children|human
38283894|expert_5|2485|2495|abstract|Bacteroides|bacteria|located in|2544|2551|abstract|controls|human
38283894|expert_5|2509|2519|abstract|Clostridium|bacteria|located in|2235|2242|abstract|Children|human
38283894|expert_5|2509|2519|abstract|Clostridium|bacteria|located in|2544|2551|abstract|controls|human
36072680|expert_6|0|23|abstract|Irritable bowel syndrome|DDF|is a|84|110|abstract|chronic debilitating issues|DDF
36072680|expert_6|26|28|abstract|IBS|DDF|is a|84|110|abstract|chronic debilitating issues|DDF
36072680|expert_6|261|274|abstract|gut microbiota|microbiome|is linked to|360|374|abstract|gastroenteritis|DDF
36072680|expert_6|261|274|abstract|gut microbiota|microbiome|is linked to|377|382|abstract|stress|DDF
36072680|expert_6|1125|1127|abstract|IBS|DDF|target|1111|1118|abstract|patients|human
37127945|expert_4|947|948|abstract|BD|DDF|change abundance|884|896|abstract|Lactobacillus|bacteria
37127945|expert_4|947|948|abstract|BD|DDF|change abundance|899|914|abstract|Faecalibacterium|bacteria
37127945|expert_4|947|948|abstract|BD|DDF|change abundance|921|932|abstract|Ruminococcus|bacteria
37127945|expert_4|1089|1113|abstract|Probiotic supplementation|dietary supplement|influence|1187|1205|abstract|depressive symptoms|DDF
37127945|expert_4|1089|1113|abstract|Probiotic supplementation|dietary supplement|influence|1211|1231|abstract|cognitive impairments|DDF
37127945|expert_4|1187|1205|abstract|depressive symptoms|DDF|target|1239|1246|abstract|patients|human
37127945|expert_4|1211|1231|abstract|cognitive impairments|DDF|target|1239|1246|abstract|patients|human
37127945|expert_4|1253|1254|abstract|BD|DDF|target|1239|1246|abstract|patients|human
37127945|expert_4|1673|1674|abstract|BD|DDF|target|1659|1666|abstract|patients|human
36411639|expert_4|114|125|abstract|Gut microbes|bacteria|influence|150|174|abstract|gastrointestinal diseases|DDF
36411639|expert_4|114|125|abstract|Gut microbes|bacteria|influence|181|207|abstract|ulcer stomach and intestine|DDF
36411639|expert_4|114|125|abstract|Gut microbes|bacteria|influence|213|236|abstract|irritable bowel syndrome|DDF
36411639|expert_4|399|431|abstract|Gut microbial-derived metabolites|chemical|influence|464|484|abstract|neurological diseases|DDF
36411639|expert_4|399|431|abstract|Gut microbial-derived metabolites|chemical|influence|494|512|abstract|Alzheimer's disease|DDF
36411639|expert_4|399|431|abstract|Gut microbial-derived metabolites|chemical|influence|515|533|abstract|Parkinson's disease|DDF
32545788|expert_6|92|101|abstract|dead cells|chemical|influence|0|11|abstract|Inflammation|DDF
32545788|expert_6|104|112|abstract|irritants|chemical|influence|0|11|abstract|Inflammation|DDF
32545788|expert_6|117|125|abstract|pathogens|chemical|influence|0|11|abstract|Inflammation|DDF
32545788|expert_6|688|705|abstract|NLRP3 inflammasome|chemical|influence|943|963|abstract|metabolic pathologies|DDF
32545788|expert_6|688|705|abstract|NLRP3 inflammasome|chemical|influence|966|972|abstract|obesity|DDF
32545788|expert_6|688|705|abstract|NLRP3 inflammasome|chemical|influence|975|989|abstract|type 2 diabetes|DDF
32545788|expert_6|688|705|abstract|NLRP3 inflammasome|chemical|influence|992|1006|abstract|atherosclerosis|DDF
32545788|expert_6|688|705|abstract|NLRP3 inflammasome|chemical|influence|1010|1032|abstract|cardiovascular diseases|DDF
32545788|expert_6|688|705|abstract|NLRP3 inflammasome|chemical|influence|1035|1073|abstract|ischemic and non-ischemic heart disease|DDF
32545788|expert_6|688|705|abstract|NLRP3 inflammasome|chemical|influence|1077|1095|abstract|inflammatory issues|DDF
32545788|expert_6|688|705|abstract|NLRP3 inflammasome|chemical|influence|1098|1111|abstract|liver diseases|DDF
32545788|expert_6|688|705|abstract|NLRP3 inflammasome|chemical|influence|1114|1140|abstract|inflammatory bowel diseases|DDF
32545788|expert_6|688|705|abstract|NLRP3 inflammasome|chemical|influence|1159|1178|abstract|rheumatoid arthritis|DDF
32545788|expert_6|688|705|abstract|NLRP3 inflammasome|chemical|influence|1185|1204|abstract|neurologic disorders|DDF
32545788|expert_6|688|705|abstract|NLRP3 inflammasome|chemical|influence|1207|1225|abstract|Parkinson's disease|DDF
32545788|expert_6|688|705|abstract|NLRP3 inflammasome|chemical|influence|1228|1246|abstract|Alzheimer's disease|DDF
32545788|expert_6|688|705|abstract|NLRP3 inflammasome|chemical|influence|1249|1266|abstract|multiple sclerosis|DDF
32545788|expert_6|688|705|abstract|NLRP3 inflammasome|chemical|influence|1269|1297|abstract|amyotrophic lateral sclerosis|DDF
32545788|expert_6|688|705|abstract|NLRP3 inflammasome|chemical|influence|1309|1330|abstract|neurological disorders|DDF
30072879|expert_2|0|16|abstract|Motor dysfunction|DDF|affect|35|53|abstract|Parkinson's disease|DDF
30072879|expert_2|0|16|abstract|Motor dysfunction|DDF|affect|56|57|abstract|PD|DDF
30072879|expert_2|35|53|abstract|Parkinson's disease|DDF|target|948|967|abstract|female and male mice|animal
30072879|expert_2|97|124|abstract|gastrointestinal dysfunction|DDF|affect|56|57|abstract|PD|DDF
30072879|expert_2|97|124|abstract|gastrointestinal dysfunction|DDF|affect|35|53|abstract|Parkinson's disease|DDF
30072879|expert_2|182|195|abstract|gut microbiome|microbiome|is linked to|241|255|abstract|PD pathogenesis|DDF
30072879|expert_2|752|784|abstract|metabotropic glutamate receptor 8|chemical|interact|852|895|abstract|1-methyl-4-phenyl-1,2,3,6-tetrahydropyridine|chemical
30072879|expert_2|752|784|abstract|metabotropic glutamate receptor 8|chemical|interact|898|901|abstract|MPTP|chemical
30072879|expert_2|787|791|abstract|mGlu8|chemical|interact|852|895|abstract|1-methyl-4-phenyl-1,2,3,6-tetrahydropyridine|chemical
30072879|expert_2|787|791|abstract|mGlu8|chemical|interact|898|901|abstract|MPTP|chemical
30072879|expert_2|795|808|abstract|group III mGlu|chemical|interact|852|895|abstract|1-methyl-4-phenyl-1,2,3,6-tetrahydropyridine|chemical
30072879|expert_2|795|808|abstract|group III mGlu|chemical|interact|898|901|abstract|MPTP|chemical
30072879|expert_2|852|895|abstract|1-methyl-4-phenyl-1,2,3,6-tetrahydropyridine|chemical|impact|1676|1689|abstract|gut microbiome|microbiome
30072879|expert_2|898|901|abstract|MPTP|chemical|impact|1676|1689|abstract|gut microbiome|microbiome
30072879|expert_2|1676|1689|abstract|gut microbiome|microbiome|located in|1554|1567|abstract|WT and KO mice|animal
30072879|expert_2|2199|2203|abstract|mGlu8|chemical|influence|2239|2240|abstract|PD|DDF
32572814|expert_4|0|7|title|Butyrate|chemical|influence|26|52|title|Salsolinol-Induced Toxicity|DDF
32572814|expert_4|568|575|abstract|Butyrate|chemical|located in|624|626|abstract|gut|anatomical location
32572814|expert_4|1560|1580|abstract|beta-hydroxy butyrate|drug|interact|1510|1517|abstract|butyrate|chemical
32572814|expert_4|1560|1580|abstract|beta-hydroxy butyrate|drug|interact|1601|1604|abstract|FA3R|chemical
32572814|expert_4|1583|1585|abstract|BHB|drug|interact|1510|1517|abstract|butyrate|chemical
32572814|expert_4|1583|1585|abstract|BHB|drug|interact|1601|1604|abstract|FA3R|chemical
32572814|expert_4|1654|1662|abstract|AR 420626|drug|interact|1640|1643|abstract|FA3R|chemical
32572814|expert_4|1654|1662|abstract|AR 420626|drug|interact|1706|1709|abstract|SALS|chemical
32572814|expert_4|1741|1743|abstract|BHB|drug|interact|1706|1709|abstract|SALS|chemical
30828318|expert_5|95|116|abstract|probiotic applications|dietary supplement|influence|140|146|abstract|anxiety|DDF
30828318|expert_5|95|116|abstract|probiotic applications|dietary supplement|influence|152|161|abstract|depression|DDF
30828318|expert_5|125|127|abstract|gut|anatomical location|located in|616|642|abstract|agile, fit hunter gatherers|human
30828318|expert_5|125|127|abstract|gut|anatomical location|located in|648|663|abstract|obese westerners|human
30828318|expert_5|125|127|abstract|gut|anatomical location|located in|668|672|abstract|Danes|human
30828318|expert_5|495|508|abstract|gut microbiota|microbiome|located in|125|127|abstract|gut|anatomical location
30828318|expert_5|495|508|abstract|gut microbiota|microbiome|located in|616|642|abstract|agile, fit hunter gatherers|human
30828318|expert_5|495|508|abstract|gut microbiota|microbiome|located in|648|663|abstract|obese westerners|human
30828318|expert_5|495|508|abstract|gut microbiota|microbiome|located in|668|672|abstract|Danes|human
30828318|expert_5|1017|1030|abstract|gut microbiota|microbiome|located in|1036|1040|abstract|brain|anatomical location
31148353|expert_5|58|94|abstract|L-3,4-dihydroxyphenylalanine (L-DOPA)|drug|change effect|22|40|abstract|Parkinson's disease|DDF
31148353|expert_5|58|94|abstract|L-3,4-dihydroxyphenylalanine (L-DOPA)|drug|change effect|43|44|abstract|PD|DDF
31148353|expert_5|58|94|abstract|L-3,4-dihydroxyphenylalanine (L-DOPA)|drug|change effect|222|244|abstract|dyskinetic side effects|DDF
31148353|expert_5|448|468|abstract|parkinsonian symptoms|DDF|affect|22|40|abstract|Parkinson's disease|DDF
31148353|expert_5|448|468|abstract|parkinsonian symptoms|DDF|affect|43|44|abstract|PD|DDF
31148353|expert_5|567|593|abstract|anti-inflammatory cytokines|chemical|influence|448|468|abstract|parkinsonian symptoms|DDF
31148353|expert_5|1142|1160|abstract|hUCB-derived plasma|chemical|located in|1256|1285|abstract|substantia nigra pars compacta|anatomical location
31148353|expert_5|1142|1160|abstract|hUCB-derived plasma|chemical|located in|1288|1291|abstract|SNpc|anatomical location
31148353|expert_5|1324|1349|abstract|pro-inflammatory cytokines|chemical|located in|1363|1366|abstract|SNpc|anatomical location
31148353|expert_5|1407|1444|abstract|inflammation-associated gut microbiota|microbiome|located in|1520|1522|abstract|gut|anatomical location
31148353|expert_5|1589|1602|abstract|gut microbiome|microbiome|is linked to|22|40|abstract|Parkinson's disease|DDF
31148353|expert_5|1589|1602|abstract|gut microbiome|microbiome|located in|1520|1522|abstract|gut|anatomical location
31148353|expert_5|1589|1602|abstract|gut microbiome|microbiome|is linked to|1648|1649|abstract|PD|DDF
31821833|expert_5|54|69|abstract|human microbiome|microbiome|is linked to|347|358|abstract|CNS diseases|DDF
31821833|expert_5|54|69|abstract|human microbiome|microbiome|is linked to|371|383|abstract|schizophrenia|DDF
31821833|expert_5|108|134|abstract|gastrointestinal microbiota|microbiome|located in|212|214|abstract|gut|anatomical location
31821833|expert_5|108|134|abstract|gastrointestinal microbiota|microbiome|is linked to|347|358|abstract|CNS diseases|DDF
31821833|expert_5|108|134|abstract|gastrointestinal microbiota|microbiome|is linked to|371|383|abstract|schizophrenia|DDF
31821833|expert_5|221|234|abstract|gut microbiota|microbiome|located in|212|214|abstract|gut|anatomical location
31821833|expert_5|221|234|abstract|gut microbiota|microbiome|is linked to|347|358|abstract|CNS diseases|DDF
31821833|expert_5|221|234|abstract|gut microbiota|microbiome|is linked to|371|383|abstract|schizophrenia|DDF
31821833|expert_5|822|842|abstract|intestinal microbiota|microbiome|located in|212|214|abstract|gut|anatomical location
31821833|expert_5|822|842|abstract|intestinal microbiota|microbiome|is linked to|347|358|abstract|CNS diseases|DDF
31821833|expert_5|822|842|abstract|intestinal microbiota|microbiome|is linked to|871|883|abstract|schizophrenia|DDF
33063712|expert_4|456|470|abstract|human disorders|DDF|change abundance|352|365|abstract|gut microbiota|microbiome
33063712|expert_4|506|511|abstract|cancer|DDF|change abundance|352|365|abstract|gut microbiota|microbiome
33063712|expert_4|528|554|abstract|neurodegenerative disorders|DDF|change abundance|352|365|abstract|gut microbiota|microbiome
36462169|expert_4|1091|1093|abstract|SMI|DDF|interact|1002|1010|abstract|sMAdCAM-1|chemical
36462169|expert_4|1091|1093|abstract|SMI|DDF|interact|1024|1029|abstract|I-FABP|chemical
36462169|expert_4|1091|1093|abstract|SMI|DDF|interact|1046|1050|abstract|CCL25|chemical
36462169|expert_4|1091|1093|abstract|SMI|DDF|interact|1070|1072|abstract|LBP|chemical
36462169|expert_4|1258|1260|abstract|SCZ|DDF|interact|1216|1220|abstract|CCL25|chemical
36462169|expert_4|1302|1304|abstract|AFF|DDF|interact|1266|1271|abstract|I-FABP|chemical
36462169|expert_4|1302|1304|abstract|AFF|DDF|interact|1291|1293|abstract|LBP|chemical
36462169|expert_4|1316|1321|abstract|I-FABP|chemical|interact|1339|1346|abstract|IL-18BPa|chemical
27698624|expert_2|72|85|title|Gut Microbiome|microbiome|is linked to|25|31|title|Anxiety|DDF
27698624|expert_2|169|182|abstract|gut microbiota|microbiome|is linked to|96|119|abstract|stress related disorders|DDF
27698624|expert_2|169|182|abstract|gut microbiota|microbiome|is linked to|122|131|abstract|depression|DDF
27698624|expert_2|169|182|abstract|gut microbiota|microbiome|is linked to|138|144|abstract|anxiety|DDF
33938181|expert_5|0|49|title|Human glucose-dependent insulinotropic polypeptide|chemical|impact|63|142|title|antimicrobial adjuvant re-sensitising multidrug-resistant Gram-negative bacteria|bacteria
33938181|expert_5|52|54|title|GIP|chemical|impact|63|142|title|antimicrobial adjuvant re-sensitising multidrug-resistant Gram-negative bacteria|bacteria
33938181|expert_5|0|31|abstract|Increasing antibiotic resistance|DDF|change abundance|36|57|abstract|Gram-negative bacteria|bacteria
33938181|expert_5|192|216|abstract|gastrointestinal peptides|chemical|impact|226|239|abstract|gut microbiota|microbiome
33938181|expert_5|546|573|abstract|multidrug resistant bacteria|bacteria|interact|324|373|abstract|human glucose-dependent insulinotropic polypeptide|chemical
33938181|expert_5|546|573|abstract|multidrug resistant bacteria|bacteria|interact|483|485|abstract|GIP|chemical
33938181|expert_5|578|588|abstract|E. coli TG1|bacteria|interact|546|573|abstract|multidrug resistant bacteria|bacteria
33938181|expert_5|601|617|abstract|E. amylovora 1189|bacteria|interact|546|573|abstract|multidrug resistant bacteria|bacteria
33938181|expert_5|744|747|abstract|AcrB|chemical|part of|691|742|abstract|inner and outer membrane efflux pump factor proteins|chemical
33938181|expert_5|753|756|abstract|TolC|chemical|part of|691|742|abstract|inner and outer membrane efflux pump factor proteins|chemical
31917834|expert_2|33|63|title|Adolescence Inflammatory Stress|DDF|affect|125|141|title|Neurodegeneration|DDF
31917834|expert_2|69|90|title|Microbiota Alterations|DDF|affect|125|141|title|Neurodegeneration|DDF
31917834|expert_2|331|344|abstract|gut microbiota|microbiome|is linked to|376|381|abstract|stress|DDF
31917834|expert_2|331|344|abstract|gut microbiota|microbiome|is linked to|470|496|abstract|neurodegenerative disorders|DDF
31917834|expert_2|522|527|abstract|stress|DDF|affect|617|625|abstract|dysbiosis|DDF
31917834|expert_2|530|538|abstract|infection|DDF|affect|617|625|abstract|dysbiosis|DDF
31917834|expert_2|541|557|abstract|neuroinflammation|DDF|affect|617|625|abstract|dysbiosis|DDF
31917834|expert_2|617|625|abstract|dysbiosis|DDF|affect|658|672|abstract|brain disorders|DDF
31917834|expert_2|695|728|abstract|pubertal neuroinflammatory insults|DDF|affect|658|672|abstract|brain disorders|DDF
31917834|expert_2|879|897|abstract|Alzheimer's disease|DDF|is a|824|845|abstract|neurological disorders|DDF
31917834|expert_2|900|918|abstract|Parkinson's disease|DDF|is a|824|845|abstract|neurological disorders|DDF
31917834|expert_2|925|934|abstract|depression|DDF|is a|824|845|abstract|neurological disorders|DDF
31917834|expert_2|949|958|abstract|probiotics|dietary supplement|influence|988|999|abstract|inflammation|DDF
31917834|expert_2|949|958|abstract|probiotics|dietary supplement|influence|1010|1018|abstract|dysbiosis|DDF
31917834|expert_2|949|958|abstract|probiotics|dietary supplement|influence|1053|1067|abstract|brain disorders|DDF
38123016|expert_2|89|112|abstract|autism spectrum disorder|DDF|is a|48|75|abstract|neurodevelopmental disorders|DDF
38123016|expert_2|115|117|abstract|ASD|DDF|is a|48|75|abstract|neurodevelopmental disorders|DDF
38123016|expert_2|220|229|abstract|infections|DDF|change abundance|323|336|abstract|gut microbiome|microbiome
38123016|expert_2|486|495|abstract|probiotics|dietary supplement|influence|621|623|abstract|ASD|DDF
38123016|expert_2|551|576|abstract|metabolite supplementation|dietary supplement|influence|621|623|abstract|ASD|DDF
38123016|expert_2|1008|1028|abstract|microbiota modulators|dietary supplement|influence|115|117|abstract|ASD|DDF
38123016|expert_2|1244|1257|abstract|gut microbiota|microbiome|located in|1267|1278|abstract|ASD patients|human
25231862|expert_1|0|20|title|Artificial sweeteners|dietary supplement|influence|29|47|title|glucose intolerance|DDF
25231862|expert_1|0|20|title|Artificial sweeteners|dietary supplement|impact|65|78|title|gut microbiota|microbiome
25231862|expert_1|0|32|abstract|Non-caloric artificial sweeteners|dietary supplement|influence|400|418|abstract|glucose intolerance|DDF
25231862|expert_1|35|37|abstract|NAS|dietary supplement|influence|400|418|abstract|glucose intolerance|DDF
25231862|expert_1|788|790|abstract|NAS|dietary supplement|influence|1052|1060|abstract|dysbiosis|DDF
25231862|expert_1|788|790|abstract|NAS|dietary supplement|influence|1066|1088|abstract|metabolic abnormalities|DDF
25231862|expert_1|931|951|abstract|NAS-induced dysbiosis|DDF|target|980|1001|abstract|healthy human subjects|human
25231862|expert_1|957|975|abstract|glucose intolerance|DDF|target|980|1001|abstract|healthy human subjects|human
33677218|expert_6|318|331|abstract|gut microbiota|microbiome|is linked to|345|369|abstract|depression-like behaviors|DDF
33677218|expert_6|318|331|abstract|gut microbiota|microbiome|is linked to|375|391|abstract|neuroinflammation|DDF
33677218|expert_6|407|431|abstract|depression-like behaviors|DDF|target|394|397|abstract|Rats|animal
33677218|expert_6|407|431|abstract|depression-like behaviors|DDF|affect|444|476|abstract|chronic unpredictable mild stress|DDF
33677218|expert_6|570|586|abstract|neuroinflammation|DDF|target|394|397|abstract|Rats|animal
33677218|expert_6|1374|1398|abstract|depression-like behaviors|DDF|affect|1411|1443|abstract|chronic unpredictable mild stress|DDF
36938477|expert_4|84|95|abstract|constipation|DDF|target|100|107|abstract|patients|human
36938477|expert_4|114|132|abstract|Parkinson's disease|DDF|target|100|107|abstract|patients|human
36938477|expert_4|135|136|abstract|PD|DDF|target|100|107|abstract|patients|human
36938477|expert_4|328|339|abstract|Constipation|DDF|target|375|385|abstract|PD patients|human
36938477|expert_4|388|397|abstract|Probiotics|dietary supplement|influence|423|445|abstract|functional constipation|DDF
36938477|expert_4|1308|1323|abstract|probiotic intake|dietary supplement|influence|1351|1362|abstract|constipation|DDF
36938477|expert_4|1351|1362|abstract|constipation|DDF|target|1367|1377|abstract|PD patients|human
31940482|expert_4|39|52|abstract|gut microbiome|microbiome|is linked to|89|107|abstract|Parkinson's disease|DDF
31940482|expert_4|218|257|abstract|Bacillus subtilis probiotic strain PXN21|bacteria|influence|374|388|abstract|synucleinopathy|DDF
31940482|expert_4|374|388|abstract|synucleinopathy|DDF|target|418|440|abstract|young and aging animals|animal
31940482|expert_4|476|503|abstract|Multiple B. subtilis strains|bacteria|interact|650|670|abstract|bacterial metabolites|chemical
31940482|expert_4|614|616|abstract|gut|anatomical location|located in|625|629|abstract|worms|animal
33416892|expert_4|519|532|abstract|gut microbiome|microbiome|is linked to|650|661|abstract|inflammation|DDF
33416892|expert_4|519|532|abstract|gut microbiome|microbiome|is linked to|693|722|abstract|CNS neurodegenerative diseases|DDF
33416892|expert_4|519|532|abstract|gut microbiome|microbiome|is linked to|735|753|abstract|Alzheimer's disease|DDF
33416892|expert_4|519|532|abstract|gut microbiome|microbiome|is linked to|756|774|abstract|Parkinson's disease|DDF
33416892|expert_4|519|532|abstract|gut microbiome|microbiome|is linked to|777|805|abstract|amyotrophic lateral sclerosis|DDF
33416892|expert_4|519|532|abstract|gut microbiome|microbiome|is linked to|812|829|abstract|multiple sclerosis|DDF
32600151|expert_4|434|447|abstract|gut microbiome|microbiome|is linked to|513|533|abstract|neurological diseases|DDF
32600151|expert_4|434|447|abstract|gut microbiome|microbiome|is linked to|546|563|abstract|multiple sclerosis|DDF
32600151|expert_4|434|447|abstract|gut microbiome|microbiome|is linked to|569|587|abstract|Parkinson's disease|DDF
32600151|expert_4|712|713|abstract|AD|DDF|change abundance|668|681|abstract|gut microbiome|microbiome
32600151|expert_4|712|713|abstract|AD|DDF|target|698|705|abstract|patients|human
32600151|expert_4|822|823|abstract|AD|DDF|target|809|815|abstract|patient|human
31302116|expert_1|56|79|abstract|stress-related disorders|DDF|target|0|4|abstract|Women|human
31302116|expert_1|56|79|abstract|stress-related disorders|DDF|target|37|39|abstract|men|human
31302116|expert_1|93|108|abstract|major depression|DDF|target|0|4|abstract|Women|human
31302116|expert_1|93|108|abstract|major depression|DDF|target|37|39|abstract|men|human
31302116|expert_1|114|132|abstract|generalized anxiety|DDF|target|0|4|abstract|Women|human
31302116|expert_1|114|132|abstract|generalized anxiety|DDF|target|37|39|abstract|men|human
31302116|expert_1|222|235|abstract|gut microbiota|microbiome|located in|194|215|abstract|gastrointestinal tract|anatomical location
31302116|expert_1|222|235|abstract|gut microbiota|microbiome|is linked to|314|329|abstract|mental illnesses|DDF
31302116|expert_1|222|235|abstract|gut microbiota|microbiome|is linked to|484|509|abstract|mood and anxiety disorders|DDF
34970638|expert_5|0|3|title|CUMS|DDF|affect|30|55|title|depression-like phenotypes|DDF
34970638|expert_5|9|21|title|dexamethasone|drug|change effect|30|55|title|depression-like phenotypes|DDF
34970638|expert_5|9|21|title|dexamethasone|drug|impact|92|105|title|gut microbiota|microbiome
34970638|expert_5|30|55|title|depression-like phenotypes|DDF|target|60|63|title|mice|animal
34970638|expert_5|92|105|title|gut microbiota|microbiome|is linked to|30|55|title|depression-like phenotypes|DDF
34970638|expert_5|92|105|title|gut microbiota|microbiome|located in|60|63|title|mice|animal
34970638|expert_5|26|39|abstract|gut microbiota|microbiome|is linked to|45|54|abstract|depression|DDF
34970638|expert_5|87|100|abstract|gut microbiota|microbiome|located in|121|131|abstract|individuals|human
34970638|expert_5|138|147|abstract|depression|DDF|target|121|131|abstract|individuals|human
34970638|expert_5|272|293|abstract|Adolescent female mice|animal|used by|725|757|abstract|Enzyme-linked immunosorbent assay|biomedical technique
34970638|expert_5|272|293|abstract|Adolescent female mice|animal|used by|760|764|abstract|ELISA|biomedical technique
34970638|expert_5|272|293|abstract|Adolescent female mice|animal|used by|950|961|abstract|western blot|biomedical technique
34970638|expert_5|272|293|abstract|Adolescent female mice|animal|used by|1010|1029|abstract|sequencing 16S rDNAs|biomedical technique
34970638|expert_5|322|340|abstract|control (CON) group|animal|used by|725|757|abstract|Enzyme-linked immunosorbent assay|biomedical technique
34970638|expert_5|322|340|abstract|control (CON) group|animal|used by|760|764|abstract|ELISA|biomedical technique
34970638|expert_5|322|340|abstract|control (CON) group|animal|used by|950|961|abstract|western blot|biomedical technique
34970638|expert_5|322|340|abstract|control (CON) group|animal|used by|1010|1029|abstract|sequencing 16S rDNAs|biomedical technique
34970638|expert_5|369|392|abstract|mild stress (CUMS) group|animal|used by|725|757|abstract|Enzyme-linked immunosorbent assay|biomedical technique
34970638|expert_5|369|392|abstract|mild stress (CUMS) group|animal|used by|760|764|abstract|ELISA|biomedical technique
34970638|expert_5|369|392|abstract|mild stress (CUMS) group|animal|used by|950|961|abstract|western blot|biomedical technique
34970638|expert_5|369|392|abstract|mild stress (CUMS) group|animal|used by|1010|1029|abstract|sequencing 16S rDNAs|biomedical technique
34970638|expert_5|405|429|abstract|dexamethasone (DEX) group|animal|used by|725|757|abstract|Enzyme-linked immunosorbent assay|biomedical technique
34970638|expert_5|405|429|abstract|dexamethasone (DEX) group|animal|used by|760|764|abstract|ELISA|biomedical technique
34970638|expert_5|405|429|abstract|dexamethasone (DEX) group|animal|used by|950|961|abstract|western blot|biomedical technique
34970638|expert_5|405|429|abstract|dexamethasone (DEX) group|animal|used by|1010|1029|abstract|sequencing 16S rDNAs|biomedical technique
34970638|expert_5|504|506|abstract|DEX|drug|administered|451|459|abstract|DEX group|animal
34970638|expert_5|568|574|abstract|solvent|chemical|located in|529|536|abstract|CON mice|animal
34970638|expert_5|1070|1102|abstract|severe depression-like behaviours|DDF|target|1040|1058|abstract|CUMS and DEX groups|animal
34970638|expert_5|1204|1217|abstract|Prevotellaceae|bacteria|located in|1312|1321|abstract|CUMS group|animal
34970638|expert_5|1223|1235|abstract|Desulfovibrio|bacteria|located in|1312|1321|abstract|CUMS group|animal
34970638|expert_5|1260|1266|abstract|Bacilli|bacteria|located in|1312|1321|abstract|CUMS group|animal
34970638|expert_5|1379|1395|abstract|Clostridium XVIII|bacteria|located in|1324|1339|abstract|DEX-treated mice|animal
34970638|expert_5|1412|1419|abstract|occludin|chemical|located in|1440|1455|abstract|DEX-treated mice|animal
34970638|expert_5|1566|1569|abstract|CORT|chemical|located in|1516|1531|abstract|DEX-treated mice|animal
34970638|expert_5|1575|1579|abstract|IL-1β|chemical|located in|1516|1531|abstract|DEX-treated mice|animal
34970638|expert_5|1659|1663|abstract|IL-1β|chemical|located in|1618|1636|abstract|DEX and CUMS groups|animal
34970638|expert_5|1693|1723|abstract|glial fibrillary acidic protein|chemical|located in|1618|1636|abstract|DEX and CUMS groups|animal
34970638|expert_5|1726|1729|abstract|GFAP|chemical|located in|1618|1636|abstract|DEX and CUMS groups|animal
34970638|expert_5|1733|1738|abstract|Nestin|chemical|located in|1618|1636|abstract|DEX and CUMS groups|animal
34970638|expert_5|1741|1750|abstract|Synapsin-1|chemical|located in|1618|1636|abstract|DEX and CUMS groups|animal
34970638|expert_5|1756|1769|abstract|P2Y12 receptor|chemical|located in|1618|1636|abstract|DEX and CUMS groups|animal
34970638|expert_5|1756|1769|abstract|P2Y12 receptor|chemical|located in|1778|1788|abstract|hippocampus|anatomical location
34970638|expert_5|1778|1788|abstract|hippocampus|anatomical location|located in|1618|1636|abstract|DEX and CUMS groups|animal
34970638|expert_5|1853|1869|abstract|neuroinflammation|DDF|strike|1878|1882|abstract|brain|anatomical location
34970638|expert_5|1853|1869|abstract|neuroinflammation|DDF|affect|1898|1920|abstract|CUMS-induced depression|DDF
34970638|expert_5|1931|1941|abstract|pathobionts|microbiome|is linked to|2024|2045|abstract|DEX-induced depression|DDF
34970638|expert_5|1947|2004|abstract|excessive immunosuppression with damaged neuronal synapses|DDF|affect|2024|2045|abstract|DEX-induced depression|DDF
36931666|expert_2|175|198|title|type 2 diabetes mellitus|DDF|target|161|168|title|patients|human
36931666|expert_2|70|93|abstract|type 2 diabetes mellitus|DDF|affect|29|65|abstract|chronic hyperglycaemia-related damage|DDF
36931666|expert_2|96|99|abstract|T2DM|DDF|affect|29|65|abstract|chronic hyperglycaemia-related damage|DDF
36931666|expert_2|552|555|abstract|T2DM|DDF|target|538|545|abstract|patients|human
36931666|expert_2|675|682|abstract|patients|human|used by|599|648|abstract|randomised, triple-blind, placebo-controlled trial|biomedical technique
36931666|expert_2|689|692|abstract|T2DM|DDF|target|675|682|abstract|patients|human
36931666|expert_2|1435|1438|abstract|T2DM|DDF|target|1421|1428|abstract|patients|human
38686220|expert_4|74|109|title|mild to moderate Parkinson's disease|DDF|target|60|67|title|patients|human
38686220|expert_4|21|34|abstract|gut microbiome|microbiome|is linked to|59|77|abstract|Parkinson's disease|DDF
38686220|expert_4|21|34|abstract|gut microbiome|microbiome|is linked to|80|81|abstract|PD|DDF
38686220|expert_4|215|228|abstract|early-stage PD|DDF|target|201|208|abstract|patients|human
38686220|expert_4|1192|1193|abstract|PD|DDF|target|1178|1185|abstract|patients|human
38686220|expert_4|1833|1846|abstract|early-stage PD|DDF|target|1819|1826|abstract|patients|human
38686220|expert_4|1906|1919|abstract|gut microbiome|microbiome|is linked to|2023|2024|abstract|PD|DDF
38686220|expert_4|2023|2024|abstract|PD|DDF|target|2009|2016|abstract|patients|human
35798742|expert_7|0|21|title|Oral and gut dysbiosis|DDF|affect|58|76|title|Parkinson's disease|DDF
35798742|expert_7|0|21|title|Oral and gut dysbiosis|DDF|affect|102|103|abstract|PD|DDF
35798742|expert_7|81|99|abstract|Parkinson's disease|DDF|target|474|484|abstract|PD patients|human
35798742|expert_7|81|99|abstract|Parkinson's disease|DDF|target|584|594|abstract|PD patients|human
35798742|expert_7|81|99|abstract|Parkinson's disease|DDF|target|862|872|abstract|PD patients|human
35798742|expert_7|102|103|abstract|PD|DDF|target|474|484|abstract|PD patients|human
35798742|expert_7|102|103|abstract|PD|DDF|target|584|594|abstract|PD patients|human
35798742|expert_7|102|103|abstract|PD|DDF|target|862|872|abstract|PD patients|human
35798742|expert_7|141|155|abstract|oral microbiome|microbiome|is linked to|81|99|abstract|Parkinson's disease|DDF
35798742|expert_7|141|155|abstract|oral microbiome|microbiome|is linked to|203|204|abstract|PD|DDF
35798742|expert_7|258|280|abstract|oral and gut microbiome|microbiome|compared to|316|341|abstract|PD-specific gut microbiome|microbiome
35798742|expert_7|258|280|abstract|oral and gut microbiome|microbiome|used by|349|378|abstract|shotgun metagenomic sequencing|biomedical technique
35798742|expert_7|258|280|abstract|oral and gut microbiome|microbiome|is linked to|979|980|abstract|PD|DDF
35798742|expert_7|316|341|abstract|PD-specific gut microbiome|microbiome|used by|349|378|abstract|shotgun metagenomic sequencing|biomedical technique
35798742|expert_7|316|341|abstract|PD-specific gut microbiome|microbiome|is linked to|1046|1047|abstract|PD|DDF
35798742|expert_7|414|436|abstract|oral and gut microbiome|microbiome|used by|349|378|abstract|shotgun metagenomic sequencing|biomedical technique
35798742|expert_7|414|436|abstract|oral and gut microbiome|microbiome|located in|474|484|abstract|PD patients|human
35798742|expert_7|414|436|abstract|oral and gut microbiome|microbiome|located in|490|505|abstract|healthy controls|human
35798742|expert_7|544|561|abstract|Oral Lactobacillus|bacteria|located in|584|594|abstract|PD patients|human
35798742|expert_7|651|653|abstract|gut|anatomical location|located in|584|594|abstract|PD patients|human
35798742|expert_7|742|750|abstract|glutamate|chemical|located in|862|872|abstract|PD patients|human
35798742|expert_7|756|763|abstract|arginine|chemical|located in|862|872|abstract|PD patients|human
35798742|expert_7|952|974|abstract|oral and gut microbiota|microbiome|is linked to|81|99|abstract|Parkinson's disease|DDF
35798742|expert_7|952|974|abstract|oral and gut microbiota|microbiome|is linked to|979|980|abstract|PD|DDF
35798742|expert_7|952|974|abstract|oral and gut microbiota|microbiome|is linked to|1046|1047|abstract|PD|DDF
37655441|expert_4|3|18|abstract|Prevotella copri|bacteria|part of|53|85|abstract|human gastrointestinal microbiome|microbiome
37655441|expert_4|3|18|abstract|Prevotella copri|bacteria|influence|199|217|abstract|Parkinson's disease|DDF
37655441|expert_4|3|18|abstract|Prevotella copri|bacteria|influence|223|242|abstract|rheumatoid arthritis|DDF
36651663|expert_2|289|295|abstract|anxiety|DDF|target|356|369|abstract|Spanish cohort|human
36651663|expert_2|289|295|abstract|anxiety|DDF|change abundance|953|983|abstract|Fusicatenibacter saccharivorans|bacteria
36651663|expert_2|298|307|abstract|depression|DDF|target|356|369|abstract|Spanish cohort|human
36651663|expert_2|298|307|abstract|depression|DDF|change abundance|953|983|abstract|Fusicatenibacter saccharivorans|bacteria
36651663|expert_2|298|307|abstract|depression|DDF|change abundance|1107|1120|abstract|Proteobacteria|bacteria
36651663|expert_2|298|307|abstract|depression|DDF|change abundance|1139|1157|abstract|Synergistetes phyla|bacteria
36651663|expert_2|313|341|abstract|posttraumatic stress disorder|DDF|target|356|369|abstract|Spanish cohort|human
36651663|expert_2|313|341|abstract|posttraumatic stress disorder|DDF|change abundance|953|983|abstract|Fusicatenibacter saccharivorans|bacteria
36651663|expert_2|313|341|abstract|posttraumatic stress disorder|DDF|change abundance|1240|1251|abstract|Anaerostipes|bacteria
36651663|expert_2|313|341|abstract|posttraumatic stress disorder|DDF|change abundance|1330|1351|abstract|Turicibacter sanguinis|bacteria
36651663|expert_2|313|341|abstract|posttraumatic stress disorder|DDF|change abundance|1377|1389|abstract|Lentisphaerae|bacteria
36651663|expert_2|344|347|abstract|PTSD|DDF|target|356|369|abstract|Spanish cohort|human
36651663|expert_2|344|347|abstract|PTSD|DDF|change abundance|953|983|abstract|Fusicatenibacter saccharivorans|bacteria
36651663|expert_2|356|369|abstract|Spanish cohort|human|used by|541|587|abstract|16S ribosomal RNA gene V3-4 amplicon sequencing|biomedical technique
36651663|expert_2|476|486|abstract|individuals|human|used by|541|587|abstract|16S ribosomal RNA gene V3-4 amplicon sequencing|biomedical technique
36651663|expert_2|905|917|abstract|trait anxiety|DDF|target|888|898|abstract|Individuals|human
36816743|expert_4|2210|2223|abstract|gut microbiota|microbiome|is linked to|2247|2267|abstract|neurological diseases|DDF
31330299|expert_5|4|30|abstract|gastrointestinal microbiome|microbiome|located in|74|78|abstract|brain|anatomical location
31330299|expert_5|141|154|abstract|gut microbiota|microbiome|located in|74|78|abstract|brain|anatomical location
31330299|expert_5|141|154|abstract|gut microbiota|microbiome|is linked to|170|208|abstract|disorders of the central nervous system|DDF
31330299|expert_5|141|154|abstract|gut microbiota|microbiome|is linked to|780|785|abstract|stress|DDF
31330299|expert_5|141|154|abstract|gut microbiota|microbiome|is linked to|788|810|abstract|peripheral inflammation|DDF
31330299|expert_5|141|154|abstract|gut microbiota|microbiome|is linked to|821|842|abstract|traumatic brain injury|DDF
31330299|expert_5|141|154|abstract|gut microbiota|microbiome|is linked to|845|850|abstract|stroke|DDF
31330299|expert_5|141|154|abstract|gut microbiota|microbiome|is linked to|853|870|abstract|multiple sclerosis|DDF
31330299|expert_5|141|154|abstract|gut microbiota|microbiome|is linked to|873|891|abstract|Alzheimer's disease|DDF
31330299|expert_5|141|154|abstract|gut microbiota|microbiome|is linked to|897|915|abstract|Parkinson's disease|DDF
31330299|expert_5|821|842|abstract|traumatic brain injury|DDF|strike|465|469|abstract|brain|anatomical location
31330299|expert_5|940|966|abstract|gastrointestinal microbiota|microbiome|is linked to|780|785|abstract|stress|DDF
31330299|expert_5|940|966|abstract|gastrointestinal microbiota|microbiome|is linked to|788|810|abstract|peripheral inflammation|DDF
31330299|expert_5|940|966|abstract|gastrointestinal microbiota|microbiome|is linked to|821|842|abstract|traumatic brain injury|DDF
31330299|expert_5|940|966|abstract|gastrointestinal microbiota|microbiome|is linked to|845|850|abstract|stroke|DDF
31330299|expert_5|940|966|abstract|gastrointestinal microbiota|microbiome|is linked to|853|870|abstract|multiple sclerosis|DDF
31330299|expert_5|940|966|abstract|gastrointestinal microbiota|microbiome|is linked to|873|891|abstract|Alzheimer's disease|DDF
31330299|expert_5|940|966|abstract|gastrointestinal microbiota|microbiome|is linked to|897|915|abstract|Parkinson's disease|DDF
31330299|expert_5|940|966|abstract|gastrointestinal microbiota|microbiome|is linked to|991|1006|abstract|mental illnesses|DDF
31330299|expert_5|1088|1101|abstract|gut microbiota|microbiome|is linked to|991|1006|abstract|mental illnesses|DDF
32188376|expert_6|0|15|abstract|Bipolar disorder|DDF|affect|70|79|abstract|disability|DDF
32188376|expert_6|0|15|abstract|Bipolar disorder|DDF|affect|82|90|abstract|morbidity|DDF
32188376|expert_6|0|15|abstract|Bipolar disorder|DDF|affect|97|119|abstract|reduced life expectancy|DDF
32188376|expert_6|21|36|abstract|major depression|DDF|affect|70|79|abstract|disability|DDF
32188376|expert_6|21|36|abstract|major depression|DDF|affect|82|90|abstract|morbidity|DDF
32188376|expert_6|21|36|abstract|major depression|DDF|affect|97|119|abstract|reduced life expectancy|DDF
32188376|expert_6|134|147|abstract|mood disorders|DDF|target|122|127|abstract|People|human
32188376|expert_6|386|411|abstract|Neurocognitive dysfunction|DDF|affect|434|451|abstract|social dysfunction|DDF
32188376|expert_6|386|411|abstract|Neurocognitive dysfunction|DDF|affect|481|494|abstract|mood disorders|DDF
27319972|expert_7|421|423|abstract|gut|anatomical location|located in|473|483|abstract|adult human|human
27319972|expert_7|1332|1348|abstract|Early life stress|DDF|strike|1409|1417|abstract|intestine|anatomical location
27319972|expert_7|1466|1482|abstract|early life stress|DDF|affect|1500|1520|abstract|adult psychopathology|DDF
36699448|expert_2|4|17|abstract|gut microbiome|microbiome|is linked to|62|86|abstract|major depressive disorder|DDF
36699448|expert_2|4|17|abstract|gut microbiome|microbiome|is linked to|89|91|abstract|MDD|DDF
36699448|expert_2|62|86|abstract|major depressive disorder|DDF|target|193|212|abstract|Asian, Chinese group|human
36699448|expert_2|62|86|abstract|major depressive disorder|DDF|change abundance|586|599|abstract|Actinobacteria|bacteria
36699448|expert_2|62|86|abstract|major depressive disorder|DDF|change abundance|612|624|abstract|Pseudomonades|bacteria
36699448|expert_2|89|91|abstract|MDD|DDF|target|193|212|abstract|Asian, Chinese group|human
36699448|expert_2|1565|1574|abstract|depression|DDF|target|1598|1618|abstract|Asian, Chinese people|human
36699448|expert_2|1580|1593|abstract|gut microbiome|microbiome|located in|1598|1618|abstract|Asian, Chinese people|human
36699448|expert_2|1580|1593|abstract|gut microbiome|microbiome|is linked to|1565|1574|abstract|depression|DDF
37193253|expert_2|0|16|title|Anxiety Disorders|DDF|target|39|90|title|Primary Sjögren's Syndrome-Mediated Dry Eye Patients|human
37193253|expert_2|22|34|title|Gut Dysbiosis|DDF|target|39|90|title|Primary Sjögren's Syndrome-Mediated Dry Eye Patients|human
37193253|expert_2|0|25|abstract|Primary Sjögren's syndrome|DDF|is a|89|111|abstract|psychological disorders|DDF
37193253|expert_2|28|30|abstract|pSS|DDF|is a|89|111|abstract|psychological disorders|DDF
37193253|expert_2|174|187|abstract|gut microbiota|microbiome|is linked to|193|209|abstract|ocular conditions|DDF
37193253|expert_2|174|187|abstract|gut microbiota|microbiome|is linked to|235|237|abstract|pSS|DDF
37193253|expert_2|193|209|abstract|ocular conditions|DDF|affect|235|237|abstract|pSS|DDF
37193253|expert_2|385|392|abstract|patients|human|used by|522|554|abstract|16S ribosomal RNA gene sequencing|biomedical technique
37193253|expert_2|399|418|abstract|pSS-mediated dry eye|DDF|target|385|392|abstract|patients|human
37193253|expert_2|788|805|abstract|Dry eye discomfort|DDF|affect|341|357|abstract|anxiety disorders|DDF
37193253|expert_2|855|861|abstract|anxiety|DDF|affect|235|237|abstract|pSS|DDF
37193253|expert_2|967|982|abstract|anxiety disorder|DDF|affect|988|1000|abstract|gut dysbiosis|DDF
37193253|expert_2|988|1000|abstract|gut dysbiosis|DDF|affect|967|982|abstract|anxiety disorder|DDF
37193253|expert_2|1003|1012|abstract|Prevotella|bacteria|influence|788|805|abstract|Dry eye discomfort|DDF
37193253|expert_2|1070|1082|abstract|Bacteroidetes|bacteria|influence|235|237|abstract|pSS|DDF
37193253|expert_2|1106|1116|abstract|Odoribacter|bacteria|influence|235|237|abstract|pSS|DDF
37193253|expert_2|1242|1255|abstract|gut microbiota|microbiome|is linked to|1217|1232|abstract|anxiety disorder|DDF
37193253|expert_2|1386|1416|abstract|Main gut microbiota alterations|DDF|affect|1453|1459|abstract|anxiety|DDF
37193253|expert_2|1386|1416|abstract|Main gut microbiota alterations|DDF|affect|1477|1496|abstract|pSS-mediated dry eye|DDF
37193253|expert_2|1386|1416|abstract|Main gut microbiota alterations|DDF|change abundance|1242|1255|abstract|gut microbiota|microbiome
33505487|expert_7|51|64|title|Gut Microbiome|microbiome|located in|69|100|title|Functional Constipation Patients|human
33505487|expert_7|40|53|abstract|gut microbiome|microbiome|located in|93|123|abstract|experimental and control groups|human
33505487|expert_7|166|183|abstract|Pseudobutyrivibrio|bacteria|located in|235|250|abstract|experiment group|human
33505487|expert_7|196|212|abstract|Ruminiclostridium|bacteria|located in|235|250|abstract|experiment group|human
33505487|expert_7|292|307|abstract|Fusicatenibacter|bacteria|located in|235|250|abstract|experiment group|human
33505487|expert_7|521|529|abstract|cytokines|chemical|impact|590|607|abstract|Pseudobutyrivibrio|bacteria
33505487|expert_7|616|618|abstract|CFC|DDF|target|710|721|abstract|CFC patients|human
33505487|expert_7|657|670|abstract|gut microbiome|microbiome|located in|710|721|abstract|CFC patients|human
33505487|expert_7|697|705|abstract|cytokines|chemical|located in|710|721|abstract|CFC patients|human
34692176|expert_5|18|44|abstract|Inflammatory bowel diseases|DDF|is a|57|94|abstract|complex chronic inflammatory disorders|DDF
34692176|expert_5|18|44|abstract|Inflammatory bowel diseases|DDF|target|3466|3477|abstract|IBD patients|human
34692176|expert_5|47|50|abstract|IBDs|DDF|is a|57|94|abstract|complex chronic inflammatory disorders|DDF
34692176|expert_5|157|160|abstract|IBDs|DDF|target|3466|3477|abstract|IBD patients|human
34692176|expert_5|197|211|abstract|Crohn's disease|DDF|is a|157|160|abstract|IBDs|DDF
34692176|expert_5|197|211|abstract|Crohn's disease|DDF|is a|175|194|abstract|idiopathic disorders|DDF
34692176|expert_5|214|215|abstract|CD|DDF|is a|157|160|abstract|IBDs|DDF
34692176|expert_5|214|215|abstract|CD|DDF|is a|175|194|abstract|idiopathic disorders|DDF
34692176|expert_5|222|239|abstract|ulcerative colitis|DDF|is a|157|160|abstract|IBDs|DDF
34692176|expert_5|222|239|abstract|ulcerative colitis|DDF|is a|175|194|abstract|idiopathic disorders|DDF
34692176|expert_5|242|243|abstract|UC|DDF|is a|157|160|abstract|IBDs|DDF
34692176|expert_5|242|243|abstract|UC|DDF|is a|175|194|abstract|idiopathic disorders|DDF
34692176|expert_5|2766|2768|abstract|IBD|DDF|target|3466|3477|abstract|IBD patients|human
34692176|expert_5|3396|3417|abstract|pathophysiology of IBD|DDF|target|3466|3477|abstract|IBD patients|human
31539679|expert_1|239|277|abstract|antibiotic-induced microbiome depletion|DDF|target|313|322|abstract|adult mice|animal
31539679|expert_1|337|364|abstract|chronic social defeat stress|DDF|target|313|322|abstract|adult mice|animal
31539679|expert_1|367|370|abstract|CSDS|DDF|target|313|322|abstract|adult mice|animal
31539679|expert_1|533|551|abstract|antibiotic cocktail|drug|impact|947|960|abstract|gut microbiota|microbiome
31539679|expert_1|644|651|abstract|host gut|anatomical location|located in|509|512|abstract|mice|animal
31539679|expert_1|718|736|abstract|antibiotic cocktail|drug|impact|654|667|abstract|Proteobacteria|bacteria
31539679|expert_1|879|882|abstract|CSDS|DDF|change abundance|947|960|abstract|gut microbiota|microbiome
31539679|expert_1|947|960|abstract|gut microbiota|microbiome|located in|969|992|abstract|antibiotic-treated group|animal
31539679|expert_1|1152|1163|abstract|gut bacteria|bacteria|influence|1202|1223|abstract|CSDS-induced anhedonia|DDF
31539679|expert_1|1363|1379|abstract|prefrontal cortex|anatomical location|located in|1384|1406|abstract|antibiotic-treated mice|animal
31539679|expert_1|1478|1516|abstract|antibiotic-induced microbiome depletion|DDF|affect|1547|1555|abstract|anhedonia|DDF
31539679|expert_1|1547|1555|abstract|anhedonia|DDF|target|1560|1563|abstract|mice|animal
31539679|expert_1|1578|1581|abstract|CSDS|DDF|target|1560|1563|abstract|mice|animal
35207632|expert_3|0|27|title|Gastrointestinal Dysfunction|DDF|affect|32|50|title|Parkinson's Disease|DDF
35207632|expert_3|159|172|abstract|GI dysfunction|DDF|affect|177|178|abstract|PD|DDF
35207632|expert_3|973|974|abstract|PD|DDF|target|961|966|abstract|people|human
37607587|expert_2|0|27|title|Gastrointestinal Dysfunction|DDF|affect|32|75|title|Neurological and Neurodegenerative Disorders|DDF
37607587|expert_2|30|43|abstract|gut microbiome|microbiome|is linked to|48|74|abstract|neurodegenerative disorders|DDF
37607587|expert_2|213|221|abstract|Dysbiosis|DDF|affect|297|308|abstract|inflammation|DDF
37607587|expert_2|226|249|abstract|dysfunctional microbiome|DDF|affect|297|308|abstract|inflammation|DDF
37607587|expert_2|538|551|abstract|gut microbiome|microbiome|is linked to|575|600|abstract|neurodegenerative diseases|DDF
37607587|expert_2|538|551|abstract|gut microbiome|microbiome|is linked to|610|628|abstract|Parkinson's disease|DDF
37607587|expert_2|538|551|abstract|gut microbiome|microbiome|is linked to|634|652|abstract|Alzheimer's disease|DDF
37607587|expert_2|538|551|abstract|gut microbiome|microbiome|is linked to|684|689|abstract|cancer|DDF
37607587|expert_2|538|551|abstract|gut microbiome|microbiome|is linked to|721|738|abstract|metabolic syndrome|DDF
21167931|expert_3|69|84|abstract|human depression|DDF|interact|105|129|abstract|proinflammatory cytokines|chemical
21167931|expert_3|69|84|abstract|human depression|DDF|affect|132|161|abstract|chronic inflammatory disorders|DDF
21167931|expert_3|265|289|abstract|proinflammatory cytokines|chemical|influence|218|227|abstract|depression|DDF
21167931|expert_3|302|305|abstract|IL-2|chemical|influence|218|227|abstract|depression|DDF
21167931|expert_3|310|314|abstract|IFN-α|chemical|influence|218|227|abstract|depression|DDF
21167931|expert_3|547|583|abstract|central nervous system (CNS) antigens|chemical|influence|657|668|abstract|nerve injury|DDF
21167931|expert_3|547|583|abstract|central nervous system (CNS) antigens|chemical|influence|673|692|abstract|psychological stress|DDF
35317228|expert_5|25|38|title|gut microbiome|microbiome|is linked to|43|90|title|neuropsychiatric and neurodegenerative disorders|DDF
35317228|expert_5|255|268|abstract|gut microbiome|microbiome|is linked to|285|309|abstract|neuropsychiatric diseases|DDF
35317228|expert_5|255|268|abstract|gut microbiome|microbiome|is linked to|318|327|abstract|depression|DDF
35317228|expert_5|255|268|abstract|gut microbiome|microbiome|is linked to|330|353|abstract|autism spectrum disorder|DDF
35317228|expert_5|255|268|abstract|gut microbiome|microbiome|is linked to|360|366|abstract|anxiety|DDF
35317228|expert_5|255|268|abstract|gut microbiome|microbiome|is linked to|373|398|abstract|neurodegenerative diseases|DDF
35317228|expert_5|255|268|abstract|gut microbiome|microbiome|is linked to|407|425|abstract|Parkinson's disease|DDF
35317228|expert_5|255|268|abstract|gut microbiome|microbiome|is linked to|431|449|abstract|Alzheimer's disease|DDF
35317228|expert_5|318|327|abstract|depression|DDF|is a|285|309|abstract|neuropsychiatric diseases|DDF
35317228|expert_5|330|353|abstract|autism spectrum disorder|DDF|is a|285|309|abstract|neuropsychiatric diseases|DDF
35317228|expert_5|360|366|abstract|anxiety|DDF|is a|285|309|abstract|neuropsychiatric diseases|DDF
35317228|expert_5|407|425|abstract|Parkinson's disease|DDF|is a|373|398|abstract|neurodegenerative diseases|DDF
35317228|expert_5|431|449|abstract|Alzheimer's disease|DDF|is a|373|398|abstract|neurodegenerative diseases|DDF
35317228|expert_5|516|529|abstract|gut microbiome|microbiome|is linked to|535|581|abstract|neuropsychiatric or neurodegenerative disorders|DDF
35317228|expert_5|663|676|abstract|gut microbiome|microbiome|located in|686|690|abstract|brain|anatomical location
35317228|expert_5|818|831|abstract|brain disorder|DDF|strike|686|690|abstract|brain|anatomical location
33287442|expert_4|545|558|abstract|gut microbiota|microbiome|is linked to|245|257|abstract|breast cancer|DDF
33287442|expert_4|1001|1009|abstract|prebiotic|dietary supplement|impact|895|908|abstract|gut microbiota|microbiome
33287442|expert_4|1015|1039|abstract|probiotic supplementation|dietary supplement|impact|895|908|abstract|gut microbiota|microbiome
25173628|expert_3|0|24|title|Obese-type gut microbiota|microbiome|is linked to|33|55|title|neurobehavioral changes|DDF
25173628|expert_3|18|31|abstract|mental illness|DDF|affect|88|94|abstract|obesity|DDF
25173628|expert_3|47|56|abstract|depression|DDF|affect|88|94|abstract|obesity|DDF
25173628|expert_3|62|69|abstract|dementia|DDF|affect|88|94|abstract|obesity|DDF
25173628|expert_3|601|614|abstract|HFD microbiota|microbiome|located in|590|593|abstract|mice|animal
25173628|expert_3|736|758|abstract|control diet microbiota|microbiome|located in|726|729|abstract|mice|animal
25173628|expert_3|1074|1087|abstract|HFD microbiota|microbiome|change expression|1216|1257|abstract|ionized calcium-binding adapter molecule 1|gene
25173628|expert_3|1074|1087|abstract|HFD microbiota|microbiome|change expression|1260|1279|abstract|toll-like receptor 2|gene
25173628|expert_3|1074|1087|abstract|HFD microbiota|microbiome|change expression|1286|1305|abstract|toll-like receptor 4|gene
25173628|expert_3|1363|1383|abstract|HFD-shaped microbiota|microbiome|is linked to|1395|1411|abstract|neuroinflammation|DDF
25173628|expert_3|1508|1520|abstract|gut dysbiosis|DDF|affect|1526|1547|abstract|neurologic dysfunction|DDF
25173628|expert_3|1611|1624|abstract|gut microbiota|microbiome|is linked to|1674|1680|abstract|obesity|DDF
32431588|expert_6|0|45|title|Gut Microbiome-Modified Polyphenolic Compounds|chemical|influence|92|110|title|α-Synucleinopathies|DDF
32431588|expert_6|42|52|abstract|α-synuclein|chemical|influence|102|120|abstract|Parkinson's disease|DDF
32431588|expert_6|42|52|abstract|α-synuclein|chemical|influence|123|124|abstract|PD|DDF
32431588|expert_6|42|52|abstract|α-synuclein|chemical|influence|143|157|abstract|synucleinopathy|DDF
32431588|expert_6|42|52|abstract|α-synuclein|chemical|influence|160|182|abstract|multiple system atrophy|DDF
32431588|expert_6|42|52|abstract|α-synuclein|chemical|influence|185|187|abstract|MSA|DDF
32431588|expert_6|55|59|abstract|α-syn|chemical|influence|102|120|abstract|Parkinson's disease|DDF
32431588|expert_6|55|59|abstract|α-syn|chemical|influence|123|124|abstract|PD|DDF
32431588|expert_6|55|59|abstract|α-syn|chemical|influence|143|157|abstract|synucleinopathy|DDF
32431588|expert_6|55|59|abstract|α-syn|chemical|influence|160|182|abstract|multiple system atrophy|DDF
32431588|expert_6|55|59|abstract|α-syn|chemical|influence|185|187|abstract|MSA|DDF
32431588|expert_6|102|120|abstract|Parkinson's disease|DDF|affect|143|157|abstract|synucleinopathy|DDF
32431588|expert_6|102|120|abstract|Parkinson's disease|DDF|affect|160|182|abstract|multiple system atrophy|DDF
32431588|expert_6|102|120|abstract|Parkinson's disease|DDF|affect|185|187|abstract|MSA|DDF
32431588|expert_6|123|124|abstract|PD|DDF|affect|143|157|abstract|synucleinopathy|DDF
32431588|expert_6|123|124|abstract|PD|DDF|affect|160|182|abstract|multiple system atrophy|DDF
32431588|expert_6|123|124|abstract|PD|DDF|affect|185|187|abstract|MSA|DDF
32431588|expert_6|205|219|abstract|α-syn pathology|DDF|strike|228|240|abstract|brain regions|anatomical location
32431588|expert_6|1172|1177|abstract|3-HPPA|chemical|influence|1233|1271|abstract|intracellular α-syn seeding aggregation|DDF
32431588|expert_6|1180|1188|abstract|3,4-diHBA|chemical|influence|1233|1271|abstract|intracellular α-syn seeding aggregation|DDF
32431588|expert_6|1191|1195|abstract|3-HBA|chemical|influence|1233|1271|abstract|intracellular α-syn seeding aggregation|DDF
32431588|expert_6|1202|1206|abstract|4-HBA|chemical|influence|1233|1271|abstract|intracellular α-syn seeding aggregation|DDF
32431588|expert_6|1451|1456|abstract|3-HPPA|chemical|influence|1481|1514|abstract|MSA-induced aggregation of monomer|DDF
32431588|expert_6|1858|1866|abstract|probiotic|dietary supplement|influence|1951|1969|abstract|α-synucleinopathies|DDF
32431588|expert_6|1869|1877|abstract|prebiotic|dietary supplement|influence|1951|1969|abstract|α-synucleinopathies|DDF
32431588|expert_6|1883|1891|abstract|synbiotic|dietary supplement|influence|1951|1969|abstract|α-synucleinopathies|DDF
33819374|expert_3|0|13|title|Trimethylamine|chemical|influence|25|39|title|dauer formation|DDF
33819374|expert_3|0|13|title|Trimethylamine|chemical|influence|42|58|title|neurodegeneration|DDF
33819374|expert_3|352|371|abstract|human gut microbiome|microbiome|is linked to|429|436|abstract|diabetes|DDF
33819374|expert_3|352|371|abstract|human gut microbiome|microbiome|is linked to|442|464|abstract|cardiovascular diseases|DDF
28843021|expert_1|33|46|abstract|gut microbiota|microbiome|is linked to|82|100|abstract|Parkinson's disease|DDF
28843021|expert_1|33|46|abstract|gut microbiota|microbiome|is linked to|103|104|abstract|PD|DDF
28843021|expert_1|689|699|abstract|PD patients|human|used by|810|854|abstract|16S and 18S ribosomal RNA amplicon sequencing|biomedical technique
28843021|expert_1|705|766|abstract|idiopathic rapid eye movement sleep behavior disorder patients|human|used by|810|854|abstract|16S and 18S ribosomal RNA amplicon sequencing|biomedical technique
28843021|expert_1|776|791|abstract|healthy controls|human|used by|810|854|abstract|16S and 18S ribosomal RNA amplicon sequencing|biomedical technique
28843021|expert_1|1154|1155|abstract|PD|DDF|change abundance|1102|1113|abstract|gut microbes|bacteria
28843021|expert_1|1154|1155|abstract|PD|DDF|change abundance|1124|1134|abstract|Akkermansia|bacteria
34004259|expert_6|40|53|title|gut microbiota|microbiome|located in|58|61|title|mice|animal
34004259|expert_6|363|389|abstract|gastrointestinal microbiota|microbiome|located in|349|353|abstract|brain|anatomical location
34004259|expert_6|489|502|abstract|gut microbiota|microbiome|located in|552|561|abstract|adult mice|animal
34004259|expert_6|508|530|abstract|short-chain fatty acids|chemical|located in|552|561|abstract|adult mice|animal
34004259|expert_6|533|537|abstract|SCFAs|chemical|located in|552|561|abstract|adult mice|animal
34004259|expert_6|660|673|abstract|gut microbiota|microbiome|located in|678|681|abstract|mice|animal
34004259|expert_6|660|673|abstract|gut microbiota|microbiome|located in|697|708|abstract|control mice|animal
34004259|expert_6|1459|1463|abstract|SCFAs|chemical|located in|1485|1494|abstract|adult mice|animal
34004259|expert_6|1546|1548|abstract|CNO|chemical|impact|1603|1616|abstract|gut microbiota|microbiome
34004259|expert_6|1553|1555|abstract|C21|chemical|impact|1603|1616|abstract|gut microbiota|microbiome
34004259|expert_6|1603|1616|abstract|gut microbiota|microbiome|located in|1621|1630|abstract|adult mice|animal
34004259|expert_6|1717|1730|abstract|DREADD ligands|drug|impact|1680|1693|abstract|gut microbiota|microbiome
33301807|expert_6|6|23|abstract|spinal cord injury|DDF|affect|32|53|abstract|intestinal dysfunction|DDF
33301807|expert_6|26|28|abstract|SCI|DDF|affect|32|53|abstract|intestinal dysfunction|DDF
33301807|expert_6|207|209|abstract|SCI|DDF|affect|218|230|abstract|gut dysbiosis|DDF
33301807|expert_6|244|257|abstract|gut microbiota|microbiome|is linked to|344|346|abstract|SCI|DDF
33301807|expert_6|498|500|abstract|SCI|DDF|affect|513|534|abstract|intestinal dysfunction|DDF
33301807|expert_6|498|500|abstract|SCI|DDF|affect|537|558|abstract|anxiety and depression|DDF
33301807|expert_6|498|500|abstract|SCI|DDF|affect|561|579|abstract|metabolic disorders|DDF
33301807|expert_6|498|500|abstract|SCI|DDF|affect|586|601|abstract|neuropathic pain|DDF
33301807|expert_6|498|500|abstract|SCI|DDF|affect|642|654|abstract|gut dysbiosis|DDF
33301807|expert_6|1123|1136|abstract|gut microbiota|microbiome|is linked to|1114|1116|abstract|SCI|DDF
27930574|expert_5|0|9|abstract|Prebiotics|dietary supplement|impact|89|102|abstract|gut microbiota|microbiome
32667590|expert_5|546|566|abstract|intestinal microbiota|microbiome|located in|266|290|abstract|small and large intestine|anatomical location
32667590|expert_5|546|566|abstract|intestinal microbiota|microbiome|is linked to|584|621|abstract|neurological and psychiatric disorders|DDF
32667590|expert_5|673|686|abstract|gut microbiota|microbiome|located in|695|699|abstract|brain|anatomical location
32667590|expert_5|673|686|abstract|gut microbiota|microbiome|is linked to|717|733|abstract|Alzheimer disease|DDF
32667590|expert_5|673|686|abstract|gut microbiota|microbiome|is linked to|736|743|abstract|dementia|DDF
32667590|expert_5|673|686|abstract|gut microbiota|microbiome|is linked to|746|752|abstract|anxiety|DDF
32667590|expert_5|673|686|abstract|gut microbiota|microbiome|is linked to|755|778|abstract|autism spectrum disorder|DDF
32667590|expert_5|673|686|abstract|gut microbiota|microbiome|is linked to|781|796|abstract|bipolar disorder|DDF
32667590|expert_5|673|686|abstract|gut microbiota|microbiome|is linked to|799|823|abstract|major depressive disorder|DDF
32667590|expert_5|673|686|abstract|gut microbiota|microbiome|is linked to|826|844|abstract|Parkinson's disease|DDF
32667590|expert_5|673|686|abstract|gut microbiota|microbiome|is linked to|851|863|abstract|schizophrenia|DDF
32667590|expert_5|915|956|abstract|intestinal metabolites of microbial origin|chemical|located in|266|290|abstract|small and large intestine|anatomical location
32667590|expert_5|915|956|abstract|intestinal metabolites of microbial origin|chemical|produced by|546|566|abstract|intestinal microbiota|microbiome
32667590|expert_5|1128|1137|abstract|prebiotics|dietary supplement|influence|1215|1240|abstract|neuropsychiatric disorders|DDF
32667590|expert_5|1140|1149|abstract|probiotics|dietary supplement|influence|1215|1240|abstract|neuropsychiatric disorders|DDF
30033172|expert_2|4|17|abstract|gut microbiota|microbiome|located in|52|61|abstract|human host|human
30033172|expert_2|515|528|abstract|gut microbiota|microbiome|is linked to|832|858|abstract|dietary-induced alterations|DDF
30033172|expert_2|515|528|abstract|gut microbiota|microbiome|is linked to|739|758|abstract|intestinal dysbiosis|DDF
30033172|expert_2|515|528|abstract|gut microbiota|microbiome|is linked to|709|733|abstract|non-communicable diseases|DDF
27763700|expert_6|22|31|title|prebiotics|dietary supplement|influence|86|91|title|stress|DDF
27763700|expert_6|37|60|title|bioactive milk fractions|dietary supplement|influence|86|91|title|stress|DDF
27763700|expert_6|427|436|abstract|prebiotics|dietary supplement|influence|587|592|abstract|stress|DDF
27763700|expert_6|439|460|abstract|galactooligosaccharide|dietary supplement|influence|587|592|abstract|stress|DDF
27763700|expert_6|463|465|abstract|GOS|dietary supplement|influence|587|592|abstract|stress|DDF
27763700|expert_6|472|483|abstract|polydextrose|dietary supplement|influence|587|592|abstract|stress|DDF
27763700|expert_6|486|488|abstract|PDX|dietary supplement|influence|587|592|abstract|stress|DDF
27763700|expert_6|513|523|abstract|lactoferrin|chemical|influence|587|592|abstract|stress|DDF
27763700|expert_6|526|528|abstract|LAC|chemical|influence|587|592|abstract|stress|DDF
27763700|expert_6|667|669|abstract|GOS|dietary supplement|impact|736|747|abstract|gut bacteria|bacteria
27763700|expert_6|667|669|abstract|GOS|dietary supplement|influence|1108|1142|abstract|stress-induced learned helplessness|DDF
27763700|expert_6|675|677|abstract|PDX|dietary supplement|impact|736|747|abstract|gut bacteria|bacteria
27763700|expert_6|675|677|abstract|PDX|dietary supplement|influence|1108|1142|abstract|stress-induced learned helplessness|DDF
27763700|expert_6|686|688|abstract|LAC|chemical|impact|736|747|abstract|gut bacteria|bacteria
27763700|expert_6|686|688|abstract|LAC|chemical|influence|1108|1142|abstract|stress-induced learned helplessness|DDF
27763700|expert_6|700|702|abstract|GOS|dietary supplement|impact|736|747|abstract|gut bacteria|bacteria
27763700|expert_6|700|702|abstract|GOS|dietary supplement|influence|1108|1142|abstract|stress-induced learned helplessness|DDF
27763700|expert_6|705|707|abstract|PDX|dietary supplement|impact|736|747|abstract|gut bacteria|bacteria
27763700|expert_6|705|707|abstract|PDX|dietary supplement|influence|1108|1142|abstract|stress-induced learned helplessness|DDF
27763700|expert_6|713|715|abstract|LAC|chemical|impact|736|747|abstract|gut bacteria|bacteria
27763700|expert_6|713|715|abstract|LAC|chemical|influence|1108|1142|abstract|stress-induced learned helplessness|DDF
27763700|expert_6|773|775|abstract|GOS|dietary supplement|impact|795|812|abstract|Lactobacillus spp.|bacteria
27763700|expert_6|781|783|abstract|PDX|dietary supplement|impact|795|812|abstract|Lactobacillus spp.|bacteria
27763700|expert_6|850|867|abstract|inescapable stress|DDF|target|829|832|abstract|rats|animal
27763700|expert_6|1339|1341|abstract|GOS|dietary supplement|influence|1372|1402|abstract|stress-evoked decreases in mRNA|DDF
27763700|expert_6|1344|1346|abstract|PDX|dietary supplement|influence|1372|1402|abstract|stress-evoked decreases in mRNA|DDF
27763700|expert_6|1352|1354|abstract|LAC|chemical|influence|1372|1402|abstract|stress-evoked decreases in mRNA|DDF
27763700|expert_6|1561|1570|abstract|prebiotics|dietary supplement|influence|1603|1619|abstract|stress resistance|DDF
31383280|expert_7|72|94|title|Maternal Gut Microbiome|microbiome|located in|81|86|abstract|mother|human
31383280|expert_7|72|94|title|Maternal Gut Microbiome|microbiome|is linked to|611|614|abstract|PMAD|DDF
31383280|expert_7|72|94|title|Maternal Gut Microbiome|microbiome|located in|653|658|abstract|mother|human
31383280|expert_7|0|35|abstract|Perinatal mood and anxiety disorders|DDF|target|81|86|abstract|mother|human
31383280|expert_7|0|35|abstract|Perinatal mood and anxiety disorders|DDF|target|92|96|abstract|child|human
31383280|expert_7|0|35|abstract|Perinatal mood and anxiety disorders|DDF|target|653|658|abstract|mother|human
31383280|expert_7|0|35|abstract|Perinatal mood and anxiety disorders|DDF|target|664|668|abstract|child|human
31383280|expert_7|38|41|abstract|PMAD|DDF|target|81|86|abstract|mother|human
31383280|expert_7|38|41|abstract|PMAD|DDF|target|92|96|abstract|child|human
31383280|expert_7|375|378|abstract|PMAD|DDF|target|81|86|abstract|mother|human
31383280|expert_7|375|378|abstract|PMAD|DDF|target|92|96|abstract|child|human
31383280|expert_7|611|614|abstract|PMAD|DDF|target|653|658|abstract|mother|human
31383280|expert_7|611|614|abstract|PMAD|DDF|target|664|668|abstract|child|human
38606411|expert_2|54|78|title|chronic insomnia disorder|DDF|target|40|47|title|patients|human
38606411|expert_2|0|16|abstract|Insomnia disorder|DDF|is a|53|92|abstract|clinical sleep and psychiatric disorders|DDF
38606411|expert_2|186|199|abstract|gut microbiota|microbiome|located in|207|217|abstract|individuals|human
38606411|expert_2|186|199|abstract|gut microbiota|microbiome|is linked to|224|240|abstract|insomnia disorder|DDF
38606411|expert_2|224|240|abstract|insomnia disorder|DDF|target|207|217|abstract|individuals|human
38606411|expert_2|453|470|abstract|intestinal barrier|anatomical location|located in|475|485|abstract|individuals|human
38606411|expert_2|492|508|abstract|insomnia disorder|DDF|target|475|485|abstract|individuals|human
38606411|expert_2|570|577|abstract|patients|human|used by|700|715|abstract|ELISA technology|biomedical technique
38606411|expert_2|584|608|abstract|chronic insomnia disorder|DDF|target|570|577|abstract|patients|human
38606411|expert_2|625|642|abstract|healthy volunteers|human|used by|700|715|abstract|ELISA technology|biomedical technique
38606411|expert_2|1377|1393|abstract|insomnia disorder|DDF|target|1360|1370|abstract|individuals|human
38606411|expert_2|2037|2061|abstract|chronic insomnia disorder|DDF|target|2020|2030|abstract|Individuals|human
38606411|expert_2|2037|2061|abstract|chronic insomnia disorder|DDF|affect|2133|2139|abstract|anxiety|DDF
38606411|expert_2|2037|2061|abstract|chronic insomnia disorder|DDF|affect|2167|2202|abstract|impaired intestinal barrier function|DDF
28073356|expert_7|0|25|title|Gut microbiota disturbance|DDF|affect|34|51|title|helminth infection|DDF
28073356|expert_7|0|25|title|Gut microbiota disturbance|DDF|target|95|102|title|children|human
28073356|expert_7|34|51|title|helminth infection|DDF|target|95|102|title|children|human
28073356|expert_7|255|268|abstract|gut microbiota|microbiome|located in|344|348|abstract|brain|anatomical location
28073356|expert_7|825|843|abstract|helminth infections|DDF|target|794|813|abstract|school-aged children|human
28073356|expert_7|825|843|abstract|helminth infections|DDF|affect|867|886|abstract|cognitive impairment|DDF
28073356|expert_7|867|886|abstract|cognitive impairment|DDF|target|794|813|abstract|school-aged children|human
28073356|expert_7|1401|1436|abstract|gastrointestinal helminth infections|DDF|affect|1445|1473|abstract|childhood cognitive morbidity|DDF
37764277|expert_3|618|625|abstract|Baicalin|chemical|influence|742|748|abstract|obesity|DDF
37764277|expert_3|618|625|abstract|Baicalin|chemical|influence|816|835|abstract|intestinal disorders|DDF
37764277|expert_3|618|625|abstract|Baicalin|chemical|impact|867|891|abstract|intestinal microorganisms|bacteria
37764277|expert_3|1065|1072|abstract|baicalin|chemical|influence|1077|1100|abstract|gut-brain axis disorders|DDF
34357134|expert_2|18|44|abstract|social cognitive impairment|DDF|affect|3|15|abstract|schizophrenia|DDF
34357134|expert_2|528|540|abstract|schizophrenia|DDF|target|514|521|abstract|patients|human
37049591|expert_3|111|135|title|Major Depressive Disorder|DDF|target|97|104|title|Patients|human
37049591|expert_3|115|128|abstract|gut microbiota|microbiome|is linked to|158|194|abstract|neurological and psychiatric diseases|DDF
37049591|expert_3|206|219|abstract|gut microbiota|microbiome|located in|232|271|abstract|major depressive disorder (MDD) patients|human
37049591|expert_3|521|536|abstract|intestinal flora|microbiome|located in|557|568|abstract|MDD patients|human
37049591|expert_3|639|672|abstract|plasma indoleamine-2,3-dioxygenase|chemical|located in|591|602|abstract|Venous blood|anatomical location
37049591|expert_3|675|677|abstract|Ido|chemical|located in|591|602|abstract|Venous blood|anatomical location
37049591|expert_3|681|690|abstract|kynurenine|chemical|located in|591|602|abstract|Venous blood|anatomical location
37049591|expert_3|693|695|abstract|Kyn|chemical|located in|591|602|abstract|Venous blood|anatomical location
37049591|expert_3|702|711|abstract|tryptophan|chemical|located in|591|602|abstract|Venous blood|anatomical location
37049591|expert_3|714|716|abstract|Trp|chemical|located in|591|602|abstract|Venous blood|anatomical location
37049591|expert_3|1383|1385|abstract|MDD|DDF|target|1369|1376|abstract|patients|human
37156128|expert_2|54|66|title|schizophrenia|DDF|target|40|47|title|patients|human
37156128|expert_2|4|23|abstract|human gut microbiome|microbiome|is linked to|117|142|abstract|neuropsychiatric disorders|DDF
37156128|expert_2|183|196|abstract|gut microbiome|microbiome|is linked to|222|234|abstract|schizophrenia|DDF
37156128|expert_2|222|234|abstract|schizophrenia|DDF|change abundance|1148|1159|abstract|Ruminococcus|bacteria
37156128|expert_2|222|234|abstract|schizophrenia|DDF|change abundance|1162|1167|abstract|UCG005|bacteria
37156128|expert_2|222|234|abstract|schizophrenia|DDF|change abundance|1170|1196|abstract|Clostridium_sensu_stricto_1|bacteria
37156128|expert_2|222|234|abstract|schizophrenia|DDF|change abundance|1202|1216|abstract|Bifidobacterium|bacteria
37156128|expert_2|383|396|abstract|gut microbiota|microbiome|located in|404|459|abstract|drug-naïve (DN SCZ) and risperidone-treated SCZ patients|human
37156128|expert_2|383|396|abstract|gut microbiota|microbiome|located in|462|469|abstract|RISP SCZ|human
37156128|expert_2|383|396|abstract|gut microbiota|microbiome|located in|485|500|abstract|healthy controls|human
37156128|expert_2|383|396|abstract|gut microbiota|microbiome|located in|503|505|abstract|HCs|human
37156128|expert_2|630|635|abstract|DN SCZ|human|used by|704|722|abstract|16s rRNA sequencing|biomedical technique
37156128|expert_2|638|645|abstract|RISP SCZ|human|used by|704|722|abstract|16s rRNA sequencing|biomedical technique
37156128|expert_2|651|653|abstract|HCs|human|used by|704|722|abstract|16s rRNA sequencing|biomedical technique
31769847|expert_7|0|9|title|Probiotics|dietary supplement|influence|36|56|title|psychiatric disorders|DDF
31769847|expert_7|0|9|title|Probiotics|dietary supplement|administered|324|343|abstract|psychiatric patients|human
31769847|expert_7|15|24|title|prebiotics|dietary supplement|influence|36|56|title|psychiatric disorders|DDF
31769847|expert_7|15|24|title|prebiotics|dietary supplement|administered|324|343|abstract|psychiatric patients|human
31769847|expert_7|36|56|title|psychiatric disorders|DDF|target|324|343|abstract|psychiatric patients|human
31769847|expert_7|23|41|abstract|microbial dysbiosis|DDF|affect|62|81|abstract|psychiatric diseases|DDF
31769847|expert_7|62|81|abstract|psychiatric diseases|DDF|target|324|343|abstract|psychiatric patients|human
31769847|expert_7|102|115|abstract|gut microbiota|microbiome|is linked to|62|81|abstract|psychiatric diseases|DDF
31769847|expert_7|174|183|abstract|probiotics|dietary supplement|impact|102|115|abstract|gut microbiota|microbiome
31769847|expert_7|189|198|abstract|prebiotics|dietary supplement|impact|102|115|abstract|gut microbiota|microbiome
31769847|expert_7|296|305|abstract|probiotics|dietary supplement|administered|324|343|abstract|psychiatric patients|human
31769847|expert_7|310|319|abstract|prebiotics|dietary supplement|administered|324|343|abstract|psychiatric patients|human
31769847|expert_7|473|482|abstract|prebiotics|dietary supplement|administered|501|508|abstract|patients|human
31769847|expert_7|487|496|abstract|probiotics|dietary supplement|administered|501|508|abstract|patients|human
31769847|expert_7|538|557|abstract|psychiatric disorder|DDF|target|501|508|abstract|patients|human
31769847|expert_7|722|731|abstract|Probiotics|dietary supplement|influence|763|787|abstract|major depressive disorder|DDF
31769847|expert_7|722|731|abstract|Probiotics|dietary supplement|influence|793|811|abstract|Alzheimer's disease|DDF
31769847|expert_7|836|845|abstract|probiotics|dietary supplement|administered|876|883|abstract|patients|human
31769847|expert_7|890|900|abstract|acute mania|DDF|target|876|883|abstract|patients|human
31769847|expert_7|1023|1032|abstract|probiotics|dietary supplement|influence|906|930|abstract|autism spectrum disorders|DDF
31769847|expert_7|1101|1113|abstract|schizophrenia|DDF|target|1087|1094|abstract|patients|human
31769847|expert_7|1260|1269|abstract|prebiotics|dietary supplement|influence|1210|1230|abstract|psychiatric disorders|DDF
31769847|expert_7|1275|1284|abstract|probiotics|dietary supplement|influence|1210|1230|abstract|psychiatric disorders|DDF
36072564|expert_6|235|248|abstract|gut microbiome|microbiome|is linked to|32|51|abstract|age-related diseases|DDF
36072564|expert_6|235|248|abstract|gut microbiome|microbiome|is linked to|62|96|abstract|Alzheimer's and Parkinson's disease|DDF
36072564|expert_6|235|248|abstract|gut microbiome|microbiome|is linked to|116|130|abstract|brain disorders|DDF
36072564|expert_6|235|248|abstract|gut microbiome|microbiome|is linked to|143|149|abstract|anxiety|DDF
36072564|expert_6|235|248|abstract|gut microbiome|microbiome|is linked to|152|161|abstract|depression|DDF
36072564|expert_6|235|248|abstract|gut microbiome|microbiome|is linked to|168|180|abstract|schizophrenia|DDF
36072564|expert_6|479|508|abstract|microbiota-derived metabolites|chemical|located in|526|542|abstract|older individuals|human
36072564|expert_6|549|571|abstract|age-associated diseases|DDF|target|526|542|abstract|older individuals|human
36072564|expert_6|577|593|abstract|cognitive defects|DDF|target|526|542|abstract|older individuals|human
36072564|expert_6|718|724|abstract|choline|chemical|influence|773|792|abstract|age-related diseases|DDF
36072564|expert_6|730|743|abstract|trimethylamine|chemical|influence|773|792|abstract|age-related diseases|DDF
36072564|expert_6|1325|1354|abstract|microbiota-derived metabolites|chemical|influence|1379|1401|abstract|age-associated diseases|DDF
31596658|expert_6|838|851|abstract|gut microbiome|microbiome|located in|745|747|abstract|gut|anatomical location
31596658|expert_6|838|851|abstract|gut microbiome|microbiome|located in|757|761|abstract|mouth|anatomical location
30518033|expert_6|74|99|title|Gut Microbiota Composition|microbiome|is linked to|15|28|title|Anxiety Levels|DDF
30518033|expert_6|314|327|abstract|gut microbiota|microbiome|is linked to|352|358|abstract|anxiety|DDF
30518033|expert_6|1218|1231|abstract|gut microbiota|microbiome|is linked to|1163|1181|abstract|host anxiety levels|DDF
30518033|expert_6|1218|1231|abstract|gut microbiota|microbiome|is linked to|1294|1315|abstract|psychological symptoms|DDF
34216356|expert_6|29|42|title|Gut Microbiome|microbiome|is linked to|48|73|title|Neurodegenerative Diseases|DDF
34216356|expert_6|499|519|abstract|intestinal microbiota|microbiome|is linked to|266|284|abstract|Alzheimer's disease|DDF
34216356|expert_6|499|519|abstract|intestinal microbiota|microbiome|is linked to|290|308|abstract|Parkinson's disease|DDF
34216356|expert_6|599|612|abstract|gut microbiota|microbiome|is linked to|568|593|abstract|neurodegenerative diseases|DDF
34216356|expert_6|863|876|abstract|gut microbiome|microbiome|is linked to|882|907|abstract|neurodegenerative diseases|DDF
34216356|expert_6|948|961|abstract|gut microbiome|microbiome|used by|923|938|abstract|assay techniques|biomedical technique
26627987|expert_2|171|184|abstract|gut microbiome|microbiome|is linked to|295|307|abstract|gut disorders|DDF
26627987|expert_2|171|184|abstract|gut microbiome|microbiome|is linked to|315|338|abstract|irritable bowel syndrome|DDF
26627987|expert_2|171|184|abstract|gut microbiome|microbiome|is linked to|341|343|abstract|IBS|DDF
26627987|expert_2|171|184|abstract|gut microbiome|microbiome|is linked to|350|367|abstract|ulcerative colitis|DDF
26627987|expert_2|171|184|abstract|gut microbiome|microbiome|is linked to|370|371|abstract|UC|DDF
26627987|expert_2|171|184|abstract|gut microbiome|microbiome|is linked to|384|421|abstract|central nervous system (CNS) disorders|DDF
26627987|expert_2|171|184|abstract|gut microbiome|microbiome|is linked to|432|467|abstract|Alzheimer's and Parkinson's diseases|DDF
26627987|expert_2|295|307|abstract|gut disorders|DDF|affect|315|338|abstract|irritable bowel syndrome|DDF
26627987|expert_2|295|307|abstract|gut disorders|DDF|affect|350|367|abstract|ulcerative colitis|DDF
26627987|expert_2|295|307|abstract|gut disorders|DDF|affect|384|421|abstract|central nervous system (CNS) disorders|DDF
26627987|expert_2|295|307|abstract|gut disorders|DDF|affect|432|467|abstract|Alzheimer's and Parkinson's diseases|DDF
35203906|expert_3|150|159|abstract|SARS-CoV-2|DDF|affect|188|206|abstract|Parkinson's disease|DDF
35203906|expert_3|150|159|abstract|SARS-CoV-2|DDF|affect|209|210|abstract|PD|DDF
35203906|expert_3|254|268|abstract|PD/parkinsonism|DDF|affect|300|314|abstract|viral infection|DDF
35203906|expert_3|433|456|abstract|coronavirus disease 2019|DDF|affect|473|474|abstract|PD|DDF
35203906|expert_3|459|466|abstract|COVID-19|DDF|affect|473|474|abstract|PD|DDF
35203906|expert_3|727|757|abstract|rigidity of respiratory muscles|DDF|target|693|710|abstract|elderly population|human
35203906|expert_3|760|785|abstract|impairment of cough reflex|DDF|target|693|710|abstract|elderly population|human
35203906|expert_3|792|798|abstract|dyspnea|DDF|target|693|710|abstract|elderly population|human
35203906|expert_3|842|856|abstract|viral infection|DDF|target|801|811|abstract|PD patients|human
35203906|expert_3|908|915|abstract|COVID-19|DDF|target|801|811|abstract|PD patients|human
31488882|expert_4|0|18|title|Sodium oligomannate|dietary supplement|impact|45|58|title|gut microbiota|microbiome
31488882|expert_4|0|18|title|Sodium oligomannate|dietary supplement|influence|75|124|title|gut bacterial amino acids-shaped neuroinflammation|DDF
31488882|expert_4|0|18|title|Sodium oligomannate|dietary supplement|influence|137|167|title|Alzheimer's disease progression|DDF
31488882|expert_4|363|376|abstract|AD progression|DDF|interact|464|476|abstract|phenylalanine|chemical
31488882|expert_4|363|376|abstract|AD progression|DDF|interact|482|491|abstract|isoleucine|chemical
31488882|expert_4|936|960|abstract|mild cognitive impairment|DDF|target|922|929|abstract|patients|human
31488882|expert_4|963|965|abstract|MCI|DDF|target|922|929|abstract|patients|human
31488882|expert_4|975|976|abstract|AD|DDF|affect|936|960|abstract|mild cognitive impairment|DDF
31488882|expert_4|975|976|abstract|AD|DDF|affect|963|965|abstract|MCI|DDF
31488882|expert_4|992|997|abstract|GV-971|drug|change effect|1136|1148|abstract|gut dysbiosis|DDF
31488882|expert_4|992|997|abstract|GV-971|drug|interact|1169|1181|abstract|phenylalanine|chemical
31488882|expert_4|992|997|abstract|GV-971|drug|interact|1183|1192|abstract|isoleucine|chemical
31488882|expert_4|992|997|abstract|GV-971|drug|change effect|1218|1234|abstract|neuroinflammation|DDF
31488882|expert_4|992|997|abstract|GV-971|drug|change effect|1253|1272|abstract|cognition impairment|DDF
31488882|expert_4|1002|1020|abstract|sodium oligomannate|drug|change effect|1136|1148|abstract|gut dysbiosis|DDF
31488882|expert_4|1002|1020|abstract|sodium oligomannate|drug|interact|1169|1181|abstract|phenylalanine|chemical
31488882|expert_4|1002|1020|abstract|sodium oligomannate|drug|interact|1183|1192|abstract|isoleucine|chemical
31488882|expert_4|1002|1020|abstract|sodium oligomannate|drug|change effect|1218|1234|abstract|neuroinflammation|DDF
31488882|expert_4|1002|1020|abstract|sodium oligomannate|drug|change effect|1253|1272|abstract|cognition impairment|DDF
37502424|expert_3|129|153|title|mildly impaired cognition|DDF|target|81|111|title|community-dwelling older adults|human
37502424|expert_3|2283|2317|abstract|mildly impaired cognitive functions|DDF|target|2237|2266|abstract|community-dwelling individuals|human
38011787|expert_4|0|15|title|Cryptotanshinone|chemical|impact|27|40|title|gut microbiota|microbiome
38011787|expert_4|0|15|title|Cryptotanshinone|chemical|influence|84|115|title|CUMS induced depressive symptoms|DDF
38011787|expert_4|587|600|abstract|gut microbiota|microbiome|used by|540|557|abstract|16 S rDNA analysis|biomedical technique
38011787|expert_4|587|600|abstract|gut microbiota|microbiome|located in|605|608|abstract|rats|animal
38011787|expert_4|664|666|abstract|CPT|chemical|influence|746|755|abstract|depression|DDF
37400971|expert_3|142|174|abstract|psychiatric-related abnormalities|DDF|change abundance|46|68|abstract|maternal gut microbiota|microbiome
37400971|expert_3|873|875|abstract|MMD|DDF|affect|891|912|abstract|behavioral impairments|DDF
37400971|expert_3|942|944|abstract|MMD|DDF|affect|1116|1149|abstract|obsessive-compulsive-like behavior|DDF
37400971|expert_3|1414|1439|abstract|experimental perinatal MMD|DDF|target|1474|1482|abstract|offspring|animal
31132457|expert_3|373|375|abstract|GMC|microbiome|located in|297|303|abstract|toddler|human
31132457|expert_3|1692|1694|abstract|GMC|microbiome|located in|1715|1727|abstract|young infants|human
34408160|expert_5|321|335|abstract|alpha-synuclein|chemical|influence|53|71|title|Parkinson's disease|DDF
34408160|expert_5|321|335|abstract|alpha-synuclein|chemical|influence|368|386|abstract|Parkinson's disease|DDF
34408160|expert_5|321|335|abstract|alpha-synuclein|chemical|influence|389|390|abstract|PD|DDF
34408160|expert_5|321|335|abstract|alpha-synuclein|chemical|influence|404|414|abstract|familial PD|DDF
34408160|expert_5|494|520|abstract|dysbiosis of gut microbiome|DDF|affect|53|71|title|Parkinson's disease|DDF
34408160|expert_5|494|520|abstract|dysbiosis of gut microbiome|DDF|affect|525|526|abstract|PD|DDF
34408160|expert_5|632|654|abstract|opportunistic pathogens|bacteria|influence|494|520|abstract|dysbiosis of gut microbiome|DDF
34408160|expert_5|632|654|abstract|opportunistic pathogens|bacteria|influence|525|526|abstract|PD|DDF
34408160|expert_5|950|963|abstract|gut microbiome|microbiome|is linked to|972|989|abstract|pathogenesis of PD|DDF
34408160|expert_5|950|963|abstract|gut microbiome|microbiome|located in|1089|1091|abstract|gut|anatomical location
34408160|expert_5|972|989|abstract|pathogenesis of PD|DDF|affect|53|71|title|Parkinson's disease|DDF
34408160|expert_5|972|989|abstract|pathogenesis of PD|DDF|affect|389|390|abstract|PD|DDF
31377712|expert_1|0|17|abstract|Multiple sclerosis|DDF|affect|70|79|abstract|disability|DDF
31377712|expert_1|0|17|abstract|Multiple sclerosis|DDF|target|84|95|abstract|young adults|human
31377712|expert_1|20|21|abstract|MS|DDF|affect|70|79|abstract|disability|DDF
31377712|expert_1|20|21|abstract|MS|DDF|target|84|95|abstract|young adults|human
31377712|expert_1|497|498|abstract|MS|DDF|target|483|490|abstract|patients|human
31377712|expert_1|736|737|abstract|MS|DDF|target|711|729|abstract|young <u>a</u>dults|human
31377712|expert_1|887|898|abstract|young adults|human|used by|992|1016|abstract|neurological examinations|biomedical technique
31377712|expert_1|887|898|abstract|young adults|human|used by|1019|1021|abstract|MRI|biomedical technique
31377712|expert_1|887|898|abstract|young adults|human|used by|1037|1076|abstract|cerebrospinal fluid and blood biomarkers|biomedical technique
31377712|expert_1|921|922|abstract|MS|DDF|target|887|898|abstract|young adults|human
31377712|expert_1|1128|1141|abstract|gut microbiota|microbiome|located in|887|898|abstract|young adults|human
31377712|expert_1|1679|1680|abstract|MS|DDF|target|1659|1672|abstract|young patients|human
38331354|expert_4|46|60|abstract|liver cirrhosis|DDF|target|32|39|abstract|patients|human
38331354|expert_4|126|134|abstract|Dysbiosis|DDF|affect|177|186|abstract|depression|DDF
38331354|expert_4|366|380|abstract|liver cirrhosis|DDF|target|356|359|abstract|mice|animal
33692356|expert_5|4|17|abstract|gut microbiota|microbiome|is linked to|60|85|abstract|neurodegenerative diseases|DDF
33692356|expert_5|4|17|abstract|gut microbiota|microbiome|is linked to|141|199|abstract|Parkinson's disease (PD) symptomatology and pathophysiology|DDF
33692356|expert_5|4|17|abstract|gut microbiota|microbiome|is linked to|202|203|abstract|PD|DDF
33692356|expert_5|125|136|abstract|gut microbes|microbiome|is linked to|60|85|abstract|neurodegenerative diseases|DDF
33692356|expert_5|125|136|abstract|gut microbes|microbiome|is linked to|141|199|abstract|Parkinson's disease (PD) symptomatology and pathophysiology|DDF
33692356|expert_5|125|136|abstract|gut microbes|microbiome|is linked to|202|203|abstract|PD|DDF
33692356|expert_5|226|250|abstract|gastrointestinal symptoms|DDF|affect|141|199|abstract|Parkinson's disease (PD) symptomatology and pathophysiology|DDF
33692356|expert_5|226|250|abstract|gastrointestinal symptoms|DDF|affect|202|203|abstract|PD|DDF
33692356|expert_5|256|296|abstract|alterations of the enteric nervous system|DDF|affect|141|199|abstract|Parkinson's disease (PD) symptomatology and pathophysiology|DDF
33692356|expert_5|256|296|abstract|alterations of the enteric nervous system|DDF|affect|202|203|abstract|PD|DDF
33692356|expert_5|416|437|abstract|PD-specific microbiota|microbiome|located in|616|626|abstract|PD patients|human
33692356|expert_5|598|611|abstract|gut microbiota|microbiome|located in|616|626|abstract|PD patients|human
33692356|expert_5|598|611|abstract|gut microbiota|microbiome|located in|831|845|abstract|PD and controls|human
33692356|expert_5|690|713|abstract|PD-associated microbiome|microbiome|located in|616|626|abstract|PD patients|human
33692356|expert_5|974|988|abstract|Lachnospiraceae|bacteria|interact|1044|1066|abstract|short-chain fatty acids|chemical
33692356|expert_5|1005|1020|abstract|Faecalibacterium|bacteria|interact|1044|1066|abstract|short-chain fatty acids|chemical
33692356|expert_5|1146|1154|abstract|dysbiosis|DDF|affect|1174|1196|abstract|pro-inflammatory status|DDF
33692356|expert_5|1174|1196|abstract|pro-inflammatory status|DDF|affect|1227|1261|abstract|recurrent gastrointestinal symptoms|DDF
33692356|expert_5|1227|1261|abstract|recurrent gastrointestinal symptoms|DDF|target|1273|1283|abstract|PD patients|human
27566465|expert_3|0|18|abstract|Alzheimer's disease|DDF|affect|92|109|abstract|impaired cognition|DDF
27566465|expert_3|21|22|abstract|AD|DDF|affect|92|109|abstract|impaired cognition|DDF
27566465|expert_3|42|67|abstract|neurodegenerative disorder|DDF|affect|92|109|abstract|impaired cognition|DDF
27566465|expert_3|253|263|abstract|antibiotics|drug|impact|325|338|abstract|gut microbiota|microbiome
27566465|expert_3|266|275|abstract|probiotics|dietary supplement|impact|325|338|abstract|gut microbiota|microbiome
27566465|expert_3|708|736|abstract|Pathogenic microbes infection|DDF|affect|769|770|abstract|AD|DDF
27566465|expert_3|867|868|abstract|AD|DDF|change abundance|935|948|abstract|gut microbiota|microbiome
27566465|expert_3|965|978|abstract|gut microbiota|microbiome|is linked to|1085|1086|abstract|AD|DDF
29249803|expert_7|187|198|abstract|(R)-ketamine|drug|administered|648|668|abstract|CSDS-susceptible mice|animal
29249803|expert_7|187|198|abstract|(R)-ketamine|drug|impact|907|925|abstract|Deltaproteobacteria|bacteria
29249803|expert_7|187|198|abstract|(R)-ketamine|drug|administered|934|949|abstract|susceptible mice|animal
29249803|expert_7|187|198|abstract|(R)-ketamine|drug|administered|1086|1101|abstract|susceptible mice|animal
29249803|expert_7|187|198|abstract|(R)-ketamine|drug|impact|1205|1217|abstract|Butyricimonas|bacteria
29249803|expert_7|187|198|abstract|(R)-ketamine|drug|administered|1226|1241|abstract|susceptible mice|animal
29249803|expert_7|187|198|abstract|(R)-ketamine|drug|administered|1347|1362|abstract|susceptible mice|animal
29249803|expert_7|269|280|abstract|(S)-ketamine|drug|administered|648|668|abstract|CSDS-susceptible mice|animal
29249803|expert_7|269|280|abstract|(S)-ketamine|drug|impact|907|925|abstract|Deltaproteobacteria|bacteria
29249803|expert_7|269|280|abstract|(S)-ketamine|drug|administered|934|949|abstract|susceptible mice|animal
29249803|expert_7|269|280|abstract|(S)-ketamine|drug|administered|1086|1101|abstract|susceptible mice|animal
29249803|expert_7|269|280|abstract|(S)-ketamine|drug|impact|1205|1217|abstract|Butyricimonas|bacteria
29249803|expert_7|269|280|abstract|(S)-ketamine|drug|administered|1226|1241|abstract|susceptible mice|animal
29249803|expert_7|269|280|abstract|(S)-ketamine|drug|administered|1347|1362|abstract|susceptible mice|animal
29249803|expert_7|388|407|abstract|ketamine enantiomers|drug|administered|934|949|abstract|susceptible mice|animal
29249803|expert_7|388|407|abstract|ketamine enantiomers|drug|administered|1086|1101|abstract|susceptible mice|animal
29249803|expert_7|388|407|abstract|ketamine enantiomers|drug|administered|1226|1241|abstract|susceptible mice|animal
29249803|expert_7|388|407|abstract|ketamine enantiomers|drug|administered|1347|1362|abstract|susceptible mice|animal
29249803|expert_7|426|439|abstract|gut microbiota|microbiome|located in|648|668|abstract|CSDS-susceptible mice|animal
29249803|expert_7|426|439|abstract|gut microbiota|microbiome|located in|934|949|abstract|susceptible mice|animal
29249803|expert_7|426|439|abstract|gut microbiota|microbiome|located in|1086|1101|abstract|susceptible mice|animal
29249803|expert_7|426|439|abstract|gut microbiota|microbiome|located in|1226|1241|abstract|susceptible mice|animal
29249803|expert_7|426|439|abstract|gut microbiota|microbiome|located in|1347|1362|abstract|susceptible mice|animal
29249803|expert_7|474|493|abstract|ketamine enantiomers|drug|change effect|545|554|abstract|depression|DDF
29249803|expert_7|706|716|abstract|Tenericutes|bacteria|located in|648|668|abstract|CSDS-susceptible mice|animal
29249803|expert_7|722|735|abstract|Actinobacteria|bacteria|located in|648|668|abstract|CSDS-susceptible mice|animal
29249803|expert_7|755|774|abstract|ketamine enantiomers|drug|administered|648|668|abstract|CSDS-susceptible mice|animal
29249803|expert_7|831|850|abstract|ketamine enantiomers|drug|impact|907|925|abstract|Deltaproteobacteria|bacteria
29249803|expert_7|907|925|abstract|Deltaproteobacteria|bacteria|located in|934|949|abstract|susceptible mice|animal
29249803|expert_7|976|987|abstract|(R)-ketamine|drug|impact|1068|1077|abstract|Mollicutes|bacteria
29249803|expert_7|976|987|abstract|(R)-ketamine|drug|administered|1086|1101|abstract|susceptible mice|animal
29249803|expert_7|1068|1077|abstract|Mollicutes|bacteria|located in|1086|1101|abstract|susceptible mice|animal
29249803|expert_7|1129|1148|abstract|ketamine enantiomers|drug|impact|1205|1217|abstract|Butyricimonas|bacteria
29249803|expert_7|1253|1264|abstract|(R)-ketamine|drug|impact|1326|1338|abstract|Butyricimonas|bacteria
29249803|expert_7|1287|1298|abstract|(S)-ketamine|drug|impact|1326|1338|abstract|Butyricimonas|bacteria
29249803|expert_7|1326|1338|abstract|Butyricimonas|bacteria|located in|1347|1362|abstract|susceptible mice|animal
29249803|expert_7|1578|1589|abstract|(R)-ketamine|drug|impact|1608|1617|abstract|Mollicutes|bacteria
29249803|expert_7|1578|1589|abstract|(R)-ketamine|drug|impact|1623|1635|abstract|Butyricimonas|bacteria
32379622|expert_2|0|22|title|Betaine supplementation|dietary supplement|influence|72|99|title|chronic social defeat stress|DDF
32379622|expert_2|72|99|title|chronic social defeat stress|DDF|target|61|64|title|mice|animal
32379622|expert_2|209|215|abstract|betaine|dietary supplement|impact|244|257|abstract|gut microbiome|microbiome
32379622|expert_2|244|257|abstract|gut microbiome|microbiome|used by|455|477|abstract|Sucrose preference test|biomedical technique
32379622|expert_2|244|257|abstract|gut microbiome|microbiome|used by|483|499|abstract|16S rRNA analysis|biomedical technique
32379622|expert_2|244|257|abstract|gut microbiome|microbiome|located in|349|352|abstract|mice|animal
32379622|expert_2|367|394|abstract|chronic social defeat stress|DDF|target|349|352|abstract|mice|animal
32379622|expert_2|397|400|abstract|CSDS|DDF|target|349|352|abstract|mice|animal
32379622|expert_2|534|537|abstract|CSDS|DDF|target|590|609|abstract|betaine-treated mice|animal
32379622|expert_2|534|537|abstract|CSDS|DDF|target|658|675|abstract|water-treated mice|animal
32379622|expert_2|858|880|abstract|Betaine supplementation|dietary supplement|impact|244|257|abstract|gut microbiome|microbiome
32379622|expert_2|858|880|abstract|Betaine supplementation|dietary supplement|influence|973|976|abstract|CSDS|DDF
32379622|expert_2|1105|1108|abstract|CSDS|DDF|interact|1130|1152|abstract|short-chain fatty acids|chemical
32379622|expert_2|1105|1108|abstract|CSDS|DDF|interact|1161|1173|abstract|succinic acid|chemical
32379622|expert_2|1105|1108|abstract|CSDS|DDF|interact|1179|1189|abstract|acetic acid|chemical
32379622|expert_2|1492|1514|abstract|betaine supplementation|dietary supplement|influence|1545|1553|abstract|anhedonia|DDF
32379622|expert_2|1545|1553|abstract|anhedonia|DDF|target|1558|1561|abstract|mice|animal
32379622|expert_2|1576|1579|abstract|CSDS|DDF|target|1558|1561|abstract|mice|animal
32379622|expert_2|1644|1650|abstract|betaine|dietary supplement|influence|1696|1731|abstract|stress-related psychiatric disorders|DDF
37023596|expert_2|13|26|abstract|gut microbiota|microbiome|located in|56|63|abstract|patients|human
37023596|expert_2|70|94|abstract|major depression disorder|DDF|target|56|63|abstract|patients|human
37023596|expert_2|97|99|abstract|MDD|DDF|target|56|63|abstract|patients|human
37023596|expert_2|231|233|abstract|MDD|DDF|target|217|224|abstract|Patients|human
28816544|expert_7|765|791|abstract|polyunsaturated fatty acids|chemical|influence|845|856|abstract|inflammation|DDF
28816544|expert_7|765|791|abstract|polyunsaturated fatty acids|chemical|influence|862|871|abstract|depression|DDF
28816544|expert_7|794|798|abstract|PUFAs|chemical|influence|845|856|abstract|inflammation|DDF
28816544|expert_7|794|798|abstract|PUFAs|chemical|influence|862|871|abstract|depression|DDF
28816544|expert_7|802|816|abstract|glucocorticoids|chemical|influence|845|856|abstract|inflammation|DDF
28816544|expert_7|802|816|abstract|glucocorticoids|chemical|influence|862|871|abstract|depression|DDF
28816544|expert_7|822|835|abstract|gut microbiota|microbiome|is linked to|845|856|abstract|inflammation|DDF
28816544|expert_7|822|835|abstract|gut microbiota|microbiome|is linked to|862|871|abstract|depression|DDF
31218116|expert_3|58|71|title|Celiac Disease|DDF|target|37|51|title|Inactive Adults|human
31218116|expert_3|17|30|abstract|celiac disease|DDF|target|0|10|abstract|Individuals|human
31218116|expert_3|177|190|abstract|celiac disease|DDF|target|165|170|abstract|people|human
31218116|expert_3|308|329|abstract|gastrointestinal upset|DDF|target|165|170|abstract|people|human
31218116|expert_3|716|729|abstract|celiac disease|DDF|target|695|709|abstract|inactive adults|human
31218116|expert_3|791|804|abstract|celiac disease|DDF|target|760|774|abstract|inactive adults|human
31218116|expert_3|2443|2456|abstract|celiac disease|DDF|target|2431|2436|abstract|people|human
34250955|expert_6|0|18|abstract|Parkinson's disease|DDF|affect|117|128|abstract|bradykinesia|DDF
34250955|expert_6|0|18|abstract|Parkinson's disease|DDF|affect|131|138|abstract|rigidity|DDF
34250955|expert_6|0|18|abstract|Parkinson's disease|DDF|affect|141|160|abstract|postural instability|DDF
34250955|expert_6|0|18|abstract|Parkinson's disease|DDF|affect|167|172|abstract|tremor|DDF
34250955|expert_6|21|22|abstract|PD|DDF|affect|117|128|abstract|bradykinesia|DDF
34250955|expert_6|21|22|abstract|PD|DDF|affect|131|138|abstract|rigidity|DDF
34250955|expert_6|21|22|abstract|PD|DDF|affect|141|160|abstract|postural instability|DDF
34250955|expert_6|21|22|abstract|PD|DDF|affect|167|172|abstract|tremor|DDF
34250955|expert_6|275|276|abstract|PD|DDF|strike|248|250|abstract|gut|anatomical location
34250955|expert_6|363|396|abstract|initial pathophysiological changes|DDF|strike|411|432|abstract|gastrointestinal tract|anatomical location
34250955|expert_6|538|539|abstract|PD|DDF|strike|549|570|abstract|gastrointestinal tract|anatomical location
34250955|expert_6|648|687|abstract|gastrointestinal conditions and symptoms|DDF|target|712|719|abstract|patients|human
34250955|expert_6|737|775|abstract|upper and lower gastrointestinal issues|DDF|target|712|719|abstract|patients|human
34250955|expert_6|988|1001|abstract|gut microbiome|microbiome|is linked to|1075|1076|abstract|PD|DDF
34250955|expert_6|1205|1225|abstract|prodromal PD subtypes|DDF|strike|1170|1172|abstract|gut|anatomical location
33092203|expert_5|23|38|abstract|human microbiome|microbiome|used by|169|187|abstract|16S rRNA technology|biomedical technique
32163822|expert_4|435|444|abstract|probiotics|dietary supplement|influence|499|522|abstract|pregnancy related stress|DDF
32163822|expert_4|435|444|abstract|probiotics|dietary supplement|impact|527|540|abstract|gut microbiota|microbiome
32163822|expert_4|527|540|abstract|gut microbiota|microbiome|located in|549|561|abstract|newborn child|human
32538869|expert_7|18|32|title|Alpha-Synuclein|chemical|part of|44|85|title|Human and Non-Human Amyloidogenic Proteins|chemical
32538869|expert_7|61|81|abstract|amyloidogenic protein|chemical|located in|125|127|abstract|gut|anatomical location
32538869|expert_7|61|81|abstract|amyloidogenic protein|chemical|influence|141|159|abstract|Parkinson's disease|DDF
32538869|expert_7|61|81|abstract|amyloidogenic protein|chemical|located in|164|167|abstract|mice|animal
32538869|expert_7|61|81|abstract|amyloidogenic protein|chemical|influence|689|712|abstract|amyloid-related diseases|DDF
32538869|expert_7|84|87|abstract|CsgA|chemical|located in|125|127|abstract|gut|anatomical location
32538869|expert_7|84|87|abstract|CsgA|chemical|influence|141|159|abstract|Parkinson's disease|DDF
32538869|expert_7|84|87|abstract|CsgA|chemical|located in|164|167|abstract|mice|animal
32538869|expert_7|84|87|abstract|CsgA|chemical|influence|689|712|abstract|amyloid-related diseases|DDF
32538869|expert_7|141|159|abstract|Parkinson's disease|DDF|target|164|167|abstract|mice|animal
32538869|expert_7|342|353|abstract|CsgA protein|chemical|located in|125|127|abstract|gut|anatomical location
32538869|expert_7|342|353|abstract|CsgA protein|chemical|influence|141|159|abstract|Parkinson's disease|DDF
32538869|expert_7|342|353|abstract|CsgA protein|chemical|located in|164|167|abstract|mice|animal
32538869|expert_7|342|353|abstract|CsgA protein|chemical|influence|689|712|abstract|amyloid-related diseases|DDF
32538869|expert_7|404|424|abstract|amyloidogenic protein|chemical|influence|429|447|abstract|Parkinson's disease|DDF
32538869|expert_7|515|536|abstract|amyloidogenic proteins|chemical|impact|543|554|abstract|gut bacteria|bacteria
32538869|expert_7|515|536|abstract|amyloidogenic proteins|chemical|influence|689|712|abstract|amyloid-related diseases|DDF
32538869|expert_7|589|614|abstract|stable allergenic proteins|chemical|influence|689|712|abstract|amyloid-related diseases|DDF
32538869|expert_7|821|835|abstract|alpha-synuclein|chemical|part of|847|888|abstract|amyloidogenic human and non-human proteins|chemical
32538869|expert_7|1256|1277|abstract|amyloidogenic proteins|chemical|influence|1334|1347|abstract|human diseases|DDF
34884399|expert_4|71|89|title|Parkinson's Disease|DDF|target|57|64|title|Patients|human
34884399|expert_4|236|237|abstract|PD|DDF|target|212|219|abstract|patients|human
34884399|expert_4|236|237|abstract|PD|DDF|change abundance|901|922|abstract|Bacteroides</i> phylum|bacteria
34884399|expert_4|236|237|abstract|PD|DDF|change abundance|934|947|abstract|Corynebacteria|bacteria
34884399|expert_4|236|237|abstract|PD|DDF|change abundance|969|982|abstract|Actinobacteria|bacteria
34884399|expert_4|236|237|abstract|PD|DDF|change abundance|998|1016|abstract|Deltaproteobacteria|bacteria
34884399|expert_4|236|237|abstract|PD|DDF|change abundance|1038|1051|abstract|Proteobacteria|bacteria
34884399|expert_4|236|237|abstract|PD|DDF|change abundance|1080|1092|abstract|Butyricimonas|bacteria
34884399|expert_4|236|237|abstract|PD|DDF|change abundance|1095|1107|abstract|Robinsoniella|bacteria
34884399|expert_4|236|237|abstract|PD|DDF|change abundance|1121|1134|abstract|Flavonifractor|bacteria
34884399|expert_4|1359|1360|abstract|PD|DDF|change abundance|1285|1298|abstract|gut microbiota|microbiome
34884399|expert_4|1359|1360|abstract|PD|DDF|target|1335|1342|abstract|patients|human
33406628|expert_5|0|23|title|Gut Microbiota Dysbiosis|DDF|interact|53|62|title|Bile Acids|chemical
33406628|expert_5|0|23|title|Gut Microbiota Dysbiosis|DDF|affect|67|85|title|Parkinson's Disease|DDF
33406628|expert_5|4|17|abstract|gut microbiome|microbiome|is linked to|0|23|title|Gut Microbiota Dysbiosis|DDF
33406628|expert_5|4|17|abstract|gut microbiome|microbiome|is linked to|61|79|abstract|Parkinson's disease|DDF
33406628|expert_5|4|17|abstract|gut microbiome|microbiome|is linked to|82|83|abstract|PD|DDF
33406628|expert_5|61|79|abstract|Parkinson's disease|DDF|target|429|439|abstract|PD patients|human
33406628|expert_5|243|261|abstract|appendix microbiome|microbiome|located in|91|108|abstract|vermiform appendix|anatomical location
33406628|expert_5|277|278|abstract|PD|DDF|target|429|439|abstract|PD patients|human
33406628|expert_5|388|408|abstract|functional microbiota|microbiome|located in|417|424|abstract|appendix|anatomical location
33406628|expert_5|388|408|abstract|functional microbiota|microbiome|located in|453|460|abstract|controls|human
33406628|expert_5|388|408|abstract|functional microbiota|microbiome|used by|490|516|abstract|metatranscriptomic analysis|biomedical technique
33406628|expert_5|417|424|abstract|appendix|anatomical location|located in|429|439|abstract|PD patients|human
33406628|expert_5|417|424|abstract|appendix|anatomical location|located in|453|460|abstract|controls|human
33406628|expert_5|429|439|abstract|PD patients|human|used by|490|516|abstract|metatranscriptomic analysis|biomedical technique
33406628|expert_5|429|439|abstract|PD patients|human|used by|831|848|abstract|Bile acid analysis|biomedical technique
33406628|expert_5|453|460|abstract|controls|human|used by|490|516|abstract|metatranscriptomic analysis|biomedical technique
33406628|expert_5|605|658|abstract|bacteria responsible for secondary bile acid synthesis|bacteria|influence|528|546|abstract|microbial dysbiosis|DDF
33406628|expert_5|745|752|abstract|controls|human|used by|831|848|abstract|Bile acid analysis|biomedical technique
33406628|expert_5|857|867|abstract|PD appendix|anatomical location|located in|429|439|abstract|PD patients|human
33406628|expert_5|892|927|abstract|hydrophobic and secondary bile acids|chemical|located in|857|867|abstract|PD appendix|anatomical location
33406628|expert_5|930|945|abstract|deoxycholic acid|chemical|located in|857|867|abstract|PD appendix|anatomical location
33406628|expert_5|948|950|abstract|DCA|chemical|located in|857|867|abstract|PD appendix|anatomical location
33406628|expert_5|957|972|abstract|lithocholic acid|chemical|located in|857|867|abstract|PD appendix|anatomical location
33406628|expert_5|975|977|abstract|LCA|chemical|located in|857|867|abstract|PD appendix|anatomical location
33406628|expert_5|1110|1115|abstract|PD gut|anatomical location|located in|429|439|abstract|PD patients|human
33406628|expert_5|1144|1174|abstract|disruption in bile acid control|DDF|strike|1110|1115|abstract|PD gut|anatomical location
33406628|expert_5|1187|1258|abstract|alterations in mediators of cholesterol homeostasis and lipid metabolism|DDF|strike|1110|1115|abstract|PD gut|anatomical location
33406628|expert_5|1261|1296|abstract|Microbially derived toxic bile acids|chemical|influence|61|79|abstract|Parkinson's disease|DDF
33406628|expert_5|1261|1296|abstract|Microbially derived toxic bile acids|chemical|influence|1316|1317|abstract|PD|DDF
33406628|expert_5|1335|1355|abstract|biliary abnormalities|DDF|affect|1376|1390|abstract|PD pathogenesis|DDF
31260640|expert_3|104|124|abstract|intestinal microbiota|microbiome|located in|134|138|abstract|brain|anatomical location
31260640|expert_3|1194|1207|abstract|gut microbiota|microbiome|is linked to|1258|1316|abstract|psychiatry and other central nervous system (CNS) disorders|DDF
28399458|expert_7|12|27|title|maternal anxiety|DDF|affect|130|150|title|early infant diseases|DDF
28399458|expert_7|33|52|title|depressive disorders|DDF|affect|130|150|title|early infant diseases|DDF
28399458|expert_7|88|124|title|perinatal psychopathological symptoms|DDF|affect|130|150|title|early infant diseases|DDF
28399458|expert_7|90|110|abstract|inflammatory diseases|DDF|target|151|159|abstract|offspring|human
28399458|expert_7|116|142|abstract|gastrointestinal complaints|DDF|target|151|159|abstract|offspring|human
28399458|expert_7|340|346|abstract|anxiety|DDF|affect|438|467|abstract|infants' inflammatory diseases|DDF
28399458|expert_7|340|346|abstract|anxiety|DDF|affect|470|496|abstract|gastrointestinal complaints|DDF
28399458|expert_7|352|371|abstract|depressive disorders|DDF|affect|438|467|abstract|infants' inflammatory diseases|DDF
28399458|expert_7|352|371|abstract|depressive disorders|DDF|affect|470|496|abstract|gastrointestinal complaints|DDF
28399458|expert_7|414|431|abstract|perinatal distress|DDF|affect|438|467|abstract|infants' inflammatory diseases|DDF
28399458|expert_7|414|431|abstract|perinatal distress|DDF|affect|470|496|abstract|gastrointestinal complaints|DDF
28399458|expert_7|438|467|abstract|infants' inflammatory diseases|DDF|target|151|159|abstract|offspring|human
28399458|expert_7|598|616|abstract|(expectant) mothers|human|used by|685|738|abstract|Composite International Diagnostic Interview for Women|biomedical technique
28399458|expert_7|598|616|abstract|(expectant) mothers|human|used by|816|838|abstract|Brief Symptom Inventory|biomedical technique
28399458|expert_7|635|682|abstract|DSM-IV lifetime anxiety and depressive disorders|DDF|target|598|616|abstract|(expectant) mothers|human
28399458|expert_7|919|946|abstract|Infant inflammatory diseases|DDF|target|151|159|abstract|offspring|human
28399458|expert_7|1088|1114|abstract|psychopathological symptoms|DDF|target|598|616|abstract|(expectant) mothers|human
28399458|expert_7|1088|1114|abstract|psychopathological symptoms|DDF|affect|1154|1174|abstract|inflammatory diseases|DDF
28399458|expert_7|1215|1221|abstract|anxiety|DDF|target|598|616|abstract|(expectant) mothers|human
28399458|expert_7|1215|1221|abstract|anxiety|DDF|affect|1294|1320|abstract|gastrointestinal complaints|DDF
28399458|expert_7|1215|1221|abstract|anxiety|DDF|affect|1323|1330|abstract|diarrhea|DDF
28399458|expert_7|1215|1221|abstract|anxiety|DDF|affect|1333|1348|abstract|colic complaints|DDF
28399458|expert_7|1227|1246|abstract|depressive disorders|DDF|target|598|616|abstract|(expectant) mothers|human
28399458|expert_7|1227|1246|abstract|depressive disorders|DDF|affect|1294|1320|abstract|gastrointestinal complaints|DDF
28399458|expert_7|1227|1246|abstract|depressive disorders|DDF|affect|1323|1330|abstract|diarrhea|DDF
28399458|expert_7|1227|1246|abstract|depressive disorders|DDF|affect|1333|1348|abstract|colic complaints|DDF
28399458|expert_7|1618|1644|abstract|maternal perinatal distress|DDF|affect|1650|1677|abstract|infant inflammatory diseases|DDF
28399458|expert_7|1650|1677|abstract|infant inflammatory diseases|DDF|target|151|159|abstract|offspring|human
28399458|expert_7|1739|1754|abstract|maternal anxiety|DDF|affect|1785|1818|abstract|infant gastrointestinal complaints|DDF
28399458|expert_7|1760|1779|abstract|depressive disorders|DDF|affect|1785|1818|abstract|infant gastrointestinal complaints|DDF
28399458|expert_7|1785|1818|abstract|infant gastrointestinal complaints|DDF|target|151|159|abstract|offspring|human
28399458|expert_7|1925|1938|abstract|gut microbiota|microbiome|is linked to|1785|1818|abstract|infant gastrointestinal complaints|DDF
30826885|expert_2|350|364|abstract|psychopathology|DDF|target|379|415|abstract|women during pregnancy and postpartum|human
30826885|expert_2|596|603|abstract|cortisol|chemical|influence|694|697|abstract|PMAD|DDF
30826885|expert_2|926|939|abstract|gut microbiota|microbiome|is linked to|946|949|abstract|PMAD|DDF
30826885|expert_2|926|939|abstract|gut microbiota|microbiome|is linked to|73|108|abstract|perinatal mood and anxiety disorders|DDF
30826885|expert_2|926|939|abstract|gut microbiota|microbiome|located in|379|415|abstract|women during pregnancy and postpartum|human
27793225|expert_2|75|90|abstract|mental disorders|DDF|target|174|184|abstract|populations|human
27793225|expert_2|218|253|abstract|highly processed, poor quality foods|food|influence|301|315|abstract|mental disorder|DDF
27793225|expert_2|218|253|abstract|highly processed, poor quality foods|food|impact|500|513|abstract|gut microbiota|microbiome
27793225|expert_2|332|349|abstract|nutrient-rich diet|food|impact|500|513|abstract|gut microbiota|microbiome
27793225|expert_2|924|928|abstract|fiber|dietary supplement|impact|500|513|abstract|gut microbiota|microbiome
27793225|expert_2|934|942|abstract|nutrients|food|impact|500|513|abstract|gut microbiota|microbiome
24103493|expert_2|0|34|title|Excess body weight during pregnancy|DDF|affect|40|56|title|offspring obesity|DDF
24103493|expert_2|194|211|abstract|excess body weight|DDF|affect|262|276|abstract|type 2 diabetes|DDF
24103493|expert_2|194|211|abstract|excess body weight|DDF|affect|279|301|abstract|cardiovascular problems|DDF
24103493|expert_2|194|211|abstract|excess body weight|DDF|affect|308|317|abstract|depression|DDF
24103493|expert_2|531|575|abstract|excess body weight during and after pregnancy|DDF|affect|607|626|abstract|offspring overweight|DDF
24103493|expert_2|531|575|abstract|excess body weight during and after pregnancy|DDF|affect|632|638|abstract|obesity|DDF
33967849|expert_4|80|102|title|Perinatal Mental Health|DDF|target|107|113|title|Mothers|human
33967849|expert_4|1424|1433|abstract|probiotics|dietary supplement|influence|1530|1539|abstract|depression|DDF
33967849|expert_4|1593|1602|abstract|probiotics|dietary supplement|influence|1625|1640|abstract|anxiety symptoms|DDF
26426677|expert_5|129|134|abstract|stress|DDF|affect|0|22|abstract|Intestinal inflammation|DDF
26426677|expert_5|140|163|abstract|psychiatric disturbances|DDF|affect|0|22|abstract|Intestinal inflammation|DDF
26426677|expert_5|326|348|abstract|intestinal inflammation|DDF|strike|478|499|abstract|gastrointestinal tract|anatomical location
26426677|expert_5|525|538|abstract|gut microbiota|microbiome|located in|478|499|abstract|gastrointestinal tract|anatomical location
38401573|expert_2|87|109|title|chronic restrain stress|DDF|target|66|74|title|male mice|animal
38401573|expert_2|35|48|abstract|gut microbiota|microbiome|is linked to|109|118|abstract|depression|DDF
38401573|expert_2|54|83|abstract|microbiome-derived metabolites|chemical|produced by|35|48|abstract|gut microbiota|microbiome
38401573|expert_2|54|83|abstract|microbiome-derived metabolites|chemical|influence|109|118|abstract|depression|DDF
38401573|expert_2|402|411|abstract|arketamine|drug|change effect|478|505|abstract|CRS-induced body weight loss|DDF
38401573|expert_2|402|411|abstract|arketamine|drug|interact|662|666|abstract|GluA1|chemical
38401573|expert_2|402|411|abstract|arketamine|drug|interact|672|677|abstract|PSD-95|chemical
38401573|expert_2|687|703|abstract|prefrontal cortex|anatomical location|located in|718|726|abstract|male mice|animal
38401573|expert_2|706|708|abstract|PFC|anatomical location|located in|718|726|abstract|male mice|animal
38401573|expert_2|783|792|abstract|arketamine|drug|impact|829|842|abstract|gut microbiota|microbiome
38401573|expert_2|829|842|abstract|gut microbiota|microbiome|located in|847|862|abstract|CRS-exposed mice|animal
38401573|expert_2|1252|1268|abstract|synaptic proteins|chemical|located in|1277|1279|abstract|PFC|anatomical location
34908715|expert_2|648|661|abstract|gut microbiota|microbiome|is linked to|692|712|abstract|severe mental illness|DDF
34908715|expert_2|648|661|abstract|gut microbiota|microbiome|is linked to|715|720|abstract|autism|DDF
34908715|expert_2|648|661|abstract|gut microbiota|microbiome|is linked to|723|729|abstract|anxiety|DDF
34908715|expert_2|648|661|abstract|gut microbiota|microbiome|is linked to|732|738|abstract|obesity|DDF
34908715|expert_2|648|661|abstract|gut microbiota|microbiome|is linked to|741|759|abstract|Parkinson's disease|DDF
34908715|expert_2|648|661|abstract|gut microbiota|microbiome|is linked to|766|784|abstract|Alzheimer's disease|DDF
29955222|expert_7|14|27|abstract|macronutrients|chemical|impact|284|307|abstract|mammalian gut microbiota|microbiome
29955222|expert_7|30|42|abstract|carbohydrates|chemical|impact|284|307|abstract|mammalian gut microbiota|microbiome
29955222|expert_7|45|52|abstract|proteins|chemical|impact|284|307|abstract|mammalian gut microbiota|microbiome
29955222|expert_7|59|62|abstract|fats|chemical|impact|284|307|abstract|mammalian gut microbiota|microbiome
29955222|expert_7|66|79|abstract|micronutrients|chemical|impact|284|307|abstract|mammalian gut microbiota|microbiome
29955222|expert_7|82|89|abstract|vitamins|chemical|impact|284|307|abstract|mammalian gut microbiota|microbiome
29955222|expert_7|95|102|abstract|minerals|chemical|impact|284|307|abstract|mammalian gut microbiota|microbiome
29955222|expert_7|110|123|abstract|phytochemicals|chemical|impact|284|307|abstract|mammalian gut microbiota|microbiome
29955222|expert_7|126|157|abstract|non-nutrient bioactive compounds|chemical|impact|284|307|abstract|mammalian gut microbiota|microbiome
29955222|expert_7|645|649|abstract|fiber|chemical|impact|790|801|abstract|gut bacteria|bacteria
29955222|expert_7|645|649|abstract|fiber|chemical|influence|842|856|abstract|chronic disease|DDF
29955222|expert_7|645|649|abstract|fiber|chemical|influence|867|878|abstract|colon cancer|DDF
29955222|expert_7|645|649|abstract|fiber|chemical|influence|883|897|abstract|type 2 diabetes|DDF
29955222|expert_7|665|678|abstract|phytochemicals|chemical|impact|790|801|abstract|gut bacteria|bacteria
29955222|expert_7|665|678|abstract|phytochemicals|chemical|influence|842|856|abstract|chronic disease|DDF
29955222|expert_7|665|678|abstract|phytochemicals|chemical|influence|867|878|abstract|colon cancer|DDF
29955222|expert_7|665|678|abstract|phytochemicals|chemical|influence|883|897|abstract|type 2 diabetes|DDF
29955222|expert_7|710|720|abstract|plant foods|food|impact|790|801|abstract|gut bacteria|bacteria
29955222|expert_7|710|720|abstract|plant foods|food|influence|842|856|abstract|chronic disease|DDF
29955222|expert_7|710|720|abstract|plant foods|food|influence|867|878|abstract|colon cancer|DDF
29955222|expert_7|710|720|abstract|plant foods|food|influence|883|897|abstract|type 2 diabetes|DDF
29955222|expert_7|790|801|abstract|gut bacteria|bacteria|influence|842|856|abstract|chronic disease|DDF
29955222|expert_7|790|801|abstract|gut bacteria|bacteria|influence|867|878|abstract|colon cancer|DDF
29955222|expert_7|790|801|abstract|gut bacteria|bacteria|influence|883|897|abstract|type 2 diabetes|DDF
37291666|expert_3|826|848|abstract|neurological disruption|DDF|affect|858|903|abstract|immune, endocrine, and multisystem dysfunction|DDF
37291666|expert_3|1057|1059|abstract|SCI|DDF|target|1375|1382|abstract|patients|human
26408987|expert_2|18|45|title|Lactobacillus helveticus NS8|bacteria|influence|56|105|title|behavioral, cognitive, and biochemical aberrations|DDF
26408987|expert_2|117|140|title|chronic restraint stress|DDF|affect|56|105|title|behavioral, cognitive, and biochemical aberrations|DDF
26408987|expert_2|54|67|abstract|gut microbiota|microbiome|is linked to|107|130|abstract|stress-related disorders|DDF
26408987|expert_2|133|146|abstract|Chronic stress|DDF|affect|158|223|abstract|behavioral, cognitive, biochemical, and gut microbiota aberrations|DDF
26408987|expert_2|454|463|abstract|probiotics|dietary supplement|influence|477|509|abstract|chronic-stress-induced depression|DDF
26408987|expert_2|626|679|abstract|Adult specific pathogen free (SPF) Sprague-Dawley rats|animal|used by|773|795|abstract|sucrose preference test|biomedical technique
26408987|expert_2|626|679|abstract|Adult specific pathogen free (SPF) Sprague-Dawley rats|animal|used by|798|800|abstract|SPT|biomedical technique
26408987|expert_2|626|679|abstract|Adult specific pathogen free (SPF) Sprague-Dawley rats|animal|used by|804|826|abstract|elevated-plus maze test|biomedical technique
26408987|expert_2|626|679|abstract|Adult specific pathogen free (SPF) Sprague-Dawley rats|animal|used by|829|843|abstract|open-field test|biomedical technique
26408987|expert_2|626|679|abstract|Adult specific pathogen free (SPF) Sprague-Dawley rats|animal|used by|846|848|abstract|OFT|biomedical technique
26408987|expert_2|626|679|abstract|Adult specific pathogen free (SPF) Sprague-Dawley rats|animal|used by|852|874|abstract|object recognition test|biomedical technique
26408987|expert_2|626|679|abstract|Adult specific pathogen free (SPF) Sprague-Dawley rats|animal|used by|877|879|abstract|ORT|biomedical technique
26408987|expert_2|626|679|abstract|Adult specific pathogen free (SPF) Sprague-Dawley rats|animal|used by|887|907|abstract|object placement test|biomedical technique
26408987|expert_2|626|679|abstract|Adult specific pathogen free (SPF) Sprague-Dawley rats|animal|used by|910|912|abstract|OPT|biomedical technique
26408987|expert_2|626|679|abstract|Adult specific pathogen free (SPF) Sprague-Dawley rats|animal|used by|920|939|abstract|biochemical analysis|biomedical technique
26408987|expert_2|710|725|abstract|restraint stress|DDF|target|626|679|abstract|Adult specific pathogen free (SPF) Sprague-Dawley rats|animal
26408987|expert_2|1167|1183|abstract|L. helveticus NS8|dietary supplement|influence|1194|1236|abstract|chronic restraint stress-induced behavioral|DDF
26408987|expert_2|1167|1183|abstract|L. helveticus NS8|dietary supplement|influence|1239|1245|abstract|anxiety|DDF
26408987|expert_2|1167|1183|abstract|L. helveticus NS8|dietary supplement|influence|1251|1260|abstract|depression|DDF
26408987|expert_2|1167|1183|abstract|L. helveticus NS8|dietary supplement|influence|1267|1287|abstract|cognitive dysfunction|DDF
26408987|expert_2|1755|1771|abstract|L. helveticus NS8|dietary supplement|influence|1794|1828|abstract|chronic restraint stress depression|DDF
26408987|expert_2|1794|1828|abstract|chronic restraint stress depression|DDF|target|1776|1779|abstract|rats|animal
26408987|expert_2|1945|1961|abstract|L. helveticus NS8|dietary supplement|influence|2009|2018|abstract|depression|DDF
38292207|expert_2|0|16|abstract|Anxiety disorders|DDF|target|21|24|abstract|dogs|animal
38292207|expert_2|475|484|abstract|intestines|anatomical location|located in|489|492|abstract|dogs|animal
38292207|expert_2|771|779|abstract|dysbiosis|DDF|affect|842|857|abstract|mental disorders|DDF
38292207|expert_2|771|779|abstract|dysbiosis|DDF|affect|867|873|abstract|anxiety|DDF
38292207|expert_2|945|965|abstract|intestinal microbiota|microbiome|located in|917|922|abstract|humans|human
38292207|expert_2|945|965|abstract|intestinal microbiota|microbiome|is linked to|1031|1047|abstract|anxiety disorders|DDF
38292207|expert_2|1098|1107|abstract|prebiotics|dietary supplement|influence|1031|1047|abstract|anxiety disorders|DDF
38292207|expert_2|1113|1122|abstract|probiotics|dietary supplement|influence|1031|1047|abstract|anxiety disorders|DDF
38292207|expert_2|1366|1389|abstract|canine anxiety disorders|DDF|target|339|342|abstract|dogs|animal
34311029|expert_5|0|5|abstract|Lipids|chemical|located in|107|146|abstract|aged and Alzheimer's disease (AD) brains|anatomical location
34311029|expert_5|0|5|abstract|Lipids|chemical|located in|163|183|abstract|healthy mature brains|anatomical location
34311029|expert_5|243|268|abstract|increased oxidative stress|DDF|affect|199|200|abstract|AD|DDF
34311029|expert_5|274|301|abstract|perturbed metabolic function|DDF|affect|199|200|abstract|AD|DDF
34311029|expert_5|365|366|abstract|AD|DDF|is a|371|395|abstract|neurodegenerative disease|DDF
34311029|expert_5|463|482|abstract|cognitive impairment|DDF|affect|400|438|abstract|major accompanying pathological symptom|DDF
34311029|expert_5|506|532|abstract|changes in lipid metabolism|DDF|affect|463|482|abstract|cognitive impairment|DDF
34311029|expert_5|541|554|abstract|nutraceuticals|dietary supplement|influence|651|667|abstract|cognitive decline|DDF
34311029|expert_5|794|819|abstract|lipid-based nutraceuticals|dietary supplement|influence|761|762|abstract|AD|DDF
34311029|expert_5|1169|1185|abstract|beneficial lipids|chemical|produced by|1128|1141|abstract|Gut microbiota|microbiome
34311029|expert_5|1602|1627|abstract|lipid-based nutraceuticals|dietary supplement|influence|1671|1690|abstract|cognitive impairment|DDF
34836918|expert_4|1062|1065|abstract|BMAA|chemical|impact|1098|1127|abstract|segmented filamentous bacteria|bacteria
34836918|expert_4|1062|1065|abstract|BMAA|chemical|impact|1130|1132|abstract|SFB|bacteria
34836918|expert_4|1062|1065|abstract|BMAA|chemical|influence|1179|1191|abstract|gut dysbiosis|DDF
34836918|expert_4|1062|1065|abstract|BMAA|chemical|influence|1194|1214|abstract|immune cell migration|DDF
34836918|expert_4|1062|1065|abstract|BMAA|chemical|influence|1227|1249|abstract|intestinal inflammation|DDF
34836918|expert_4|1062|1065|abstract|BMAA|chemical|influence|1252|1276|abstract|loss of barrier integrity|DDF
34836918|expert_4|1331|1334|abstract|BMAA|chemical|influence|1506|1522|abstract|neuroinflammation|DDF
34836918|expert_4|1331|1334|abstract|BMAA|chemical|influence|1525|1550|abstract|dopaminergic neuronal loss|DDF
34836918|expert_4|1331|1334|abstract|BMAA|chemical|influence|1556|1569|abstract|motor deficits|DDF
34836918|expert_4|1645|1648|abstract|BMAA|chemical|influence|1719|1730|abstract|PD pathology|DDF
37900921|expert_5|52|65|title|gut microbiome|microbiome|is linked to|104|109|title|autism|DDF
37900921|expert_5|75|88|title|neuromodulator|chemical|impact|52|65|title|gut microbiome|microbiome
37900921|expert_5|0|33|abstract|Gut-microbiome-derived metabolites|chemical|located in|1801|1803|abstract|gut|anatomical location
37900921|expert_5|44|56|abstract|4-Ethylphenol|chemical|located in|1801|1803|abstract|gut|anatomical location
37900921|expert_5|59|61|abstract|4EP|chemical|located in|1801|1803|abstract|gut|anatomical location
37900921|expert_5|442|462|abstract|4-ethylphenol sulfate|chemical|influence|495|511|abstract|anxiety phenotype|DDF
37900921|expert_5|465|468|abstract|4EPS|chemical|influence|495|511|abstract|anxiety phenotype|DDF
37900921|expert_5|495|511|abstract|anxiety phenotype|DDF|target|516|535|abstract|autistic individuals|human
37900921|expert_5|650|663|abstract|gut microbiome|microbiome|located in|1801|1803|abstract|gut|anatomical location
37900921|expert_5|695|697|abstract|4EP|chemical|produced by|650|663|abstract|gut microbiome|microbiome
37900921|expert_5|713|745|abstract|increased intestinal permeability|DDF|target|760|779|abstract|autistic individuals|human
37900921|expert_5|823|825|abstract|4EP|chemical|influence|713|745|abstract|increased intestinal permeability|DDF
37900921|expert_5|823|825|abstract|4EP|chemical|located in|850|863|abstract|gut epithelium|anatomical location
37900921|expert_5|834|837|abstract|4EPS|chemical|influence|713|745|abstract|increased intestinal permeability|DDF
37900921|expert_5|834|837|abstract|4EPS|chemical|located in|850|863|abstract|gut epithelium|anatomical location
37900921|expert_5|850|863|abstract|gut epithelium|anatomical location|located in|760|779|abstract|autistic individuals|human
37900921|expert_5|911|928|abstract|kidney dysfunction|DDF|target|964|983|abstract|autistic individuals|human
37900921|expert_5|1007|1009|abstract|4EP|chemical|influence|911|928|abstract|kidney dysfunction|DDF
37900921|expert_5|1089|1092|abstract|4EPS|chemical|located in|1101|1105|abstract|brain|anatomical location
37900921|expert_5|1089|1092|abstract|4EPS|chemical|influence|1185|1191|abstract|anxiety|DDF
37900921|expert_5|1101|1105|abstract|brain|anatomical location|located in|1110|1113|abstract|mice|animal
37900921|expert_5|1185|1191|abstract|anxiety|DDF|target|1110|1113|abstract|mice|animal
37900921|expert_5|1251|1253|abstract|4EP|chemical|located in|1270|1281|abstract|human brains|anatomical location
37900921|expert_5|1262|1265|abstract|4EPS|chemical|located in|1270|1281|abstract|human brains|anatomical location
37900921|expert_5|1788|1790|abstract|4EP|chemical|located in|1801|1803|abstract|gut|anatomical location
37900921|expert_5|1843|1845|abstract|4EP|chemical|located in|1868|1872|abstract|brain|anatomical location
37900921|expert_5|1843|1845|abstract|4EP|chemical|located in|1906|1912|abstract|kidneys|anatomical location
37900921|expert_5|1854|1857|abstract|4EPS|chemical|located in|1868|1872|abstract|brain|anatomical location
37900921|expert_5|1854|1857|abstract|4EPS|chemical|located in|1906|1912|abstract|kidneys|anatomical location
33318317|expert_5|66|79|abstract|gut microbiota|microbiome|located in|88|92|abstract|brain|anatomical location
33318317|expert_5|399|414|abstract|Elderly patients|human|used by|469|522|abstract|randomized-control trial of mindful awareness practice|biomedical technique
33318317|expert_5|399|414|abstract|Elderly patients|human|used by|525|554|abstract|Neuropsychological assessments|biomedical technique
33318317|expert_5|399|414|abstract|Elderly patients|human|used by|557|576|abstract|inflammatory markers|biomedical technique
33318317|expert_5|431|455|abstract|mild cognitive impairment|DDF|target|399|414|abstract|Elderly patients|human
33318317|expert_5|1450|1461|abstract|gut microbes|microbiome|located in|1380|1384|abstract|brain|anatomical location
34704023|expert_6|684|713|abstract|gut microbiome alpha-diversity|DDF|affect|719|740|abstract|neurological disorders|DDF
34704023|expert_6|684|713|abstract|gut microbiome alpha-diversity|DDF|affect|815|836|abstract|neurological disorders|DDF
28629758|expert_5|20|33|title|gut microbiota|microbiome|is linked to|59|82|title|social avoidance effects|DDF
28629758|expert_5|20|33|title|gut microbiota|microbiome|is linked to|87|107|title|chronic social defeat|DDF
28629758|expert_5|20|33|title|gut microbiota|microbiome|located in|112|120|title|male mice|animal
28629758|expert_5|59|82|title|social avoidance effects|DDF|affect|87|107|title|chronic social defeat|DDF
28629758|expert_5|59|82|title|social avoidance effects|DDF|target|112|120|title|male mice|animal
28629758|expert_5|87|107|title|chronic social defeat|DDF|target|112|120|title|male mice|animal
28629758|expert_5|60|73|abstract|gut microbiome|microbiome|is linked to|140|149|abstract|depression|DDF
28629758|expert_5|60|73|abstract|gut microbiome|microbiome|is linked to|302|327|abstract|social avoidance behaviors|DDF
28629758|expert_5|60|73|abstract|gut microbiome|microbiome|is linked to|343|352|abstract|depression|DDF
28629758|expert_5|60|73|abstract|gut microbiome|microbiome|is linked to|359|385|abstract|pro-inflammatory variations|DDF
28629758|expert_5|60|73|abstract|gut microbiome|microbiome|located in|393|414|abstract|socially stressed mice|animal
28629758|expert_5|60|73|abstract|gut microbiome|microbiome|located in|417|433|abstract|Male C57BL/6 mice|animal
28629758|expert_5|302|327|abstract|social avoidance behaviors|DDF|target|393|414|abstract|socially stressed mice|animal
28629758|expert_5|302|327|abstract|social avoidance behaviors|DDF|target|417|433|abstract|Male C57BL/6 mice|animal
28629758|expert_5|343|352|abstract|depression|DDF|target|393|414|abstract|socially stressed mice|animal
28629758|expert_5|359|385|abstract|pro-inflammatory variations|DDF|target|393|414|abstract|socially stressed mice|animal
28629758|expert_5|520|545|abstract|Social avoidance behaviors|DDF|interact|705|718|abstract|corticosterone|chemical
28629758|expert_5|520|545|abstract|Social avoidance behaviors|DDF|interact|721|746|abstract|pro-inflammatory cytokines|chemical
28629758|expert_5|837|857|abstract|chronic social defeat|DDF|target|776|779|abstract|Mice|animal
28629758|expert_5|873|905|abstract|severe social avoidance behaviors|DDF|target|776|779|abstract|Mice|animal
28629758|expert_5|1143|1161|abstract|interleukin (IL)-1β|chemical|influence|520|545|abstract|Social avoidance behaviors|DDF
28629758|expert_5|1143|1161|abstract|interleukin (IL)-1β|chemical|influence|837|857|abstract|chronic social defeat|DDF
28629758|expert_5|1143|1161|abstract|interleukin (IL)-1β|chemical|influence|873|905|abstract|severe social avoidance behaviors|DDF
28629758|expert_5|1143|1161|abstract|interleukin (IL)-1β|chemical|located in|1183|1199|abstract|prefrontal cortex|anatomical location
28629758|expert_5|1143|1161|abstract|interleukin (IL)-1β|chemical|impact|1244|1262|abstract|Flavobacterium spp.|bacteria
28629758|expert_5|1143|1161|abstract|interleukin (IL)-1β|chemical|impact|1289|1305|abstract|Turicibacter spp.|bacteria
28629758|expert_5|1167|1170|abstract|IL-6|chemical|influence|520|545|abstract|Social avoidance behaviors|DDF
28629758|expert_5|1167|1170|abstract|IL-6|chemical|influence|837|857|abstract|chronic social defeat|DDF
28629758|expert_5|1167|1170|abstract|IL-6|chemical|influence|873|905|abstract|severe social avoidance behaviors|DDF
28629758|expert_5|1167|1170|abstract|IL-6|chemical|located in|1183|1199|abstract|prefrontal cortex|anatomical location
28629758|expert_5|1167|1170|abstract|IL-6|chemical|impact|1244|1262|abstract|Flavobacterium spp.|bacteria
28629758|expert_5|1167|1170|abstract|IL-6|chemical|impact|1289|1305|abstract|Turicibacter spp.|bacteria
28629758|expert_5|1244|1262|abstract|Flavobacterium spp.|bacteria|influence|520|545|abstract|Social avoidance behaviors|DDF
28629758|expert_5|1244|1262|abstract|Flavobacterium spp.|bacteria|influence|837|857|abstract|chronic social defeat|DDF
28629758|expert_5|1244|1262|abstract|Flavobacterium spp.|bacteria|influence|873|905|abstract|severe social avoidance behaviors|DDF
28629758|expert_5|1289|1305|abstract|Turicibacter spp.|bacteria|influence|520|545|abstract|Social avoidance behaviors|DDF
28629758|expert_5|1289|1305|abstract|Turicibacter spp.|bacteria|influence|837|857|abstract|chronic social defeat|DDF
28629758|expert_5|1289|1305|abstract|Turicibacter spp.|bacteria|influence|873|905|abstract|severe social avoidance behaviors|DDF
36191806|expert_5|40|67|title|subdiaphragmatic vagus nerve|anatomical location|located in|102|122|title|Chrna7 knock-out mice|animal
36191806|expert_5|72|97|title|depression-like phenotypes|DDF|target|102|122|title|Chrna7 knock-out mice|animal
36191806|expert_5|217|241|abstract|depression-like behaviors|DDF|target|185|210|abstract|Chrna7 knock-out (KO) mice|animal
36191806|expert_5|251|288|abstract|abnormal composition of gut microbiota|DDF|target|185|210|abstract|Chrna7 knock-out (KO) mice|animal
36191806|expert_5|294|314|abstract|systemic inflammation|DDF|target|185|210|abstract|Chrna7 knock-out (KO) mice|animal
36191806|expert_5|335|362|abstract|subdiaphragmatic vagus nerve|anatomical location|located in|566|579|abstract|Chrna7 KO mice|animal
36191806|expert_5|463|487|abstract|depression-like behaviors|DDF|target|566|579|abstract|Chrna7 KO mice|animal
36191806|expert_5|490|527|abstract|abnormal composition of gut microbiota|DDF|target|566|579|abstract|Chrna7 KO mice|animal
36191806|expert_5|534|561|abstract|microbes-derived metabolites|chemical|located in|335|362|abstract|subdiaphragmatic vagus nerve|anatomical location
36191806|expert_5|566|579|abstract|Chrna7 KO mice|animal|used by|418|442|abstract|subdiaphragmatic vagotomy|biomedical technique
36191806|expert_5|566|579|abstract|Chrna7 KO mice|animal|used by|445|447|abstract|SDV|biomedical technique
36191806|expert_5|646|662|abstract|synaptic proteins|chemical|located in|671|694|abstract|medial prefrontal cortex|anatomical location
36191806|expert_5|646|662|abstract|synaptic proteins|chemical|located in|697|700|abstract|mPFC|anatomical location
36191806|expert_5|671|694|abstract|medial prefrontal cortex|anatomical location|located in|706|719|abstract|Chrna7 KO mice|animal
36191806|expert_5|697|700|abstract|mPFC|anatomical location|located in|706|719|abstract|Chrna7 KO mice|animal
36191806|expert_5|806|828|abstract|Lactobacillus sp. BL302|bacteria|located in|959|972|abstract|KO + SDV group|animal
36191806|expert_5|843|863|abstract|Lactobacillus hominis|bacteria|located in|959|972|abstract|KO + SDV group|animal
36191806|expert_5|882|902|abstract|Lactobacillus reuteri|bacteria|located in|959|972|abstract|KO + SDV group|animal
36191806|expert_5|1139|1156|abstract|plasma metabolites|chemical|located in|1030|1104|abstract|three groups [wild-type (WT) + sham group, KO + sham group, KO + SDV group]|animal
36191806|expert_5|1254|1271|abstract|several microbiome|microbiome|located in|1030|1104|abstract|three groups [wild-type (WT) + sham group, KO + sham group, KO + SDV group]|animal
36191806|expert_5|1407|1424|abstract|plasma metabolites|chemical|impact|1384|1401|abstract|several microbiome|microbiome
36191806|expert_5|1495|1519|abstract|depression-like behaviors|DDF|target|1472|1485|abstract|Chrna7 KO mice|animal
36191806|expert_5|1547|1563|abstract|synaptic proteins|chemical|located in|1472|1485|abstract|Chrna7 KO mice|animal
36191806|expert_5|1572|1575|abstract|mPFC|anatomical location|located in|1472|1485|abstract|Chrna7 KO mice|animal
36191806|expert_5|1615|1642|abstract|subdiaphragmatic vagus nerve|anatomical location|located in|1472|1485|abstract|Chrna7 KO mice|animal
37485386|expert_3|170|179|abstract|Prebiotics|dietary supplement|influence|395|404|abstract|depression|DDF
37485386|expert_3|817|819|abstract|GOS|dietary supplement|influence|917|935|abstract|depressive symptoms|DDF
37485386|expert_3|850|870|abstract|eicosapentaenoic acid|chemical|influence|917|935|abstract|depressive symptoms|DDF
37485386|expert_3|1118|1127|abstract|prebiotics|dietary supplement|influence|1132|1141|abstract|depression|DDF
33936013|expert_6|811|853|abstract|i>Bacteroides thetaiotaomicron</i> DSM 2079|bacteria|influence|960|987|abstract|acid-induced cellular damage|DDF
33936013|expert_6|1352|1380|abstract|intestinal <i>Bacteroides</i>|bacteria|interact|1400|1403|abstract|GABA|chemical
33467657|expert_6|26|58|title|Cognitive and Behavioural Effects|DDF|affect|63|78|title|Maternal Obesity|DDF
33467657|expert_6|190|205|abstract|maternal obesity|DDF|target|328|336|abstract|offspring|human
33467657|expert_6|208|220|abstract|overnutrition|DDF|target|328|336|abstract|offspring|human
33467657|expert_6|473|494|abstract|maternal overnutrition|DDF|affect|602|618|abstract|neuroinflammation|DDF
33467657|expert_6|473|494|abstract|maternal overnutrition|DDF|affect|625|670|abstract|disrupted neuronal circuities and connectivity|DDF
33467657|expert_6|473|494|abstract|maternal overnutrition|DDF|affect|681|707|abstract|dysregulated brain hormones|DDF
33467657|expert_6|756|769|abstract|gut microbiota|microbiome|is linked to|783|805|abstract|obesity-induced changes|DDF
33467657|expert_6|1754|1770|abstract|neuroinflammation|DDF|change abundance|1917|1930|abstract|gut microbiome|microbiome
36707651|expert_2|386|399|abstract|gut microbiota|microbiome|is linked to|461|480|abstract|psychiatric disorder|DDF
36707651|expert_2|386|399|abstract|gut microbiota|microbiome|is linked to|566|567|abstract|BD|DDF
36707651|expert_2|386|399|abstract|gut microbiota|microbiome|is linked to|937|979|abstract|intestinal, systemic and brain inflammation|DDF
36707651|expert_2|386|399|abstract|gut microbiota|microbiome|is linked to|982|998|abstract|neuroinflammation|DDF
36707651|expert_2|781|789|abstract|serotonin|chemical|impact|386|399|abstract|gut microbiota|microbiome
36707651|expert_2|1161|1174|abstract|gut microbiota|microbiome|is linked to|1202|1203|abstract|BD|DDF
36707651|expert_2|1238|1251|abstract|gut microbiota|microbiome|located in|1419|1426|abstract|patients|human
36707651|expert_2|1452|1468|abstract|psychiatric drugs|drug|impact|1473|1486|abstract|gut microbiota|microbiome
36707651|expert_2|1473|1486|abstract|gut microbiota|microbiome|located in|1506|1516|abstract|BD patients|human
34589852|expert_6|22|53|abstract|schizophrenia-spectrum disorders|DDF|target|157|164|abstract|patients|human
34589852|expert_6|77|99|abstract|psychotropic medication|drug|change effect|22|53|abstract|schizophrenia-spectrum disorders|DDF
34589852|expert_6|522|541|abstract|nutritional deficits|DDF|affect|586|622|abstract|inflammation and immune dysregulation|DDF
34589852|expert_6|685|706|abstract|altered gut microbiota|microbiome|is linked to|522|541|abstract|nutritional deficits|DDF
34589852|expert_6|685|706|abstract|altered gut microbiota|microbiome|is linked to|586|622|abstract|inflammation and immune dysregulation|DDF
37764088|expert_2|0|33|title|Altered Gut Microbiota Composition|DDF|affect|54|94|title|Difficulty in Explicit Emotion Regulation|DDF
37764088|expert_2|54|94|title|Difficulty in Explicit Emotion Regulation|DDF|target|99|112|title|Young Children|human
37764088|expert_2|280|293|abstract|Gut microbiota|microbiome|is linked to|361|388|abstract|physical and mental problems|DDF
37764088|expert_2|296|297|abstract|GM|microbiome|is linked to|361|388|abstract|physical and mental problems|DDF
37764088|expert_2|683|699|abstract|children aged 3-4|human|used by|936|959|abstract|16S rRNA gene sequencing|biomedical technique
37764088|expert_2|730|731|abstract|GM|microbiome|located in|683|699|abstract|children aged 3-4|human
37764088|expert_2|730|731|abstract|GM|microbiome|used by|936|959|abstract|16S rRNA gene sequencing|biomedical technique
37764088|expert_2|1134|1144|abstract|Actinomyces|bacteria|part of|730|731|abstract|GM|microbiome
37764088|expert_2|1157|1166|abstract|Sutterella|bacteria|part of|730|731|abstract|GM|microbiome
31255682|expert_1|61|73|title|schizophrenia|DDF|target|47|54|title|patients|human
31255682|expert_1|20|33|abstract|gut microbiota|microbiome|is linked to|183|195|abstract|schizophrenia|DDF
31255682|expert_1|169|176|abstract|patients|human|used by|257|286|abstract|Shotgun metagenomic sequencing|biomedical technique
31255682|expert_1|169|176|abstract|patients|human|used by|292|310|abstract|16S rRNA sequencing|biomedical technique
31255682|expert_1|183|195|abstract|schizophrenia|DDF|target|169|176|abstract|patients|human
31255682|expert_1|204|240|abstract|sex- and age-matched healthy controls|human|used by|257|286|abstract|Shotgun metagenomic sequencing|biomedical technique
31255682|expert_1|204|240|abstract|sex- and age-matched healthy controls|human|used by|292|310|abstract|16S rRNA sequencing|biomedical technique
31255682|expert_1|530|542|abstract|schizophrenia|DDF|target|516|523|abstract|Patients|human
31255682|expert_1|717|729|abstract|schizophrenia|DDF|target|703|710|abstract|patients|human
31255682|expert_1|1207|1219|abstract|schizophrenia|DDF|target|1193|1200|abstract|patients|human
38432867|expert_4|612|636|abstract|Disordered gut microbiota|microbiome|is linked to|691|693|abstract|TAO|DDF
38432867|expert_4|822|835|abstract|gut microbiota|microbiome|is linked to|869|871|abstract|TAO|DDF
35565918|expert_4|632|652|abstract|neurological problems|DDF|target|618|625|abstract|patients|human
33076930|expert_2|0|18|abstract|Parkinson's disease|DDF|is a|30|67|abstract|progressive neurodegenerative disorder|DDF
33076930|expert_2|21|22|abstract|PD|DDF|is a|30|67|abstract|progressive neurodegenerative disorder|DDF
33076930|expert_2|121|154|abstract|Gastrointestinal tract dysfunction|DDF|affect|0|18|abstract|Parkinson's disease|DDF
33076930|expert_2|196|207|abstract|constipation|DDF|is a|121|154|abstract|Gastrointestinal tract dysfunction|DDF
33076930|expert_2|196|207|abstract|constipation|DDF|affect|0|18|abstract|Parkinson's disease|DDF
33076930|expert_2|542|554|abstract|C. sporogenes|bacteria|interact|567|574|abstract|levodopa|drug
33076930|expert_2|567|574|abstract|levodopa|drug|change effect|599|617|abstract|Parkinson's disease|DDF
33076930|expert_2|882|918|abstract|3-(3,4-dihydroxyphenyl)propionic acid|chemical|produced by|1051|1064|abstract|gut microbiota|microbiome
33076930|expert_2|1120|1146|abstract|gut bacterium C. sporogenes|bacteria|part of|1051|1064|abstract|gut microbiota|microbiome
30258234|expert_5|678|694|abstract|Injury to neurons|DDF|affect|699|709|abstract|Alzheimer's|DDF
30258234|expert_5|678|694|abstract|Injury to neurons|DDF|affect|712|722|abstract|Parkinson's|DDF
30258234|expert_5|678|694|abstract|Injury to neurons|DDF|affect|725|736|abstract|Huntington's|DDF
30258234|expert_5|678|694|abstract|Injury to neurons|DDF|affect|773|801|abstract|amyotrophic lateral sclerosis|DDF
30258234|expert_5|678|694|abstract|Injury to neurons|DDF|affect|804|826|abstract|frontotemporal dementia|DDF
30258234|expert_5|678|694|abstract|Injury to neurons|DDF|affect|833|864|abstract|chronic traumatic encephalopathy|DDF
30258234|expert_5|880|931|abstract|disruption of the sentinel or housekeeping functions|DDF|affect|678|694|abstract|Injury to neurons|DDF
30258234|expert_5|937|973|abstract|dysregulation of the defense function|DDF|affect|678|694|abstract|Injury to neurons|DDF
30258234|expert_5|979|995|abstract|neuroinflammation|DDF|affect|678|694|abstract|Injury to neurons|DDF
30258234|expert_5|1371|1384|abstract|gut microbiome|microbiome|is linked to|1459|1475|abstract|neurodegeneration|DDF
33963284|expert_4|111|124|abstract|(R,S)-ketamine|drug|interact|62|90|abstract|N-methyl-D-aspartate receptor|chemical
33963284|expert_4|111|124|abstract|(R,S)-ketamine|drug|interact|93|97|abstract|NMDAR|chemical
33963284|expert_4|310|319|abstract|esketamine|drug|change effect|416|445|abstract|treatment-resistant depression|DDF
33963284|expert_4|655|664|abstract|arketamine|drug|interact|674|678|abstract|NMDAR|chemical
33963284|expert_4|815|824|abstract|depression|DDF|target|801|808|abstract|patients|human
32518376|expert_4|108|121|title|gut microbiota|microbiome|located in|126|129|title|mice|animal
32518376|expert_4|137|154|title|lipopolysaccharide|chemical|impact|108|121|title|gut microbiota|microbiome
32518376|expert_4|366|379|abstract|gut microbiota|microbiome|located in|384|387|abstract|mice|animal
32518376|expert_4|395|412|abstract|lipopolysaccharide|chemical|impact|366|379|abstract|gut microbiota|microbiome
32518376|expert_4|415|417|abstract|LPS|chemical|impact|366|379|abstract|gut microbiota|microbiome
32518376|expert_4|436|438|abstract|LPS|chemical|influence|476|487|abstract|inflammation|DDF
32518376|expert_4|539|555|abstract|synaptic proteins|chemical|located in|564|587|abstract|medial prefrontal cortex|anatomical location
32518376|expert_4|539|555|abstract|synaptic proteins|chemical|located in|590|593|abstract|mPFC|anatomical location
32518376|expert_4|564|587|abstract|medial prefrontal cortex|anatomical location|located in|603|620|abstract|sham-operated mice|animal
32518376|expert_4|590|593|abstract|mPFC|anatomical location|located in|603|620|abstract|sham-operated mice|animal
32518376|expert_4|1373|1375|abstract|LPS|chemical|influence|1449|1460|abstract|inflammation|DDF
32518376|expert_4|1373|1375|abstract|LPS|chemical|impact|1545|1558|abstract|gut microbiota|microbiome
32518376|expert_4|1477|1493|abstract|synaptic proteins|chemical|located in|1502|1505|abstract|mPFC|anatomical location
32819434|expert_3|4|17|title|gut microbiota|microbiome|is linked to|29|48|title|autism-like behavior|DDF
32819434|expert_3|355|368|abstract|gut microbiota|microbiome|is linked to|375|392|abstract|brain dysfunctions|DDF
32819434|expert_3|528|530|abstract|ASD|DDF|target|514|521|abstract|patients|human
32819434|expert_3|706|719|abstract|gut microbiota|microbiome|change expression|682|686|abstract|EPHB6|gene
32819434|expert_3|850|863|abstract|gut microbiota|microbiome|located in|868|871|abstract|mice|animal
32819434|expert_3|915|930|abstract|fecal microbiota|microbiome|located in|937|956|abstract|EphB6-deficient mice|animal
32819434|expert_3|970|989|abstract|autism-like behavior|DDF|target|937|956|abstract|EphB6-deficient mice|animal
32819434|expert_3|1108|1127|abstract|autism-like behavior|DDF|target|1077|1090|abstract|wild-type mice|animal
32819434|expert_3|1192|1205|abstract|gut microbiota|microbiome|located in|1210|1229|abstract|EphB6-deficient mice|animal
32819434|expert_3|1503|1516|abstract|gut microbiota|microbiome|is linked to|1539|1565|abstract|autism-like social behavior|DDF
34576000|expert_7|48|61|title|Gut Microbiome|microbiome|is linked to|98|116|title|Parkinson's Disease|DDF
34576000|expert_7|48|61|title|Gut Microbiome|microbiome|is linked to|0|18|abstract|Parkinson's disease|DDF
34576000|expert_7|48|61|title|Gut Microbiome|microbiome|is linked to|21|22|abstract|PD|DDF
34576000|expert_7|48|61|title|Gut Microbiome|microbiome|is linked to|1156|1157|abstract|PD|DDF
34576000|expert_7|0|18|abstract|Parkinson's disease|DDF|target|116|134|abstract|elderly individuals|human
34576000|expert_7|0|18|abstract|Parkinson's disease|DDF|target|1361|1371|abstract|PD patients|human
34576000|expert_7|21|22|abstract|PD|DDF|target|116|134|abstract|elderly individuals|human
34576000|expert_7|21|22|abstract|PD|DDF|target|1361|1371|abstract|PD patients|human
34576000|expert_7|61|86|abstract|neurodegenerative disorder|DDF|target|116|134|abstract|elderly individuals|human
34576000|expert_7|1079|1097|abstract|host gut microbiome|microbiome|is linked to|0|18|abstract|Parkinson's disease|DDF
34576000|expert_7|1079|1097|abstract|host gut microbiome|microbiome|is linked to|21|22|abstract|PD|DDF
34576000|expert_7|1079|1097|abstract|host gut microbiome|microbiome|is linked to|1156|1157|abstract|PD|DDF
34576000|expert_7|1274|1292|abstract|host gut microbiome|microbiome|located in|1361|1371|abstract|PD patients|human
38247868|expert_5|0|24|title|Psychiatric Comorbidities|DDF|affect|29|54|title|Inflammatory Bowel Disease|DDF
38247868|expert_5|0|25|abstract|Inflammatory bowel disease|DDF|affect|97|132|abstract|chronic, relapse-remitting condition|DDF
38247868|expert_5|0|25|abstract|Inflammatory bowel disease|DDF|strike|141|162|abstract|gastrointestinal tract|anatomical location
38247868|expert_5|0|25|abstract|Inflammatory bowel disease|DDF|target|277|288|abstract|IBD patients|human
38247868|expert_5|28|30|abstract|IBD|DDF|target|277|288|abstract|IBD patients|human
38247868|expert_5|52|66|abstract|Crohn's disease|DDF|is a|0|25|abstract|Inflammatory bowel disease|DDF
38247868|expert_5|52|66|abstract|Crohn's disease|DDF|is a|28|30|abstract|IBD|DDF
38247868|expert_5|72|89|abstract|ulcerative colitis|DDF|is a|0|25|abstract|Inflammatory bowel disease|DDF
38247868|expert_5|72|89|abstract|ulcerative colitis|DDF|is a|28|30|abstract|IBD|DDF
38247868|expert_5|194|218|abstract|Psychiatric comorbidities|DDF|affect|0|25|abstract|Inflammatory bowel disease|DDF
38247868|expert_5|194|218|abstract|Psychiatric comorbidities|DDF|affect|28|30|abstract|IBD|DDF
38247868|expert_5|194|218|abstract|Psychiatric comorbidities|DDF|target|277|288|abstract|IBD patients|human
38247868|expert_5|231|240|abstract|depression|DDF|is a|194|218|abstract|Psychiatric comorbidities|DDF
38247868|expert_5|231|240|abstract|depression|DDF|target|277|288|abstract|IBD patients|human
38247868|expert_5|246|252|abstract|anxiety|DDF|is a|194|218|abstract|Psychiatric comorbidities|DDF
38247868|expert_5|246|252|abstract|anxiety|DDF|target|277|288|abstract|IBD patients|human
38247868|expert_5|360|376|abstract|neuroinflammation|DDF|target|409|420|abstract|IBD patients|human
38247868|expert_5|494|498|abstract|brain|anatomical location|located in|409|420|abstract|IBD patients|human
38247868|expert_5|722|754|abstract|psychiatric manifestations of IBD|DDF|target|409|420|abstract|IBD patients|human
38247868|expert_5|816|843|abstract|IBD-associated comorbidities|DDF|target|409|420|abstract|IBD patients|human
34357554|expert_2|4|20|abstract|neurodegeneration|DDF|is a|38|52|abstract|CNS pathologies|DDF
34357554|expert_2|1053|1066|abstract|gut microbiota|microbiome|is linked to|1112|1138|abstract|neurodegenerative disorders|DDF
31154909|expert_2|40|50|abstract|bovine milk|food|influence|242|264|abstract|cardiovascular diseases|DDF
31154909|expert_2|40|50|abstract|bovine milk|food|influence|270|284|abstract|type 1 diabetes|DDF
31154909|expert_2|103|120|abstract|bioactive peptides|chemical|influence|242|264|abstract|cardiovascular diseases|DDF
31154909|expert_2|103|120|abstract|bioactive peptides|chemical|influence|270|284|abstract|type 1 diabetes|DDF
31154909|expert_2|326|343|abstract|beta-casomorphin-7|chemical|influence|242|264|abstract|cardiovascular diseases|DDF
31154909|expert_2|326|343|abstract|beta-casomorphin-7|chemical|influence|270|284|abstract|type 1 diabetes|DDF
31154909|expert_2|326|343|abstract|beta-casomorphin-7|chemical|interact|367|380|abstract|A1 beta-casein|chemical
31154909|expert_2|346|350|abstract|BCM-7|chemical|influence|242|264|abstract|cardiovascular diseases|DDF
31154909|expert_2|346|350|abstract|BCM-7|chemical|influence|270|284|abstract|type 1 diabetes|DDF
31154909|expert_2|501|518|abstract|μ-opioid receptors|chemical|influence|683|698|abstract|gut inflammation|DDF
31154909|expert_2|734|738|abstract|BCM-7|chemical|influence|754|762|abstract|fractures|DDF
31154909|expert_2|734|738|abstract|BCM-7|chemical|influence|768|774|abstract|obesity|DDF
28442250|expert_5|15|28|abstract|gut microbiota|microbiome|is linked to|88|103|abstract|mental disorders|DDF
28442250|expert_5|15|28|abstract|gut microbiota|microbiome|is linked to|711|732|abstract|microbiota alterations|DDF
28442250|expert_5|15|28|abstract|gut microbiota|microbiome|is linked to|737|753|abstract|psychotic illness|DDF
28442250|expert_5|88|103|abstract|mental disorders|DDF|target|206|213|abstract|patients|human
28442250|expert_5|178|193|abstract|fecal microbiota|microbiome|is linked to|88|103|abstract|mental disorders|DDF
28442250|expert_5|178|193|abstract|fecal microbiota|microbiome|located in|206|213|abstract|patients|human
28442250|expert_5|178|193|abstract|fecal microbiota|microbiome|is linked to|220|242|abstract|first-episode psychosis|DDF
28442250|expert_5|178|193|abstract|fecal microbiota|microbiome|is linked to|245|247|abstract|FEP|DDF
28442250|expert_5|178|193|abstract|fecal microbiota|microbiome|located in|257|280|abstract|healthy matched controls|human
28442250|expert_5|178|193|abstract|fecal microbiota|microbiome|located in|442|453|abstract|FEP-patients|human
28442250|expert_5|178|193|abstract|fecal microbiota|microbiome|located in|545|556|abstract|FEP patients|human
28442250|expert_5|178|193|abstract|fecal microbiota|microbiome|is linked to|711|732|abstract|microbiota alterations|DDF
28442250|expert_5|178|193|abstract|fecal microbiota|microbiome|is linked to|737|753|abstract|psychotic illness|DDF
28442250|expert_5|220|242|abstract|first-episode psychosis|DDF|target|206|213|abstract|patients|human
28442250|expert_5|245|247|abstract|FEP|DDF|target|206|213|abstract|patients|human
28442250|expert_5|396|423|abstract|Lactobacillus group bacteria|bacteria|part of|178|193|abstract|fecal microbiota|microbiome
28442250|expert_5|396|423|abstract|Lactobacillus group bacteria|bacteria|influence|220|242|abstract|first-episode psychosis|DDF
28442250|expert_5|396|423|abstract|Lactobacillus group bacteria|bacteria|influence|245|247|abstract|FEP|DDF
28442250|expert_5|711|732|abstract|microbiota alterations|DDF|affect|737|753|abstract|psychotic illness|DDF
28442250|expert_5|737|753|abstract|psychotic illness|DDF|target|206|213|abstract|patients|human
30701194|expert_7|111|134|title|Autism Spectrum Disorder|DDF|target|97|104|title|Children|human
30701194|expert_7|111|134|title|Autism Spectrum Disorder|DDF|target|1879|1886|abstract|children|human
30701194|expert_7|111|134|title|Autism Spectrum Disorder|DDF|target|1954|1961|abstract|children|human
30701194|expert_7|70|94|abstract|autism spectrum disorders|DDF|target|519|527|abstract|ASD group|human
30701194|expert_7|70|94|abstract|autism spectrum disorders|DDF|target|891|899|abstract|ASD group|human
30701194|expert_7|70|94|abstract|autism spectrum disorders|DDF|target|1292|1300|abstract|ASD group|human
30701194|expert_7|70|94|abstract|autism spectrum disorders|DDF|target|1509|1516|abstract|children|human
30701194|expert_7|70|94|abstract|autism spectrum disorders|DDF|target|1879|1886|abstract|children|human
30701194|expert_7|70|94|abstract|autism spectrum disorders|DDF|target|1954|1961|abstract|children|human
30701194|expert_7|97|99|abstract|ASD|DDF|target|97|104|title|Children|human
30701194|expert_7|97|99|abstract|ASD|DDF|target|519|527|abstract|ASD group|human
30701194|expert_7|97|99|abstract|ASD|DDF|target|891|899|abstract|ASD group|human
30701194|expert_7|97|99|abstract|ASD|DDF|target|1292|1300|abstract|ASD group|human
30701194|expert_7|148|161|abstract|gut microbiota|microbiome|located in|182|189|abstract|children|human
30701194|expert_7|196|198|abstract|ASD|DDF|target|97|104|title|Children|human
30701194|expert_7|196|198|abstract|ASD|DDF|target|182|189|abstract|children|human
30701194|expert_7|226|228|abstract|ASD|DDF|target|212|219|abstract|children|human
30701194|expert_7|269|287|abstract|typical development|DDF|target|237|256|abstract|age-matched children|human
30701194|expert_7|269|287|abstract|typical development|DDF|target|552|559|abstract|TD group|human
30701194|expert_7|290|291|abstract|TD|DDF|target|237|256|abstract|age-matched children|human
30701194|expert_7|290|291|abstract|TD|DDF|target|552|559|abstract|TD group|human
30701194|expert_7|851|871|abstract|glutamate metabolites|chemical|located in|891|899|abstract|ASD group|human
30701194|expert_7|926|947|abstract|2-keto-glutaramic acid|chemical|located in|891|899|abstract|ASD group|human
30701194|expert_7|1122|1141|abstract|Bacteroides vulgatus|bacteria|located in|891|899|abstract|ASD group|human
30701194|expert_7|1188|1204|abstract|Eggerthella lenta|bacteria|located in|891|899|abstract|ASD group|human
30701194|expert_7|1210|1230|abstract|Clostridium botulinum|bacteria|located in|891|899|abstract|ASD group|human
30701194|expert_7|1379|1404|abstract|gut 2-keto-glutaramic acid|chemical|influence|1449|1451|abstract|ASD|DDF
30701194|expert_7|1523|1525|abstract|ASD|DDF|target|1509|1516|abstract|children|human
30701194|expert_7|1700|1713|abstract|gut microbiota|microbiome|is linked to|1765|1767|abstract|ASD|DDF
30701194|expert_7|1879|1886|abstract|children|human|used by|1839|1874|abstract|gut metagenomic and metabolome study|biomedical technique
30701194|expert_7|1893|1895|abstract|ASD|DDF|target|1879|1886|abstract|children|human
30701194|expert_7|1968|1970|abstract|ASD|DDF|target|97|104|title|Children|human
30701194|expert_7|1968|1970|abstract|ASD|DDF|target|1954|1961|abstract|children|human
30701194|expert_7|2104|2117|abstract|gut microbiota|microbiome|is linked to|111|134|title|Autism Spectrum Disorder|DDF
30701194|expert_7|2104|2117|abstract|gut microbiota|microbiome|is linked to|2142|2144|abstract|ASD|DDF
34988495|expert_6|24|37|title|gut microbiota|microbiome|located in|45|52|title|Veterans|human
34988495|expert_6|24|37|title|gut microbiota|microbiome|is linked to|116|140|title|chronic health conditions|DDF
34988495|expert_6|4|17|abstract|gut microbiome|microbiome|is linked to|139|155|abstract|anxiety disorders|DDF
34988495|expert_6|4|17|abstract|gut microbiome|microbiome|is linked to|158|176|abstract|affective disorders|DDF
34988495|expert_6|4|17|abstract|gut microbiome|microbiome|is linked to|183|220|abstract|trauma- and stressor-related disorders|DDF
34988495|expert_6|4|17|abstract|gut microbiome|microbiome|is linked to|230|258|abstract|posttraumatic stress disorder|DDF
34988495|expert_6|4|17|abstract|gut microbiome|microbiome|is linked to|261|264|abstract|PTSD|DDF
34988495|expert_6|437|450|abstract|gut microbiome|microbiome|located in|268|303|abstract|United States (US) military Veterans|human
34988495|expert_6|701|714|abstract|gut microbiota|microbiome|located in|579|586|abstract|Veterans|human
34988495|expert_6|923|926|abstract|PTSD|DDF|target|826|829|abstract|male|human
34988495|expert_6|951|974|abstract|traumatic brain injuries|DDF|target|826|829|abstract|male|human
34988495|expert_6|1169|1183|abstract|gastroenteritis|DDF|affect|1252|1268|abstract|severe depression|DDF
34988495|expert_6|1186|1212|abstract|peripheral vascular disease|DDF|affect|1252|1268|abstract|severe depression|DDF
34988495|expert_6|1215|1217|abstract|PVD|DDF|affect|1252|1268|abstract|severe depression|DDF
34988495|expert_6|1221|1237|abstract|bipolar disorders|DDF|affect|1252|1268|abstract|severe depression|DDF
34988495|expert_6|1602|1604|abstract|PVD|DDF|affect|1610|1631|abstract|cardiovascular disease|DDF
34988495|expert_6|2102|2115|abstract|gut microbiome|microbiome|located in|1859|1866|abstract|Veterans|human
32890382|expert_6|194|207|abstract|gut microbiota|microbiome|is linked to|146|165|abstract|epigenetic processes|DDF
32890382|expert_6|194|207|abstract|gut microbiota|microbiome|is linked to|168|188|abstract|inflammatory response|DDF
32890382|expert_6|315|334|abstract|epigenetic processes|DDF|affect|340|360|abstract|psychiatric disorders|DDF
32890382|expert_6|315|334|abstract|epigenetic processes|DDF|affect|420|445|abstract|traumatic or stress events|DDF
32890382|expert_6|478|491|abstract|gut microbiota|microbiome|is linked to|420|445|abstract|traumatic or stress events|DDF
32890382|expert_6|1391|1476|abstract|neurophysiological, inflammatory or hypothalamic-pituitary-adrenal axis dysregulations|DDF|affect|1216|1235|abstract|psychological stress|DDF
34147969|expert_2|116|140|abstract|Soluble epoxide hydrolase|chemical|influence|195|206|abstract|inflammation|DDF
34147969|expert_2|195|206|abstract|inflammation|DDF|affect|238|262|abstract|stress-related depression|DDF
34147969|expert_2|302|329|abstract|chronic social defeat stress|DDF|target|265|289|abstract|Ephx2 knock-out (KO) mice|animal
34147969|expert_2|332|335|abstract|CSDS|DDF|target|265|289|abstract|Ephx2 knock-out (KO) mice|animal
34147969|expert_2|815|837|abstract|anhedonia-like behavior|DDF|target|842|873|abstract|ABX-treated WT and Ephx2 KO mice|animal
34147969|expert_2|918|941|abstract|Faecalibaculum rodentium|bacteria|influence|994|1016|abstract|anhedonia-like behavior|DDF
34147969|expert_2|944|955|abstract|F. rodentium|bacteria|influence|994|1016|abstract|anhedonia-like behavior|DDF
34147969|expert_2|1073|1084|abstract|F. rodentium|bacteria|influence|1107|1146|abstract|depression- and anhedonia-like behaviors|DDF
34147969|expert_2|1073|1084|abstract|F. rodentium|bacteria|interact|1172|1184|abstract|interleukin-6|chemical
34147969|expert_2|1073|1084|abstract|F. rodentium|bacteria|interact|1213|1229|abstract|synaptic proteins|chemical
37624502|expert_4|1585|1606|abstract|Bifidobacterium longum|bacteria|part of|1674|1687|abstract|gut microbiota|microbiome
36056574|expert_7|21|34|title|Gut Microbiota|microbiome|is linked to|52|70|title|Depressive Symptoms|DDF
36056574|expert_7|21|34|title|Gut Microbiota|microbiome|is linked to|76|92|title|Sleep Disturbance|DDF
36056574|expert_7|21|34|title|Gut Microbiota|microbiome|located in|100|128|title|Chinese and Korean Immigrants|human
36056574|expert_7|21|34|title|Gut Microbiota|microbiome|is linked to|328|346|abstract|depressive symptoms|DDF
36056574|expert_7|21|34|title|Gut Microbiota|microbiome|is linked to|352|368|abstract|sleep disturbance|DDF
36056574|expert_7|21|34|title|Gut Microbiota|microbiome|located in|376|413|abstract|Chinese and Korean American immigrants|human
36056574|expert_7|52|70|title|Depressive Symptoms|DDF|target|100|128|title|Chinese and Korean Immigrants|human
36056574|expert_7|76|92|title|Sleep Disturbance|DDF|target|100|128|title|Chinese and Korean Immigrants|human
36056574|expert_7|0|9|abstract|Depression|DDF|target|30|44|abstract|Asian Americans|human
36056574|expert_7|0|9|abstract|Depression|DDF|target|47|49|abstract|AsA|human
36056574|expert_7|0|9|abstract|Depression|DDF|target|138|147|abstract|population|human
36056574|expert_7|86|95|abstract|depression|DDF|target|30|44|abstract|Asian Americans|human
36056574|expert_7|86|95|abstract|depression|DDF|target|47|49|abstract|AsA|human
36056574|expert_7|86|95|abstract|depression|DDF|affect|112|128|abstract|sleep disturbance|DDF
36056574|expert_7|86|95|abstract|depression|DDF|target|138|147|abstract|population|human
36056574|expert_7|112|128|abstract|sleep disturbance|DDF|target|30|44|abstract|Asian Americans|human
36056574|expert_7|112|128|abstract|sleep disturbance|DDF|target|47|49|abstract|AsA|human
36056574|expert_7|112|128|abstract|sleep disturbance|DDF|target|138|147|abstract|population|human
36056574|expert_7|154|167|abstract|gut microbiota|microbiome|located in|30|44|abstract|Asian Americans|human
36056574|expert_7|154|167|abstract|gut microbiota|microbiome|located in|47|49|abstract|AsA|human
36056574|expert_7|154|167|abstract|gut microbiota|microbiome|located in|287|289|abstract|AsA|human
36056574|expert_7|170|171|abstract|GM|microbiome|located in|30|44|abstract|Asian Americans|human
36056574|expert_7|170|171|abstract|GM|microbiome|located in|47|49|abstract|AsA|human
36056574|expert_7|259|260|abstract|GM|microbiome|located in|30|44|abstract|Asian Americans|human
36056574|expert_7|259|260|abstract|GM|microbiome|located in|47|49|abstract|AsA|human
36056574|expert_7|259|260|abstract|GM|microbiome|located in|138|147|abstract|population|human
36056574|expert_7|259|260|abstract|GM|microbiome|located in|287|289|abstract|AsA|human
36056574|expert_7|320|321|abstract|GM|microbiome|is linked to|328|346|abstract|depressive symptoms|DDF
36056574|expert_7|320|321|abstract|GM|microbiome|is linked to|352|368|abstract|sleep disturbance|DDF
36056574|expert_7|320|321|abstract|GM|microbiome|located in|376|413|abstract|Chinese and Korean American immigrants|human
36056574|expert_7|328|346|abstract|depressive symptoms|DDF|target|376|413|abstract|Chinese and Korean American immigrants|human
36056574|expert_7|352|368|abstract|sleep disturbance|DDF|target|376|413|abstract|Chinese and Korean American immigrants|human
36056574|expert_7|893|894|abstract|GM|microbiome|located in|920|931|abstract|participants|human
36056574|expert_7|963|981|abstract|depressive symptoms|DDF|target|920|931|abstract|participants|human
36056574|expert_7|1015|1031|abstract|sleep disturbance|DDF|target|920|931|abstract|participants|human
36056574|expert_7|1092|1110|abstract|depressive symptoms|DDF|target|920|931|abstract|participants|human
36056574|expert_7|1257|1275|abstract|depressive symptoms|DDF|target|1222|1233|abstract|participants|human
36056574|expert_7|1314|1330|abstract|sleep disturbance|DDF|target|1222|1233|abstract|participants|human
36056574|expert_7|1369|1387|abstract|depressive symptoms|DDF|target|1222|1233|abstract|participants|human
36056574|expert_7|1461|1479|abstract|depressive symptoms|DDF|change abundance|1421|1434|abstract|Actinobacteria|bacteria
36056574|expert_7|1647|1665|abstract|depressive symptoms|DDF|affect|1671|1687|abstract|sleep disturbance|DDF
36056574|expert_7|1647|1665|abstract|depressive symptoms|DDF|target|1695|1723|abstract|Chinese and Korean immigrants|human
36056574|expert_7|1671|1687|abstract|sleep disturbance|DDF|target|1695|1723|abstract|Chinese and Korean immigrants|human
36056574|expert_7|1775|1793|abstract|depressive symptoms|DDF|target|1695|1723|abstract|Chinese and Korean immigrants|human
33514545|expert_6|1010|1054|abstract|microbiome-associated short-chain fatty acids|chemical|influence|1112|1113|abstract|PD|DDF
31750916|expert_5|0|12|title|Dietary fiber|dietary supplement|influence|40|49|title|depression|DDF
31750916|expert_5|0|12|title|Dietary fiber|dietary supplement|influence|55|66|title|inflammation|DDF
31750916|expert_5|0|12|abstract|Dietary fiber|dietary supplement|impact|113|126|abstract|gut microbiota|microbiome
31750916|expert_5|0|12|abstract|Dietary fiber|dietary supplement|influence|235|244|abstract|depression|DDF
31750916|expert_5|0|12|abstract|Dietary fiber|dietary supplement|influence|250|261|abstract|inflammation|DDF
31750916|expert_5|113|126|abstract|gut microbiota|microbiome|located in|793|795|abstract|gut|anatomical location
31750916|expert_5|452|464|abstract|dietary fiber|dietary supplement|influence|470|479|abstract|depression|DDF
31750916|expert_5|452|464|abstract|dietary fiber|dietary supplement|influence|492|540|abstract|microbiota-driven modification of gene expression|DDF
31750916|expert_5|452|464|abstract|dietary fiber|dietary supplement|influence|546|586|abstract|increased production of neurotransmitters|DDF
31750916|expert_5|452|464|abstract|dietary fiber|dietary supplement|influence|1113|1149|abstract|inflammatory and depressive disorders|DDF
31750916|expert_5|492|540|abstract|microbiota-driven modification of gene expression|DDF|affect|470|479|abstract|depression|DDF
31750916|expert_5|546|586|abstract|increased production of neurotransmitters|DDF|affect|470|479|abstract|depression|DDF
31750916|expert_5|603|614|abstract|inflammation|DDF|affect|678|687|abstract|depression|DDF
31750916|expert_5|692|706|abstract|high-fiber diet|food|influence|727|738|abstract|inflammation|DDF
31750916|expert_5|825|846|abstract|inflammatory compounds|chemical|influence|912|921|abstract|depression|DDF
34074025|expert_2|29|46|title|Multiple Sclerosis|DDF|is a|58|76|title|Autoimmune Diseases|DDF
34074025|expert_2|254|278|abstract|Dysfunction of MAIT cells|DDF|affect|310|325|abstract|chronic diseases|DDF
34074025|expert_2|284|292|abstract|dysbiosis|DDF|affect|310|325|abstract|chronic diseases|DDF
34074025|expert_2|467|484|abstract|multiple sclerosis|DDF|change abundance|696|709|abstract|gut microbiota|microbiome
34074025|expert_2|496|515|abstract|autoimmune disorders|DDF|change abundance|696|709|abstract|gut microbiota|microbiome
24956966|expert_3|361|374|abstract|gut microbiota|microbiome|is linked to|436|457|abstract|mental health outcomes|DDF
30528936|expert_3|522|529|abstract|Ketamine|drug|change effect|581|595|abstract|immobility time|DDF
30528936|expert_3|1147|1160|abstract|Actinobacteria|bacteria|influence|1230|1239|abstract|immobility|DDF
30528936|expert_3|1176|1189|abstract|Coriobacteriia|bacteria|influence|1230|1239|abstract|immobility|DDF
30528936|expert_3|1539|1546|abstract|ketamine|drug|impact|1610|1623|abstract|gut microbiota|microbiome
37995475|expert_2|90|103|abstract|gut microbiota|microbiome|is linked to|1372|1386|abstract|sleep disorders|DDF
37995475|expert_2|335|348|abstract|gut microbiota|microbiome|located in|449|456|abstract|patients|human
37995475|expert_2|473|489|abstract|narcolepsy type 1|DDF|target|449|456|abstract|patients|human
37995475|expert_2|492|508|abstract|narcolepsy type 2|DDF|target|449|456|abstract|patients|human
37995475|expert_2|515|536|abstract|idiopathic hypersomnia|DDF|target|449|456|abstract|patients|human
37995475|expert_2|803|819|abstract|narcolepsy type 1|DDF|target|779|786|abstract|patients|human
37995475|expert_2|825|846|abstract|idiopathic hypersomnia|DDF|target|779|786|abstract|patients|human
38278499|expert_2|0|33|title|Alcohol use-associated alterations|DDF|affect|150|159|abstract|depression|DDF
38278499|expert_2|123|147|title|major depressive disorder|DDF|target|106|116|title|individuals|human
38278499|expert_2|150|159|abstract|depression|DDF|target|137|143|abstract|persons|human
38278499|expert_2|447|478|abstract|non-depressed general population|human|used by|266|320|abstract|targeted liquid chromatography mass spectrometry method|biomedical technique
38278499|expert_2|481|482|abstract|GP|human|used by|266|320|abstract|targeted liquid chromatography mass spectrometry method|biomedical technique
38278499|expert_2|511|521|abstract|individuals|human|used by|266|320|abstract|targeted liquid chromatography mass spectrometry method|biomedical technique
38278499|expert_2|528|552|abstract|major depressive disorder|DDF|target|511|521|abstract|individuals|human
38278499|expert_2|528|552|abstract|major depressive disorder|DDF|interact|783|795|abstract|hippuric acid|chemical
38278499|expert_2|555|557|abstract|MDD|DDF|target|511|521|abstract|individuals|human
38278499|expert_2|1080|1092|abstract|hippuric acid|chemical|influence|0|33|title|Alcohol use-associated alterations|DDF
38679353|expert_4|1411|1424|abstract|gut microbiome|microbiome|is linked to|1504|1505|abstract|PD|DDF
38679353|expert_4|1504|1505|abstract|PD|DDF|change abundance|979|996|abstract|Bifidobacteriaceae|bacteria
38679353|expert_4|1504|1505|abstract|PD|DDF|change abundance|999|1013|abstract|Ruminococcaceae|bacteria
38679353|expert_4|1504|1505|abstract|PD|DDF|change abundance|1016|1028|abstract|Rikenellaceae|bacteria
38679353|expert_4|1504|1505|abstract|PD|DDF|change abundance|1031|1046|abstract|Lactobacillaceae|bacteria
38679353|expert_4|1504|1505|abstract|PD|DDF|change abundance|1049|1067|abstract|Verrucomicrobiaceae|bacteria
38679353|expert_4|1504|1505|abstract|PD|DDF|change abundance|1073|1091|abstract|Christensenellaceae|bacteria
38679353|expert_4|1504|1505|abstract|PD|DDF|change abundance|1167|1180|abstract|Prevotellaceae|bacteria
38679353|expert_4|1504|1505|abstract|PD|DDF|change abundance|1183|1197|abstract|Lachnospiraceae|bacteria
38679353|expert_4|1504|1505|abstract|PD|DDF|change abundance|1200|1218|abstract|Erysipelotrichaceae|bacteria
38679353|expert_4|1504|1505|abstract|PD|DDF|change abundance|1224|1239|abstract|Faecalibacterium|bacteria
38664425|expert_5|55|69|abstract|neuronal damage|DDF|affect|0|25|abstract|Neurodegenerative diseases|DDF
38664425|expert_5|55|69|abstract|neuronal damage|DDF|affect|28|31|abstract|NDDs|DDF
38664425|expert_5|75|109|abstract|progressive loss of neuron function|DDF|affect|0|25|abstract|Neurodegenerative diseases|DDF
38664425|expert_5|75|109|abstract|progressive loss of neuron function|DDF|affect|28|31|abstract|NDDs|DDF
33454868|expert_6|0|12|abstract|Breast cancer|DDF|target|46|50|abstract|women|human
33454868|expert_6|36|41|abstract|cancer|DDF|target|46|50|abstract|women|human
33454868|expert_6|293|306|abstract|gut microbiome|microbiome|is linked to|401|408|abstract|diabetes|DDF
33454868|expert_6|293|306|abstract|gut microbiome|microbiome|is linked to|414|419|abstract|cancer|DDF
33454868|expert_6|449|462|abstract|gut microbiota|microbiome|is linked to|620|632|abstract|breast cancer|DDF
33454868|expert_6|554|561|abstract|bacteria|bacteria|influence|620|632|abstract|breast cancer|DDF
33454868|expert_6|846|864|abstract|intestinal microbes|microbiome|is linked to|870|882|abstract|breast cancer|DDF
31498131|expert_6|0|13|abstract|Gut microbiota|microbiome|is linked to|71|89|abstract|Parkinson's disease|DDF
31498131|expert_6|0|13|abstract|Gut microbiota|microbiome|is linked to|92|93|abstract|PD|DDF
31498131|expert_6|1400|1413|abstract|gut microbiome|microbiome|is linked to|1418|1419|abstract|PD|DDF
31498131|expert_6|1534|1562|abstract|atypical parkinsonism cohorts|human|used by|1616|1661|abstract|measurements of fecal microbial concentrations|biomedical technique
31498131|expert_6|1534|1562|abstract|atypical parkinsonism cohorts|human|used by|1667|1689|abstract|multi-omics assessments|biomedical technique
31498131|expert_6|1565|1613|abstract|prodromal and treatment-naïve de novo PD subjects|human|used by|1616|1661|abstract|measurements of fecal microbial concentrations|biomedical technique
31498131|expert_6|1565|1613|abstract|prodromal and treatment-naïve de novo PD subjects|human|used by|1667|1689|abstract|multi-omics assessments|biomedical technique
31498131|expert_6|1788|1801|abstract|gut microbiome|microbiome|is linked to|1806|1807|abstract|PD|DDF
33782648|expert_5|56|71|title|Flavonol Fisetin|chemical|influence|24|45|title|Neurological Disorders|DDF
33782648|expert_5|0|21|abstract|Neurological disorders|DDF|target|105|112|abstract|patients|human
33782648|expert_5|0|21|abstract|Neurological disorders|DDF|target|229|244|abstract|aging population|human
33782648|expert_5|34|59|abstract|neurodegenerative diseases|DDF|target|105|112|abstract|patients|human
33782648|expert_5|34|59|abstract|neurodegenerative diseases|DDF|target|229|244|abstract|aging population|human
33782648|expert_5|351|390|abstract|disruptions in multiple cellular systems|DDF|affect|298|319|abstract|neurological disorders|DDF
33782648|expert_5|765|771|abstract|Fisetin|chemical|influence|891|912|abstract|neurological disorders|DDF
33782648|expert_5|765|771|abstract|Fisetin|chemical|influence|924|942|abstract|Alzheimer's disease|DDF
33782648|expert_5|765|771|abstract|Fisetin|chemical|influence|945|963|abstract|Parkinson's disease|DDF
33782648|expert_5|765|771|abstract|Fisetin|chemical|influence|966|985|abstract|Huntington's disease|DDF
33782648|expert_5|765|771|abstract|Fisetin|chemical|influence|988|1016|abstract|amyotrophic lateral sclerosis|DDF
33782648|expert_5|765|771|abstract|Fisetin|chemical|influence|1019|1056|abstract|stroke (both ischemic and hemorrhagic)|DDF
33782648|expert_5|765|771|abstract|Fisetin|chemical|influence|1062|1083|abstract|traumatic brain injury|DDF
33782648|expert_5|765|771|abstract|Fisetin|chemical|influence|1635|1651|abstract|brain dysfunction|DDF
33782648|expert_5|924|942|abstract|Alzheimer's disease|DDF|is a|891|912|abstract|neurological disorders|DDF
33782648|expert_5|945|963|abstract|Parkinson's disease|DDF|is a|891|912|abstract|neurological disorders|DDF
33782648|expert_5|966|985|abstract|Huntington's disease|DDF|is a|891|912|abstract|neurological disorders|DDF
33782648|expert_5|988|1016|abstract|amyotrophic lateral sclerosis|DDF|is a|891|912|abstract|neurological disorders|DDF
33782648|expert_5|1019|1056|abstract|stroke (both ischemic and hemorrhagic)|DDF|is a|891|912|abstract|neurological disorders|DDF
33782648|expert_5|1062|1083|abstract|traumatic brain injury|DDF|is a|891|912|abstract|neurological disorders|DDF
33782648|expert_5|1458|1471|abstract|gut microbiome|microbiome|is linked to|1241|1262|abstract|neurological disorders|DDF
33782648|expert_5|1635|1651|abstract|brain dysfunction|DDF|target|1736|1741|abstract|humans|human
32739746|expert_6|22|54|title|commensal fungus Candida albicans|bacteria|influence|92|133|title|dysregulation of endocannabinoid signaling|DDF
32739746|expert_6|608|621|abstract|gut microbiota|microbiome|located in|577|580|abstract|mice|animal
32739746|expert_6|841|851|abstract|C. albicans|bacteria|influence|876|896|abstract|anxiety-like behavior|DDF
32739746|expert_6|948|979|abstract|dysregulation of CORT production|DDF|affect|991|1002|abstract|acute stress|DDF
32739746|expert_6|1076|1117|abstract|endocannabinoid N-arachidonoylethanolamide|chemical|influence|1022|1042|abstract|anxiety-like behavior|DDF
32739746|expert_6|1120|1122|abstract|AEA|chemical|influence|1022|1042|abstract|anxiety-like behavior|DDF
33860090|expert_7|0|9|title|Probiotics|dietary supplement|influence|15|33|title|Parkinson's disease|DDF
33860090|expert_7|109|117|abstract|dysbiosis|DDF|affect|37|55|abstract|Parkinson's disease|DDF
33860090|expert_7|109|117|abstract|dysbiosis|DDF|affect|58|59|abstract|PD|DDF
33860090|expert_7|109|117|abstract|dysbiosis|DDF|affect|137|166|abstract|peripheral inflammatory states|DDF
33860090|expert_7|109|117|abstract|dysbiosis|DDF|affect|257|258|abstract|PD|DDF
33860090|expert_7|355|377|abstract|intestinal inflammation|DDF|affect|37|55|abstract|Parkinson's disease|DDF
33860090|expert_7|355|377|abstract|intestinal inflammation|DDF|affect|449|450|abstract|PD|DDF
33860090|expert_7|388|401|abstract|gut microbiome|microbiome|is linked to|37|55|abstract|Parkinson's disease|DDF
33860090|expert_7|388|401|abstract|gut microbiome|microbiome|is linked to|449|450|abstract|PD|DDF
33860090|expert_7|416|444|abstract|fecal short-chain fatty acids|chemical|influence|37|55|abstract|Parkinson's disease|DDF
33860090|expert_7|416|444|abstract|fecal short-chain fatty acids|chemical|influence|449|450|abstract|PD|DDF
33860090|expert_7|506|515|abstract|probiotics|dietary supplement|influence|15|33|title|Parkinson's disease|DDF
33860090|expert_7|506|515|abstract|probiotics|dietary supplement|influence|37|55|abstract|Parkinson's disease|DDF
33860090|expert_7|506|515|abstract|probiotics|dietary supplement|influence|355|377|abstract|intestinal inflammation|DDF
33860090|expert_7|506|515|abstract|probiotics|dietary supplement|impact|388|401|abstract|gut microbiome|microbiome
33860090|expert_7|506|515|abstract|probiotics|dietary supplement|influence|449|450|abstract|PD|DDF
33860090|expert_7|564|588|abstract|Probiotic supplementation|dietary supplement|influence|355|377|abstract|intestinal inflammation|DDF
33860090|expert_7|564|588|abstract|Probiotic supplementation|dietary supplement|impact|388|401|abstract|gut microbiome|microbiome
33860090|expert_7|564|588|abstract|Probiotic supplementation|dietary supplement|influence|855|866|abstract|inflammation|DDF
33860090|expert_7|1023|1032|abstract|probiotics|dietary supplement|influence|1046|1079|abstract|dopaminergic neuronal degeneration|DDF
33860090|expert_7|1167|1176|abstract|probiotics|dietary supplement|influence|1197|1208|abstract|constipation|DDF
33860090|expert_7|1197|1208|abstract|constipation|DDF|affect|37|55|abstract|Parkinson's disease|DDF
33860090|expert_7|1197|1208|abstract|constipation|DDF|affect|1213|1214|abstract|PD|DDF
33860090|expert_7|1241|1250|abstract|probiotics|dietary supplement|influence|1281|1296|abstract|motor disability|DDF
33860090|expert_7|1545|1554|abstract|probiotics|dietary supplement|influence|37|55|abstract|Parkinson's disease|DDF
33860090|expert_7|1545|1554|abstract|probiotics|dietary supplement|influence|1559|1560|abstract|PD|DDF
33240722|expert_4|519|532|abstract|gut microbiome|microbiome|is linked to|566|615|abstract|neurodevelopmental and neurodegenerative disorders|DDF
33240722|expert_4|641|654|abstract|gut microbiome|microbiome|is linked to|668|680|abstract|CNS disorders|DDF
38302874|expert_5|57|70|title|gut microbiota|microbiome|is linked to|0|36|title|Chronic intestinal pseudo-obstruction|DDF
38302874|expert_5|0|46|abstract|Pediatric chronic intestinal pseudo-obstruction|DDF|target|1019|1031|abstract|PIPO patients|human
38302874|expert_5|49|52|abstract|PIPO|DDF|target|1019|1031|abstract|PIPO patients|human
38302874|expert_5|90|157|abstract|symptoms and radiological signs suggestive of intestinal obstruction|DDF|affect|0|46|abstract|Pediatric chronic intestinal pseudo-obstruction|DDF
38302874|expert_5|90|157|abstract|symptoms and radiological signs suggestive of intestinal obstruction|DDF|affect|49|52|abstract|PIPO|DDF
38302874|expert_5|222|271|abstract|extremely severe impairment of propulsive motility|DDF|affect|0|46|abstract|Pediatric chronic intestinal pseudo-obstruction|DDF
38302874|expert_5|222|271|abstract|extremely severe impairment of propulsive motility|DDF|affect|49|52|abstract|PIPO|DDF
38302874|expert_5|463|498|abstract|neurotransmitter 5-hydroxytryptamine|chemical|impact|582|595|abstract|Gut microbiota|microbiome
38302874|expert_5|463|498|abstract|neurotransmitter 5-hydroxytryptamine|chemical|influence|764|767|abstract|PIPO|DDF
38302874|expert_5|501|504|abstract|5-HT|chemical|impact|582|595|abstract|Gut microbiota|microbiome
38302874|expert_5|501|504|abstract|5-HT|chemical|influence|764|767|abstract|PIPO|DDF
38302874|expert_5|511|519|abstract|serotonin|chemical|impact|582|595|abstract|Gut microbiota|microbiome
38302874|expert_5|511|519|abstract|serotonin|chemical|influence|764|767|abstract|PIPO|DDF
38302874|expert_5|737|740|abstract|5-HT|chemical|impact|746|759|abstract|gut microbiota|microbiome
38302874|expert_5|746|759|abstract|gut microbiota|microbiome|is linked to|764|767|abstract|PIPO|DDF
38302874|expert_5|764|767|abstract|PIPO|DDF|target|1019|1031|abstract|PIPO patients|human
38302874|expert_5|842|869|abstract|mucosa associated microbiota|microbiome|is linked to|927|930|abstract|PIPO|DDF
38302874|expert_5|842|869|abstract|mucosa associated microbiota|microbiome|used by|1081|1094|abstract|DNA extraction|biomedical technique
38302874|expert_5|842|869|abstract|mucosa associated microbiota|microbiome|used by|1121|1198|abstract|next generation sequencing (NGS) of the V3-V4 region of the bacterial RNA 16 S|biomedical technique
38302874|expert_5|872|874|abstract|MAM|microbiome|is linked to|927|930|abstract|PIPO|DDF
38302874|expert_5|927|930|abstract|PIPO|DDF|target|1019|1031|abstract|PIPO patients|human
38302874|expert_5|966|970|abstract|colon|anatomical location|located in|1019|1031|abstract|PIPO patients|human
38302874|expert_5|966|970|abstract|colon|anatomical location|located in|1040|1072|abstract|age-/sex-matched healthy controls|human
38302874|expert_5|973|977|abstract|ileum|anatomical location|located in|1019|1031|abstract|PIPO patients|human
38302874|expert_5|973|977|abstract|ileum|anatomical location|located in|1040|1072|abstract|age-/sex-matched healthy controls|human
38302874|expert_5|983|990|abstract|duodenum|anatomical location|located in|1019|1031|abstract|PIPO patients|human
38302874|expert_5|983|990|abstract|duodenum|anatomical location|located in|1040|1072|abstract|age-/sex-matched healthy controls|human
38302874|expert_5|1019|1031|abstract|PIPO patients|human|used by|1081|1094|abstract|DNA extraction|biomedical technique
38302874|expert_5|1019|1031|abstract|PIPO patients|human|used by|1121|1198|abstract|next generation sequencing (NGS) of the V3-V4 region of the bacterial RNA 16 S|biomedical technique
38302874|expert_5|1019|1031|abstract|PIPO patients|human|used by|1346|1349|abstract|qPCR|biomedical technique
38302874|expert_5|1040|1072|abstract|age-/sex-matched healthy controls|human|used by|1081|1094|abstract|DNA extraction|biomedical technique
38302874|expert_5|1040|1072|abstract|age-/sex-matched healthy controls|human|used by|1121|1198|abstract|next generation sequencing (NGS) of the V3-V4 region of the bacterial RNA 16 S|biomedical technique
38302874|expert_5|1040|1072|abstract|age-/sex-matched healthy controls|human|used by|1346|1349|abstract|qPCR|biomedical technique
38302874|expert_5|1101|1103|abstract|MAM|microbiome|used by|1081|1094|abstract|DNA extraction|biomedical technique
38302874|expert_5|1101|1103|abstract|MAM|microbiome|used by|1121|1198|abstract|next generation sequencing (NGS) of the V3-V4 region of the bacterial RNA 16 S|biomedical technique
38302874|expert_5|1374|1376|abstract|MAM|microbiome|is linked to|1405|1408|abstract|PIPO|DDF
38302874|expert_5|1374|1376|abstract|MAM|microbiome|located in|1457|1469|abstract|PIPO patients|human
38302874|expert_5|1405|1408|abstract|PIPO|DDF|target|1457|1469|abstract|PIPO patients|human
38302874|expert_5|1481|1483|abstract|MAM|microbiome|located in|1457|1469|abstract|PIPO patients|human
38302874|expert_5|1481|1483|abstract|MAM|microbiome|is linked to|1523|1531|abstract|dysbiosis|DDF
38302874|expert_5|1481|1483|abstract|MAM|microbiome|located in|1666|1673|abstract|controls|human
38302874|expert_5|1523|1531|abstract|dysbiosis|DDF|target|1457|1469|abstract|PIPO patients|human
38302874|expert_5|1771|1783|abstract|PIPO patients|human|used by|1676|1679|abstract|qPCR|biomedical technique
38302874|expert_5|1803|1810|abstract|controls|human|used by|1676|1679|abstract|qPCR|biomedical technique
38302874|expert_5|1921|1967|abstract|specific MAM associated to underlying pathology|microbiome|located in|1905|1917|abstract|PIPO patients|human
38302874|expert_5|1921|1967|abstract|specific MAM associated to underlying pathology|microbiome|is linked to|1976|2011|abstract|altered intestinal serotonin pathway|DDF
38302874|expert_5|1976|2011|abstract|altered intestinal serotonin pathway|DDF|target|1905|1917|abstract|PIPO patients|human
38302874|expert_5|2025|2119|abstract|dysfunction of the serotonin pathway, possibly related to or triggered by an altered microbiota|DDF|affect|2140|2150|abstract|dysmotility|DDF
38302874|expert_5|2025|2119|abstract|dysfunction of the serotonin pathway, possibly related to or triggered by an altered microbiota|DDF|target|2155|2167|abstract|PIPO patients|human
38302874|expert_5|2140|2150|abstract|dysmotility|DDF|target|2155|2167|abstract|PIPO patients|human
38229613|expert_4|58|76|title|Parkinson's Disease|DDF|target|44|51|title|Patients|human
38229613|expert_4|149|167|abstract|Parkinson's disease|DDF|change abundance|610|627|abstract|Clostridia UCG 014|bacteria
38229613|expert_4|149|167|abstract|Parkinson's disease|DDF|change abundance|630|647|abstract|Cristensenellaceae|bacteria
38229613|expert_4|149|167|abstract|Parkinson's disease|DDF|change abundance|654|669|abstract|Oscillospiraceae|bacteria
38229613|expert_4|149|167|abstract|Parkinson's disease|DDF|change abundance|700|714|abstract|Lachinospiracea|bacteria
38229613|expert_4|149|167|abstract|Parkinson's disease|DDF|change abundance|717|733|abstract|Coriobacteriaceae|bacteria
38229613|expert_4|149|167|abstract|Parkinson's disease|DDF|change abundance|800|815|abstract|Faecalibacterium|bacteria
38229613|expert_4|149|167|abstract|Parkinson's disease|DDF|change abundance|825|840|abstract|Fusicatenibacter|bacteria
38229613|expert_4|149|167|abstract|Parkinson's disease|DDF|change abundance|850|858|abstract|Roseburia|bacteria
38229613|expert_4|149|167|abstract|Parkinson's disease|DDF|change abundance|871|877|abstract|Blautia|bacteria
38229613|expert_4|237|244|abstract|PD cases|human|used by|313|358|abstract|Full-length bacterial 16S rRNA gene sequencing|biomedical technique
38229613|expert_4|250|265|abstract|healthy controls|human|used by|313|358|abstract|Full-length bacterial 16S rRNA gene sequencing|biomedical technique
38229613|expert_4|268|270|abstract|HCs|human|used by|313|358|abstract|Full-length bacterial 16S rRNA gene sequencing|biomedical technique
38229613|expert_4|297|310|abstract|gut microbiota|microbiome|used by|313|358|abstract|Full-length bacterial 16S rRNA gene sequencing|biomedical technique
38229613|expert_4|1097|1098|abstract|PD|DDF|change abundance|958|968|abstract|Akkermansia|bacteria
38229613|expert_4|1097|1098|abstract|PD|DDF|change abundance|978|986|abstract|Dialister|bacteria
38229613|expert_4|1097|1098|abstract|PD|DDF|change abundance|996|1006|abstract|Bacteroides|bacteria
38229613|expert_4|1097|1098|abstract|PD|DDF|change abundance|1020|1042|abstract|Lachnospiraceae NK4A136|bacteria
38229613|expert_4|1391|1392|abstract|PD|DDF|change abundance|1340|1357|abstract|Clostridia UCG 014|bacteria
26129950|expert_1|33|46|title|gut microbiota|microbiome|located in|106|109|title|rats|animal
26129950|expert_1|294|307|abstract|gut microbiota|microbiome|is linked to|331|342|abstract|liver injury|DDF
26129950|expert_1|423|433|abstract|antibiotics|drug|impact|460|473|abstract|gut microbiota|microbiome
26129950|expert_1|460|473|abstract|gut microbiota|microbiome|located in|483|486|abstract|rats|animal
26129950|expert_1|744|757|abstract|gut microbiota|microbiome|is linked to|770|793|abstract|cholesterol accumulation|DDF
26129950|expert_1|744|757|abstract|gut microbiota|microbiome|is linked to|799|810|abstract|liver injury|DDF
26129950|expert_1|770|793|abstract|cholesterol accumulation|DDF|target|815|818|abstract|rats|animal
26129950|expert_1|799|810|abstract|liver injury|DDF|target|815|818|abstract|rats|animal
26129950|expert_1|1158|1171|abstract|gut microbiota|microbiome|is linked to|1219|1236|abstract|metabolic diseases|DDF
26129950|expert_1|1158|1171|abstract|gut microbiota|microbiome|is linked to|1242|1255|abstract|liver injuries|DDF
26129950|expert_1|1322|1335|abstract|gut microbiota|microbiome|is linked to|1376|1414|abstract|cholesterol-related metabolic disorders|DDF
32155131|expert_2|0|8|abstract|Parkinson|DDF|is a|22|47|abstract|neurodegenerative disorder|DDF
32155131|expert_2|107|139|abstract|abnormalities in the gut function|DDF|affect|0|8|abstract|Parkinson|DDF
32155131|expert_2|956|961|abstract|SLAB51|dietary supplement|influence|1041|1042|abstract|PD|DDF
37468912|expert_2|0|47|title|Altered gut microbiota-host bile acid metabolism|DDF|target|52|65|title|IBS-D patients|human
37468912|expert_2|72|87|title|liver depression|DDF|target|52|65|title|IBS-D patients|human
37468912|expert_2|93|117|title|spleen deficiency pattern|DDF|target|52|65|title|IBS-D patients|human
37468912|expert_2|0|64|abstract|Dysregulation of gut microbiota-host bile acid (BA) co-metabolism|DDF|affect|101|145|abstract|diarrhea-predominant irritable bowel syndrome|DDF
37468912|expert_2|0|64|abstract|Dysregulation of gut microbiota-host bile acid (BA) co-metabolism|DDF|affect|148|152|abstract|IBS-D|DDF
37468912|expert_2|272|309|abstract|liver depression and spleen deficiency|DDF|affect|101|145|abstract|diarrhea-predominant irritable bowel syndrome|DDF
37468912|expert_2|272|309|abstract|liver depression and spleen deficiency|DDF|change abundance|1350|1375|abstract|7-dehydroxylating bacteria|bacteria
37468912|expert_2|312|315|abstract|LDSD|DDF|affect|148|152|abstract|IBS-D|DDF
37468912|expert_2|557|561|abstract|IBS-D|DDF|target|543|550|abstract|Patients|human
37468912|expert_2|865|868|abstract|LDSD|DDF|target|845|858|abstract|IBS-D patients|human
37468912|expert_2|865|868|abstract|LDSD|DDF|interact|987|1033|abstract|serum BA precursor 7α-hydroxy-4-cholesten-3-one|chemical
37468912|expert_2|865|868|abstract|LDSD|DDF|interact|1160|1175|abstract|deoxycholic acid|chemical
37468912|expert_2|865|868|abstract|LDSD|DDF|interact|1178|1180|abstract|DCA|chemical
37468912|expert_2|865|868|abstract|LDSD|DDF|interact|1184|1205|abstract|7-ketodeoxycholic acid|chemical
37468912|expert_2|865|868|abstract|LDSD|DDF|interact|1212|1227|abstract|lithocholic acid|chemical
37468912|expert_2|1350|1375|abstract|7-dehydroxylating bacteria|bacteria|part of|1295|1313|abstract|LDSD gut microbiota|microbiome
37468912|expert_2|1462|1475|abstract|abdominal pain|DDF|affect|272|309|abstract|liver depression and spleen deficiency|DDF
37468912|expert_2|1692|1695|abstract|LDSD|DDF|target|1674|1685|abstract|IBS patients|human
37468912|expert_2|1781|1794|abstract|gut microbiota|microbiome|is linked to|272|309|abstract|liver depression and spleen deficiency|DDF
37468912|expert_2|1822|1824|abstract|BAs|chemical|influence|272|309|abstract|liver depression and spleen deficiency|DDF
32987656|expert_6|62|80|title|Dietary Polyphenols|chemical|influence|17|35|title|Parkinson's Disease|DDF
32987656|expert_6|0|18|abstract|Parkinson's disease|DDF|affect|137|148|abstract|bradykinesia|DDF
32987656|expert_6|0|18|abstract|Parkinson's disease|DDF|affect|151|158|abstract|rigidity|DDF
32987656|expert_6|0|18|abstract|Parkinson's disease|DDF|affect|161|174|abstract|tremor at rest|DDF
32987656|expert_6|0|18|abstract|Parkinson's disease|DDF|affect|181|200|abstract|postural instability|DDF
32987656|expert_6|0|18|abstract|Parkinson's disease|DDF|affect|214|231|abstract|non-motor symptoms|DDF
32987656|expert_6|0|18|abstract|Parkinson's disease|DDF|affect|241|260|abstract|olfactory impairment|DDF
32987656|expert_6|0|18|abstract|Parkinson's disease|DDF|affect|263|266|abstract|pain|DDF
32987656|expert_6|0|18|abstract|Parkinson's disease|DDF|affect|269|289|abstract|autonomic dysfunction|DDF
32987656|expert_6|0|18|abstract|Parkinson's disease|DDF|affect|292|305|abstract|impaired sleep|DDF
32987656|expert_6|0|18|abstract|Parkinson's disease|DDF|affect|308|314|abstract|fatigue|DDF
32987656|expert_6|0|18|abstract|Parkinson's disease|DDF|affect|321|338|abstract|behavioral changes|DDF
32987656|expert_6|21|22|abstract|PD|DDF|affect|137|148|abstract|bradykinesia|DDF
32987656|expert_6|21|22|abstract|PD|DDF|affect|151|158|abstract|rigidity|DDF
32987656|expert_6|21|22|abstract|PD|DDF|affect|161|174|abstract|tremor at rest|DDF
32987656|expert_6|21|22|abstract|PD|DDF|affect|181|200|abstract|postural instability|DDF
32987656|expert_6|21|22|abstract|PD|DDF|affect|214|231|abstract|non-motor symptoms|DDF
32987656|expert_6|21|22|abstract|PD|DDF|affect|241|260|abstract|olfactory impairment|DDF
32987656|expert_6|21|22|abstract|PD|DDF|affect|263|266|abstract|pain|DDF
32987656|expert_6|21|22|abstract|PD|DDF|affect|269|289|abstract|autonomic dysfunction|DDF
32987656|expert_6|21|22|abstract|PD|DDF|affect|292|305|abstract|impaired sleep|DDF
32987656|expert_6|21|22|abstract|PD|DDF|affect|308|314|abstract|fatigue|DDF
32987656|expert_6|21|22|abstract|PD|DDF|affect|321|338|abstract|behavioral changes|DDF
32987656|expert_6|361|362|abstract|PD|DDF|affect|387|402|abstract|oxidative stress|DDF
32987656|expert_6|361|362|abstract|PD|DDF|affect|405|430|abstract|disruption to mitochondria|DDF
32987656|expert_6|361|362|abstract|PD|DDF|affect|433|470|abstract|alterations to the protein α-synuclein|DDF
32987656|expert_6|361|362|abstract|PD|DDF|affect|477|503|abstract|neuroinflammatory processes|DDF
32987656|expert_6|1023|1033|abstract|Polyphenols|chemical|produced by|1075|1088|abstract|gut microbiome|microbiome
32987656|expert_6|1023|1033|abstract|Polyphenols|chemical|influence|1110|1121|abstract|inflammation|DDF
36986165|expert_7|39|58|title|Inflammatory Process|DDF|affect|67|87|title|Neurological Diseases|DDF
36986165|expert_7|0|20|abstract|Neurological diseases|DDF|affect|56|65|abstract|disability|DDF
36986165|expert_7|375|396|abstract|inflammatory processes|DDF|affect|528|548|abstract|neurological diseases|DDF
36986165|expert_7|454|467|abstract|gut microbiome|microbiome|is linked to|528|548|abstract|neurological diseases|DDF
36986165|expert_7|793|804|abstract|inflammation|DDF|affect|860|890|abstract|central nervous system diseases|DDF
36986165|expert_7|948|953|abstract|fruits|food|influence|1260|1280|abstract|neurological diseases|DDF
36986165|expert_7|956|965|abstract|vegetables|food|influence|1260|1280|abstract|neurological diseases|DDF
36986165|expert_7|968|971|abstract|nuts|food|influence|1260|1280|abstract|neurological diseases|DDF
36986165|expert_7|974|978|abstract|herbs|food|influence|1260|1280|abstract|neurological diseases|DDF
36986165|expert_7|981|986|abstract|spices|food|influence|1260|1280|abstract|neurological diseases|DDF
36986165|expert_7|993|999|abstract|legumes|food|influence|1260|1280|abstract|neurological diseases|DDF
36986165|expert_7|1056|1074|abstract|omega-3 fatty acids|chemical|influence|1260|1280|abstract|neurological diseases|DDF
36986165|expert_7|1077|1087|abstract|polyphenols|chemical|influence|1260|1280|abstract|neurological diseases|DDF
36986165|expert_7|1090|1097|abstract|vitamins|chemical|influence|1260|1280|abstract|neurological diseases|DDF
36986165|expert_7|1100|1117|abstract|essential minerals|chemical|influence|1260|1280|abstract|neurological diseases|DDF
36986165|expert_7|1124|1133|abstract|probiotics|dietary supplement|influence|1260|1280|abstract|neurological diseases|DDF
33244049|expert_5|98|111|abstract|gut microbiota|microbiome|located in|224|226|abstract|gut|anatomical location
33244049|expert_5|98|111|abstract|gut microbiota|microbiome|located in|415|435|abstract|healthy Korean adults|human
33244049|expert_5|98|111|abstract|gut microbiota|microbiome|used by|508|547|abstract|high-throughput 16S rRNA gene sequencing|biomedical technique
33244049|expert_5|415|435|abstract|healthy Korean adults|human|used by|508|547|abstract|high-throughput 16S rRNA gene sequencing|biomedical technique
33244049|expert_5|1393|1406|abstract|gut microbiome|microbiome|located in|1340|1353|abstract|healthy adults|human
33651324|expert_4|213|215|abstract|HIV|DDF|target|193|199|abstract|persons|human
33651324|expert_4|978|998|abstract|aerotolerant bacteria|bacteria|located in|1028|1031|abstract|PLWH|human
33825149|expert_7|0|24|title|Gut Microbial Metabolites|chemical|influence|29|47|title|Parkinson's Disease|DDF
33825149|expert_7|66|90|title|Mitochondrial Dysfunction|DDF|affect|29|47|title|Parkinson's Disease|DDF
33825149|expert_7|147|171|abstract|Mitochondrial dysfunction|DDF|affect|29|47|title|Parkinson's Disease|DDF
33825149|expert_7|147|171|abstract|Mitochondrial dysfunction|DDF|affect|39|57|abstract|Parkinson's disease|DDF
33825149|expert_7|147|171|abstract|Mitochondrial dysfunction|DDF|affect|60|61|abstract|PD|DDF
33825149|expert_7|378|391|abstract|gut microbiota|microbiome|is linked to|39|57|abstract|Parkinson's disease|DDF
33825149|expert_7|378|391|abstract|gut microbiota|microbiome|is linked to|429|430|abstract|PD|DDF
33825149|expert_7|433|455|abstract|Gut microbial dysbiosis|DDF|affect|516|540|abstract|mitochondrial dysfunction|DDF
33825149|expert_7|563|587|abstract|gut microbial metabolites|chemical|influence|39|57|abstract|Parkinson's disease|DDF
33825149|expert_7|563|587|abstract|gut microbial metabolites|chemical|influence|673|674|abstract|PD|DDF
33825149|expert_7|739|761|abstract|gut microbial dysbiosis|DDF|affect|39|57|abstract|Parkinson's disease|DDF
33825149|expert_7|739|761|abstract|gut microbial dysbiosis|DDF|affect|766|767|abstract|PD|DDF
33825149|expert_7|787|807|abstract|microbial metabolites|chemical|influence|766|767|abstract|PD|DDF
33825149|expert_7|961|981|abstract|microbial metabolites|chemical|influence|986|1010|abstract|mitochondrial dysfunction|DDF
33825149|expert_7|1051|1064|abstract|gut microbiota|microbiome|is linked to|39|57|abstract|Parkinson's disease|DDF
33825149|expert_7|1051|1064|abstract|gut microbiota|microbiome|is linked to|1094|1095|abstract|PD|DDF
36881806|expert_2|203|216|abstract|gut microbiota|microbiome|is linked to|231|251|abstract|psychiatric disorders|DDF
36881806|expert_2|533|546|abstract|gut microbiota|microbiome|is linked to|503|523|abstract|psychiatric disorders|DDF
33899052|expert_5|4|17|abstract|gut microbiome|microbiome|is linked to|47|65|abstract|Parkinson's disease|DDF
33899052|expert_5|4|17|abstract|gut microbiome|microbiome|is linked to|68|69|abstract|PD|DDF
33899052|expert_5|4|17|abstract|gut microbiome|microbiome|is linked to|77|88|abstract|constipation|DDF
33899052|expert_5|47|65|abstract|Parkinson's disease|DDF|target|477|507|abstract|men and women over 40 years old|human
33899052|expert_5|456|469|abstract|gut microbiome|microbiome|located in|477|507|abstract|men and women over 40 years old|human
33899052|expert_5|477|507|abstract|men and women over 40 years old|human|used by|189|236|abstract|osteopathic manipulative medicine (OMM) sequence|biomedical technique
33899052|expert_5|477|507|abstract|men and women over 40 years old|human|used by|1764|1775|abstract|OMM-sequence|biomedical technique
33899052|expert_5|514|533|abstract|chronic constipation|DDF|target|477|507|abstract|men and women over 40 years old|human
33899052|expert_5|539|540|abstract|PD|DDF|target|477|507|abstract|men and women over 40 years old|human
33899052|expert_5|675|686|abstract|constipation|DDF|target|661|668|abstract|subjects|human
33899052|expert_5|1315|1331|abstract|phylum Firmicutes|bacteria|part of|1660|1673|abstract|gut microbiome|microbiome
33899052|expert_5|1442|1461|abstract|phyla Actinobacteria|bacteria|part of|1660|1673|abstract|gut microbiome|microbiome
33899052|expert_5|1489|1503|abstract|Verrucomicrobia|bacteria|part of|1660|1673|abstract|gut microbiome|microbiome
33899052|expert_5|1541|1555|abstract|genus Roseburia|bacteria|part of|1660|1673|abstract|gut microbiome|microbiome
33899052|expert_5|1580|1593|abstract|Intestinimonas|bacteria|part of|1660|1673|abstract|gut microbiome|microbiome
33899052|expert_5|1621|1633|abstract|Anaerotruncus|bacteria|part of|1660|1673|abstract|gut microbiome|microbiome
33899052|expert_5|1660|1673|abstract|gut microbiome|microbiome|located in|1689|1699|abstract|individuals|human
33899052|expert_5|1689|1699|abstract|individuals|human|used by|1764|1775|abstract|OMM-sequence|biomedical technique
33899052|expert_5|1706|1717|abstract|constipation|DDF|target|1689|1699|abstract|individuals|human
33899052|expert_5|1723|1724|abstract|PD|DDF|target|1689|1699|abstract|individuals|human
33899052|expert_5|1922|1935|abstract|gut microbiome|microbiome|is linked to|1968|1969|abstract|PD|DDF
33899052|expert_5|2034|2035|abstract|PD|DDF|target|2020|2027|abstract|patients|human
33899052|expert_5|2041|2052|abstract|constipation|DDF|target|2020|2027|abstract|patients|human
32772900|expert_5|0|11|title|Gut microbes|microbiome|is linked to|16|57|title|neurocognitive and mental health disorders|DDF
32772900|expert_5|0|11|title|Gut microbes|microbiome|located in|3|13|abstract|individuals|human
32772900|expert_5|38|79|abstract|neurocognitive and mental health disorders|DDF|target|3|13|abstract|individuals|human
32772900|expert_5|307|320|abstract|Gut Microbiome|microbiome|located in|3|13|abstract|individuals|human
32772900|expert_5|307|320|abstract|Gut Microbiome|microbiome|is linked to|331|349|abstract|microbial dysbiosis|DDF
32772900|expert_5|307|320|abstract|Gut Microbiome|microbiome|is linked to|392|433|abstract|mental health and neurocognitive disorders|DDF
32772900|expert_5|307|320|abstract|Gut Microbiome|microbiome|is linked to|444|453|abstract|depression|DDF
32772900|expert_5|307|320|abstract|Gut Microbiome|microbiome|is linked to|456|462|abstract|anxiety|DDF
32772900|expert_5|307|320|abstract|Gut Microbiome|microbiome|is linked to|465|493|abstract|obsessive-compulsive disorder|DDF
32772900|expert_5|307|320|abstract|Gut Microbiome|microbiome|is linked to|496|498|abstract|OCD|DDF
32772900|expert_5|307|320|abstract|Gut Microbiome|microbiome|is linked to|502|531|abstract|post-traumatic stress disorder|DDF
32772900|expert_5|307|320|abstract|Gut Microbiome|microbiome|is linked to|534|537|abstract|PTSD|DDF
32772900|expert_5|307|320|abstract|Gut Microbiome|microbiome|is linked to|541|553|abstract|schizophrenia|DDF
32772900|expert_5|307|320|abstract|Gut Microbiome|microbiome|is linked to|556|571|abstract|bipolar disorder|DDF
32772900|expert_5|307|320|abstract|Gut Microbiome|microbiome|is linked to|574|575|abstract|BP|DDF
32772900|expert_5|307|320|abstract|Gut Microbiome|microbiome|is linked to|583|590|abstract|dementia|DDF
32772900|expert_5|307|320|abstract|Gut Microbiome|microbiome|is linked to|607|656|abstract|behavioural and psychological symptoms of dementia|DDF
32772900|expert_5|307|320|abstract|Gut Microbiome|microbiome|is linked to|659|662|abstract|BPSD|DDF
32772900|expert_5|323|324|abstract|GM|microbiome|located in|3|13|abstract|individuals|human
32772900|expert_5|323|324|abstract|GM|microbiome|is linked to|331|349|abstract|microbial dysbiosis|DDF
32772900|expert_5|323|324|abstract|GM|microbiome|is linked to|392|433|abstract|mental health and neurocognitive disorders|DDF
32772900|expert_5|323|324|abstract|GM|microbiome|is linked to|444|453|abstract|depression|DDF
32772900|expert_5|323|324|abstract|GM|microbiome|is linked to|456|462|abstract|anxiety|DDF
32772900|expert_5|323|324|abstract|GM|microbiome|is linked to|465|493|abstract|obsessive-compulsive disorder|DDF
32772900|expert_5|323|324|abstract|GM|microbiome|is linked to|496|498|abstract|OCD|DDF
32772900|expert_5|323|324|abstract|GM|microbiome|is linked to|502|531|abstract|post-traumatic stress disorder|DDF
32772900|expert_5|323|324|abstract|GM|microbiome|is linked to|534|537|abstract|PTSD|DDF
32772900|expert_5|323|324|abstract|GM|microbiome|is linked to|541|553|abstract|schizophrenia|DDF
32772900|expert_5|323|324|abstract|GM|microbiome|is linked to|556|571|abstract|bipolar disorder|DDF
32772900|expert_5|323|324|abstract|GM|microbiome|is linked to|574|575|abstract|BP|DDF
32772900|expert_5|323|324|abstract|GM|microbiome|is linked to|583|590|abstract|dementia|DDF
32772900|expert_5|323|324|abstract|GM|microbiome|is linked to|607|656|abstract|behavioural and psychological symptoms of dementia|DDF
32772900|expert_5|323|324|abstract|GM|microbiome|is linked to|659|662|abstract|BPSD|DDF
32772900|expert_5|331|349|abstract|microbial dysbiosis|DDF|affect|392|433|abstract|mental health and neurocognitive disorders|DDF
32772900|expert_5|331|349|abstract|microbial dysbiosis|DDF|affect|444|453|abstract|depression|DDF
32772900|expert_5|331|349|abstract|microbial dysbiosis|DDF|affect|465|493|abstract|obsessive-compulsive disorder|DDF
32772900|expert_5|331|349|abstract|microbial dysbiosis|DDF|affect|496|498|abstract|OCD|DDF
32772900|expert_5|331|349|abstract|microbial dysbiosis|DDF|affect|502|531|abstract|post-traumatic stress disorder|DDF
32772900|expert_5|331|349|abstract|microbial dysbiosis|DDF|affect|534|537|abstract|PTSD|DDF
32772900|expert_5|331|349|abstract|microbial dysbiosis|DDF|affect|541|553|abstract|schizophrenia|DDF
32772900|expert_5|331|349|abstract|microbial dysbiosis|DDF|affect|556|571|abstract|bipolar disorder|DDF
32772900|expert_5|331|349|abstract|microbial dysbiosis|DDF|affect|574|575|abstract|BP|DDF
32772900|expert_5|331|349|abstract|microbial dysbiosis|DDF|affect|583|590|abstract|dementia|DDF
32772900|expert_5|331|349|abstract|microbial dysbiosis|DDF|affect|607|656|abstract|behavioural and psychological symptoms of dementia|DDF
32772900|expert_5|331|349|abstract|microbial dysbiosis|DDF|affect|659|662|abstract|BPSD|DDF
32772900|expert_5|444|453|abstract|depression|DDF|is a|392|433|abstract|mental health and neurocognitive disorders|DDF
32772900|expert_5|456|462|abstract|anxiety|DDF|is a|392|433|abstract|mental health and neurocognitive disorders|DDF
32772900|expert_5|465|493|abstract|obsessive-compulsive disorder|DDF|is a|392|433|abstract|mental health and neurocognitive disorders|DDF
32772900|expert_5|496|498|abstract|OCD|DDF|is a|392|433|abstract|mental health and neurocognitive disorders|DDF
32772900|expert_5|502|531|abstract|post-traumatic stress disorder|DDF|is a|392|433|abstract|mental health and neurocognitive disorders|DDF
32772900|expert_5|534|537|abstract|PTSD|DDF|is a|392|433|abstract|mental health and neurocognitive disorders|DDF
32772900|expert_5|541|553|abstract|schizophrenia|DDF|is a|392|433|abstract|mental health and neurocognitive disorders|DDF
32772900|expert_5|556|571|abstract|bipolar disorder|DDF|is a|392|433|abstract|mental health and neurocognitive disorders|DDF
32772900|expert_5|574|575|abstract|BP|DDF|is a|392|433|abstract|mental health and neurocognitive disorders|DDF
32772900|expert_5|583|590|abstract|dementia|DDF|is a|392|433|abstract|mental health and neurocognitive disorders|DDF
32772900|expert_5|759|772|abstract|gut microbiota|microbiome|is linked to|777|818|abstract|neurocognitive and mental health disorders|DDF
32772900|expert_5|1027|1039|abstract|psychotropics|drug|impact|903|916|abstract|gut microbiota|microbiome
32772900|expert_5|1027|1039|abstract|psychotropics|drug|change effect|944|985|abstract|neurocognitive and mental health disorders|DDF
32772900|expert_5|1027|1039|abstract|psychotropics|drug|impact|1108|1109|abstract|GM|microbiome
32772900|expert_5|1168|1177|abstract|probiotics|dietary supplement|influence|944|985|abstract|neurocognitive and mental health disorders|DDF
32772900|expert_5|1547|1570|abstract|psychotropic medications|drug|impact|1108|1109|abstract|GM|microbiome
32772900|expert_5|1547|1570|abstract|psychotropic medications|drug|impact|1601|1614|abstract|gut microbiota|microbiome
32772900|expert_5|1601|1614|abstract|gut microbiota|microbiome|is linked to|1480|1492|abstract|Gut dysbiosis|DDF
27900676|expert_1|152|181|abstract|Chronic low-grade inflammation|DDF|affect|215|227|abstract|schizophrenia|DDF
27900676|expert_1|510|518|abstract|cytokines|chemical|influence|215|227|abstract|schizophrenia|DDF
27900676|expert_1|721|734|abstract|gut microbiota|microbiome|located in|570|591|abstract|schizophrenia patients|human
27900676|expert_1|890|902|abstract|schizophrenia|DDF|target|1179|1186|abstract|patients|human
26190966|expert_4|0|6|abstract|Obesity|DDF|affect|48|61|abstract|mood disorders|DDF
26190966|expert_4|0|6|abstract|Obesity|DDF|affect|67|88|abstract|cognitive dysfunctions|DDF
26190966|expert_4|0|6|abstract|Obesity|DDF|affect|180|202|abstract|cardiovascular diseases|DDF
26190966|expert_4|0|6|abstract|Obesity|DDF|affect|208|222|abstract|type 2 diabetes|DDF
26190966|expert_4|663|669|abstract|obesity|DDF|affect|691|723|abstract|peripheral low-grade inflammation|DDF
26190966|expert_4|973|979|abstract|obesity|DDF|affect|1012|1028|abstract|neuroinflammation|DDF
26190966|expert_4|1041|1051|abstract|dysfunction|DDF|strike|1056|1079|abstract|vulnerable brain regions|anatomical location
35722294|expert_7|59|77|title|Parkinson's Disease|DDF|change abundance|85|91|title|Blautia|bacteria
35722294|expert_7|19|32|abstract|gut microbiome|microbiome|is linked to|38|56|abstract|Parkinson's disease|DDF
35722294|expert_7|19|32|abstract|gut microbiome|microbiome|is linked to|59|60|abstract|PD|DDF
35722294|expert_7|38|56|abstract|Parkinson's disease|DDF|target|812|822|abstract|PD patients|human
35722294|expert_7|38|56|abstract|Parkinson's disease|DDF|target|1304|1314|abstract|PD patients|human
35722294|expert_7|38|56|abstract|Parkinson's disease|DDF|target|1575|1585|abstract|PD patients|human
35722294|expert_7|59|60|abstract|PD|DDF|change abundance|85|91|title|Blautia|bacteria
35722294|expert_7|59|60|abstract|PD|DDF|target|812|822|abstract|PD patients|human
35722294|expert_7|59|60|abstract|PD|DDF|target|1304|1314|abstract|PD patients|human
35722294|expert_7|59|60|abstract|PD|DDF|target|1575|1585|abstract|PD patients|human
35722294|expert_7|715|721|abstract|Blautia|bacteria|located in|812|822|abstract|PD patients|human
35722294|expert_7|1230|1236|abstract|Blautia|bacteria|located in|1304|1314|abstract|PD patients|human
35722294|expert_7|1566|1570|abstract|brain|anatomical location|located in|1575|1585|abstract|PD patients|human
38260914|expert_4|858|864|abstract|rosacea|DDF|target|844|851|abstract|patients|human
38260914|expert_4|1033|1039|abstract|rosacea|DDF|target|1019|1026|abstract|patients|human
34032650|expert_7|0|12|title|Psychobiotics|bacteria|interact|34|48|title|Antidepressants|drug
34032650|expert_7|525|538|abstract|gut microbiota|microbiome|is linked to|505|514|abstract|depression|DDF
34032650|expert_7|607|622|abstract|major depression|DDF|target|593|600|abstract|patients|human
34032650|expert_7|845|857|abstract|psychobiotics|bacteria|located in|932|950|abstract|healthy populations|human
34032650|expert_7|845|857|abstract|psychobiotics|bacteria|located in|959|966|abstract|patients|human
34032650|expert_7|973|982|abstract|depression|DDF|target|959|966|abstract|patients|human
34032650|expert_7|996|1008|abstract|psychobiotics|bacteria|influence|1042|1051|abstract|depression|DDF
34032650|expert_7|1201|1210|abstract|depression|DDF|target|1187|1194|abstract|patients|human
34032650|expert_7|1317|1322|abstract|grains|food|administered|1187|1194|abstract|patients|human
34032650|expert_7|1324|1329|abstract|fibres|food|administered|1187|1194|abstract|patients|human
34032650|expert_7|1332|1346|abstract|fermented foods|food|administered|1187|1194|abstract|patients|human
34032650|expert_7|1353|1356|abstract|fish|food|administered|1187|1194|abstract|patients|human
34277527|expert_7|506|519|abstract|gut microbiota|microbiome|located in|123|127|title|Brain|anatomical location
34277527|expert_7|692|715|abstract|nutritional deficiencies|DDF|affect|241|268|abstract|neurodevelopmental disorders|DDF
34277527|expert_7|692|715|abstract|nutritional deficiencies|DDF|affect|271|274|abstract|NDDs|DDF
34277527|expert_7|692|715|abstract|nutritional deficiencies|DDF|affect|768|771|abstract|NDDs|DDF
34277527|expert_7|721|746|abstract|gut microbiota alterations|DDF|affect|241|268|abstract|neurodevelopmental disorders|DDF
34277527|expert_7|721|746|abstract|gut microbiota alterations|DDF|affect|271|274|abstract|NDDs|DDF
34277527|expert_7|721|746|abstract|gut microbiota alterations|DDF|affect|768|771|abstract|NDDs|DDF
36216056|expert_4|39|56|abstract|particulate matter|chemical|influence|93|105|abstract|schizophrenia|DDF
36216056|expert_4|39|56|abstract|particulate matter|chemical|influence|108|110|abstract|SCZ|DDF
36216056|expert_4|59|60|abstract|PM|chemical|influence|93|105|abstract|schizophrenia|DDF
36216056|expert_4|59|60|abstract|PM|chemical|influence|108|110|abstract|SCZ|DDF
36216056|expert_4|1237|1238|abstract|PM|chemical|impact|1299|1313|abstract|Verrucomicrobia|bacteria
36216056|expert_4|1237|1238|abstract|PM|chemical|impact|1337|1349|abstract|Fibrobacteres|bacteria
36216056|expert_4|1543|1557|abstract|Verrucomicrobia|bacteria|interact|1603|1609|abstract|estriol|chemical
36216056|expert_4|1677|1689|abstract|Fibrobacteres|bacteria|interact|1760|1773|abstract|phosphocholine|chemical
36216056|expert_4|1695|1713|abstract|Deinococcus-Thermus|bacteria|interact|1760|1773|abstract|phosphocholine|chemical
36216056|expert_4|1760|1773|abstract|phosphocholine|chemical|influence|1851|1857|abstract|anxiety|DDF
37834373|expert_4|876|894|abstract|microbial community|microbiome|is linked to|936|954|abstract|Parkinson's disease|DDF
37834373|expert_4|876|894|abstract|microbial community|microbiome|is linked to|960|978|abstract|Alzheimer's disease|DDF
34002020|expert_4|1709|1745|abstract|endocannabinoid palmitoylethanolamide|chemical|influence|1604|1624|abstract|anhedonia/amotivation|DDF
34002020|expert_4|1748|1750|abstract|PEA|chemical|influence|1604|1624|abstract|anhedonia/amotivation|DDF
31704402|expert_4|74|87|title|gut microbiome|microbiome|located in|128|131|title|mice|animal
31704402|expert_4|1187|1206|abstract|Kineothrix alysoides|bacteria|located in|1272|1303|abstract|high biodiversity treatment mice|animal
31704402|expert_4|1187|1206|abstract|Kineothrix alysoides|bacteria|influence|1388|1409|abstract|anxiety-like behaviour|DDF
31704402|expert_4|1388|1409|abstract|anxiety-like behaviour|DDF|target|1423|1434|abstract|anxious mice|animal
35327401|expert_7|37|50|title|Gut Microbiota|microbiome|is linked to|69|94|title|Neurodegenerative Diseases|DDF
35327401|expert_7|224|247|abstract|mammalian gut microbiome|microbiome|located in|124|130|abstract|mammals|animal
35327401|expert_7|942|955|abstract|gut microbiota|microbiome|is linked to|69|94|title|Neurodegenerative Diseases|DDF
35327401|expert_7|942|955|abstract|gut microbiota|microbiome|located in|254|262|abstract|fruit fly|animal
35327401|expert_7|942|955|abstract|gut microbiota|microbiome|located in|268|290|abstract|Drosophila melanogaster|animal
35327401|expert_7|942|955|abstract|gut microbiota|microbiome|located in|459|468|abstract|Drosophila|animal
35327401|expert_7|942|955|abstract|gut microbiota|microbiome|located in|963|972|abstract|Drosophila|animal
35327401|expert_7|942|955|abstract|gut microbiota|microbiome|is linked to|1026|1051|abstract|neurodegenerative diseases|DDF
34520319|expert_3|56|69|abstract|gut microbiota|microbiome|is linked to|91|109|abstract|Alzheimer's disease|DDF
34520319|expert_3|56|69|abstract|gut microbiota|microbiome|is linked to|112|113|abstract|AD|DDF
34520319|expert_3|56|69|abstract|gut microbiota|microbiome|is linked to|142|166|abstract|mild cognitive impairment|DDF
34520319|expert_3|56|69|abstract|gut microbiota|microbiome|is linked to|169|171|abstract|MCI|DDF
34520319|expert_3|72|73|abstract|GM|microbiome|is linked to|91|109|abstract|Alzheimer's disease|DDF
34520319|expert_3|72|73|abstract|GM|microbiome|is linked to|112|113|abstract|AD|DDF
34520319|expert_3|72|73|abstract|GM|microbiome|is linked to|142|166|abstract|mild cognitive impairment|DDF
34520319|expert_3|72|73|abstract|GM|microbiome|is linked to|169|171|abstract|MCI|DDF
34520319|expert_3|184|220|abstract|impaired sleep and circadian patterns|DDF|affect|245|246|abstract|AD|DDF
34520319|expert_3|255|291|abstract|sleep and circadian rhythm disruption|DDF|interact|327|335|abstract|β-amyloid|chemical
34520319|expert_3|255|291|abstract|sleep and circadian rhythm disruption|DDF|interact|338|339|abstract|Aβ|chemical
34520319|expert_3|294|297|abstract|SCRD|DDF|interact|327|335|abstract|β-amyloid|chemical
34520319|expert_3|294|297|abstract|SCRD|DDF|interact|338|339|abstract|Aβ|chemical
34520319|expert_3|1092|1093|abstract|GM|microbiome|is linked to|1083|1086|abstract|SCRD|DDF
